order_id,order_date,region,store_name,sales_channel,category,product_name,quantity,unit_price,discount_rate,revenue,cogs,gross_profit,return_flag,delivery_status
NEX-100000,2025-07-21,Lagos,Lekki Mall Outlet,In-Store Retail,Consumer Electronics,Galaxy S24 Ultra 512GB,1,1250000,0.15,1062500.0,950000,112500.0,0,Delivered On-Time
NEX-100001,2025-05-04,Lagos,Victoria Island Flagship,Web Direct,Consumer Electronics,Dell XPS 15 Laptop,1,1650000,0.05,1567500.0,1320000,247500.0,0,Delivered On-Time
NEX-100002,2025-07-15,Lagos,Ikeja Mega-Store,Corporate B2B,Consumer Electronics,Sony WH-1000XM5 Headphones,1,285000,0.0,285000.0,195000,90000.0,0,Delivered On-Time
NEX-100003,2025-05-12,Lagos,Lekki Mall Outlet,Corporate B2B,Computing & Peripherals,Ergonomic Office Chair Pro,2,185000,0.1,333000.0,260000,73000.0,0,Returned
NEX-100004,2025-06-18,Lagos,Lekki Mall Outlet,Corporate B2B,Computing & Peripherals,Ergonomic Office Chair Pro,1,185000,0.1,166500.0,130000,36500.0,0,Delivered On-Time
NEX-100005,2025-06-07,Ibadan,Ring Road Complex,Corporate B2B,Home Appliances,Smart Inverter Washing Machine 8kg,1,345000,0.1,310500.0,270000,40500.0,0,Delivered On-Time
NEX-100006,2025-07-25,Lagos,Ikeja Mega-Store,Web Direct,Consumer Electronics,Dell XPS 15 Laptop,2,1650000,0.0,3300000.0,2640000,660000.0,0,Returned
NEX-100007,2025-07-21,Abuja,Central Business District Store,Web Direct,Consumer Electronics,iPhone 15 Pro Max 256GB,2,1450000,0.1,2610000.0,2300000,310000.0,0,Delivered On-Time
NEX-100008,2025-07-12,Kano,Bompai Trade Centre,In-Store Retail,Home Appliances,Digital Microwave Oven 25L,3,115000,0.05,327750.0,255000,72750.0,0,Delivered On-Time
NEX-100009,2025-07-11,Abuja,Wuse 2 Retail,Web Direct,Computing & Peripherals,Logitech MX Master 3S Mouse,1,75000,0.2,60000.0,52000,8000.0,0,Delivered On-Time
NEX-100010,2025-05-07,Kano,Nasarawa Road Branch,Web Direct,Computing & Peripherals,Logitech MX Master 3S Mouse,1,75000,0.0,75000.0,52000,23000.0,0,Delivered On-Time
NEX-100011,2025-06-02,Ibadan,Ring Road Complex,Web Direct,Consumer Electronics,Dell XPS 15 Laptop,2,1650000,0.1,2970000.0,2640000,330000.0,0,Delivered On-Time
NEX-100012,2025-05-21,Abuja,Wuse 2 Retail,Corporate B2B,Home Appliances,Chest Freezer 200L,2,245000,0.05,465500.0,390000,75500.0,0,Delayed Transit
NEX-100013,2025-07-21,Abuja,Central Business District Store,In-Store Retail,Consumer Electronics,Dell XPS 15 Laptop,4,1650000,0.15,5610000.0,5280000,330000.0,0,Delivered On-Time
NEX-100014,2025-07-02,Lagos,Lekki Mall Outlet,Corporate B2B,Home Appliances,Double Door Refrigerator 320L,1,520000,0.37,328743.5,410000,-81256.5,0,Delivered On-Time
NEX-100015,2025-07-02,Port Harcourt,GRA Phase 2 Store,In-Store Retail,Home Appliances,Chest Freezer 200L,1,245000,0.05,232750.0,195000,37750.0,0,Returned
NEX-100016,2025-07-09,Port Harcourt,GRA Phase 2 Store,Web Direct,Home Appliances,Smart Inverter Washing Machine 8kg,1,345000,0.05,327750.0,270000,57750.0,0,Delivered On-Time
NEX-100017,2025-06-13,Lagos,Victoria Island Flagship,Web Direct,Consumer Electronics,Galaxy S24 Ultra 512GB,2,1250000,0.0,2500000.0,1900000,600000.0,0,Delivered On-Time
NEX-100018,2025-06-12,Lagos,Victoria Island Flagship,In-Store Retail,Home Appliances,Double Door Refrigerator 320L,1,520000,0.1,468000.0,410000,58000.0,0,Delivered On-Time
NEX-100019,2025-06-01,Port Harcourt,Trans-Amadi Commercial,In-Store Retail,Consumer Electronics,Sony WH-1000XM5 Headphones,1,285000,0.0,285000.0,195000,90000.0,0,Delivered On-Time
NEX-100020,2025-07-23,Ibadan,Ring Road Complex,In-Store Retail,Computing & Peripherals,Ergonomic Office Chair Pro,2,185000,0.0,370000.0,260000,110000.0,0,Delivered On-Time
NEX-100021,2025-05-18,Lagos,Lekki Mall Outlet,In-Store Retail,Consumer Electronics,Sony WH-1000XM5 Headphones,2,285000,0.15,484500.0,390000,94500.0,0,Delayed Transit
NEX-100022,2025-07-09,Port Harcourt,GRA Phase 2 Store,Mobile App,Consumer Electronics,iPhone 15 Pro Max 256GB,1,1450000,0.05,1377500.0,1150000,227500.0,0,Fulfilled In-Store
NEX-100023,2025-05-22,Lagos,Surulere Hub,In-Store Retail,Home Appliances,Smart Inverter Washing Machine 8kg,1,345000,0.2,276000.0,270000,6000.0,0,Delivered On-Time
NEX-100024,2025-07-31,Abuja,Central Business District Store,In-Store Retail,Consumer Electronics,Dell XPS 15 Laptop,2,1650000,0.0,3300000.0,2640000,660000.0,0,Delivered On-Time
NEX-100025,2025-07-01,Abuja,Wuse 2 Retail,In-Store Retail,Computing & Peripherals,27-inch 4K Gaming Monitor,2,310000,0.0,620000.0,470000,150000.0,0,Fulfilled In-Store
NEX-100026,2025-06-21,Lagos,Victoria Island Flagship,Web Direct,Consumer Electronics,Dell XPS 15 Laptop,1,1650000,0.05,1567500.0,1320000,247500.0,0,Delivered On-Time
NEX-100027,2025-06-03,Lagos,Lekki Mall Outlet,In-Store Retail,Home Appliances,Double Door Refrigerator 320L,1,520000,0.0,520000.0,410000,110000.0,0,Fulfilled In-Store
NEX-100028,2025-05-10,Lagos,Ikeja Mega-Store,In-Store Retail,Consumer Electronics,Dell XPS 15 Laptop,1,1650000,0.15,1402500.0,1320000,82500.0,0,Fulfilled In-Store
NEX-100029,2025-06-17,Lagos,Surulere Hub,Corporate B2B,Computing & Peripherals,Ergonomic Office Chair Pro,1,185000,0.2,148000.0,130000,18000.0,0,Delivered On-Time
NEX-100030,2025-07-10,Lagos,Ikeja Mega-Store,Mobile App,Consumer Electronics,MacBook Pro 14 M3,1,1850000,0.0,1850000.0,1480000,370000.0,0,Delivered On-Time
NEX-100031,2025-07-17,Lagos,Lekki Mall Outlet,In-Store Retail,Computing & Peripherals,Ergonomic Office Chair Pro,1,185000,0.0,185000.0,130000,55000.0,0,Delivered On-Time
NEX-100032,2025-07-21,Lagos,Lekki Mall Outlet,In-Store Retail,Home Appliances,Double Door Refrigerator 320L,1,520000,0.31,360778.33,410000,-49221.67,0,Delivered On-Time
NEX-100033,2025-06-24,Abuja,Central Business District Store,In-Store Retail,Computing & Peripherals,Wireless Mechanical Keyboard,1,65000,0.1,58500.0,42000,16500.0,0,Delivered On-Time
NEX-100034,2025-05-17,Lagos,Lekki Mall Outlet,Corporate B2B,Consumer Electronics,MacBook Pro 14 M3,1,1850000,0.0,1850000.0,1480000,370000.0,0,Fulfilled In-Store
NEX-100035,2025-06-22,Ibadan,Ring Road Complex,Mobile App,Consumer Electronics,iPhone 15 Pro Max 256GB,4,1450000,0.1,5220000.0,4600000,620000.0,0,Delivered On-Time
NEX-100036,2025-06-12,Port Harcourt,Trans-Amadi Commercial,Corporate B2B,Computing & Peripherals,Wireless Mechanical Keyboard,1,65000,0.1,58500.0,42000,16500.0,0,Fulfilled In-Store
NEX-100037,2025-06-30,Lagos,Surulere Hub,In-Store Retail,Consumer Electronics,iPhone 15 Pro Max 256GB,1,1450000,0.0,1450000.0,1150000,300000.0,0,Fulfilled In-Store
NEX-100038,2025-06-05,Lagos,Surulere Hub,Web Direct,Computing & Peripherals,Ergonomic Office Chair Pro,3,185000,0.0,555000.0,390000,165000.0,0,Delivered On-Time
NEX-100039,2025-06-03,Lagos,Surulere Hub,In-Store Retail,Home Appliances,Digital Microwave Oven 25L,1,115000,0.05,109250.0,85000,24250.0,0,Delivered On-Time
NEX-100040,2025-06-02,Lagos,Surulere Hub,In-Store Retail,Computing & Peripherals,Wireless Mechanical Keyboard,1,65000,0.0,65000.0,42000,23000.0,0,Delivered On-Time
NEX-100041,2025-06-10,Abuja,Central Business District Store,Web Direct,Home Appliances,Chest Freezer 200L,1,245000,0.0,245000.0,195000,50000.0,0,Delivered On-Time
NEX-100042,2025-05-17,Lagos,Surulere Hub,Web Direct,Consumer Electronics,Dell XPS 15 Laptop,1,1650000,0.0,1650000.0,1320000,330000.0,0,Delivered On-Time
NEX-100043,2025-05-27,Lagos,Lekki Mall Outlet,In-Store Retail,Home Appliances,Double Door Refrigerator 320L,1,520000,0.1,468000.0,410000,58000.0,0,Delayed Transit
NEX-100044,2025-07-24,Lagos,Lekki Mall Outlet,In-Store Retail,Consumer Electronics,MacBook Pro 14 M3,1,1850000,0.0,1850000.0,1480000,370000.0,1,Returned
NEX-100045,2025-06-30,Abuja,Central Business District Store,In-Store Retail,Computing & Peripherals,1TB NVMe Portable SSD,1,95000,0.05,90250.0,68000,22250.0,0,Delivered On-Time
NEX-100046,2025-07-23,Abuja,Central Business District Store,Corporate B2B,Consumer Electronics,iPhone 15 Pro Max 256GB,2,1450000,0.05,2755000.0,2300000,455000.0,0,Delivered On-Time
NEX-100047,2025-05-16,Abuja,Maitama Galleria,Web Direct,Computing & Peripherals,1TB NVMe Portable SSD,1,95000,0.1,85500.0,68000,17500.0,0,Fulfilled In-Store
NEX-100048,2025-07-04,Lagos,Surulere Hub,Corporate B2B,Computing & Peripherals,Logitech MX Master 3S Mouse,1,75000,0.1,67500.0,52000,15500.0,0,Delivered On-Time
NEX-100049,2025-07-06,Abuja,Central Business District Store,In-Store Retail,Consumer Electronics,MacBook Pro 14 M3,1,1850000,0.0,1850000.0,1480000,370000.0,0,Delivered On-Time
NEX-100050,2025-05-20,Lagos,Victoria Island Flagship,Web Direct,Consumer Electronics,Sony WH-1000XM5 Headphones,1,285000,0.05,270750.0,195000,75750.0,0,Delivered On-Time
NEX-100051,2025-06-23,Lagos,Ikeja Mega-Store,Corporate B2B,Computing & Peripherals,Logitech MX Master 3S Mouse,1,75000,0.15,63750.0,52000,11750.0,0,Delivered On-Time
NEX-100052,2025-06-23,Abuja,Wuse 2 Retail,Web Direct,Computing & Peripherals,Wireless Mechanical Keyboard,1,65000,0.0,65000.0,42000,23000.0,0,Delivered On-Time
NEX-100053,2025-07-25,Abuja,Maitama Galleria,Web Direct,Home Appliances,Double Door Refrigerator 320L,5,520000,0.05,2470000.0,2050000,420000.0,0,Delivered On-Time
NEX-100054,2025-07-24,Lagos,Surulere Hub,In-Store Retail,Home Appliances,Double Door Refrigerator 320L,1,520000,0.32,354686.6,410000,-55313.4,0,Delivered On-Time
NEX-100055,2025-06-18,Lagos,Surulere Hub,In-Store Retail,Consumer Electronics,Sony WH-1000XM5 Headphones,1,285000,0.05,270750.0,195000,75750.0,0,Delivered On-Time
NEX-100056,2025-07-23,Lagos,Ikeja Mega-Store,Corporate B2B,Consumer Electronics,iPhone 15 Pro Max 256GB,2,1450000,0.05,2755000.0,2300000,455000.0,0,Delivered On-Time
NEX-100057,2025-05-15,Abuja,Central Business District Store,In-Store Retail,Home Appliances,Smart Inverter Washing Machine 8kg,1,345000,0.05,327750.0,270000,57750.0,0,Delivered On-Time
NEX-100058,2025-05-21,Ibadan,Ring Road Complex,Web Direct,Home Appliances,Chest Freezer 200L,1,245000,0.2,196000.0,195000,1000.0,0,Delayed Transit
NEX-100059,2025-05-10,Abuja,Wuse 2 Retail,In-Store Retail,Computing & Peripherals,Ergonomic Office Chair Pro,2,185000,0.05,351500.0,260000,91500.0,0,Returned
NEX-100060,2025-05-06,Lagos,Surulere Hub,Web Direct,Consumer Electronics,Dell XPS 15 Laptop,1,1650000,0.0,1650000.0,1320000,330000.0,0,Delivered On-Time
NEX-100061,2025-06-25,Ibadan,Bodija Outlet,Web Direct,Home Appliances,Double Door Refrigerator 320L,2,520000,0.2,832000.0,820000,12000.0,0,Fulfilled In-Store
NEX-100062,2025-07-08,Port Harcourt,Trans-Amadi Commercial,In-Store Retail,Computing & Peripherals,1TB NVMe Portable SSD,1,95000,0.15,80750.0,68000,12750.0,0,Delivered On-Time
NEX-100063,2025-06-27,Lagos,Surulere Hub,Web Direct,Computing & Peripherals,Logitech MX Master 3S Mouse,1,75000,0.05,71250.0,52000,19250.0,0,Delivered On-Time
NEX-100064,2025-06-15,Port Harcourt,Trans-Amadi Commercial,In-Store Retail,Computing & Peripherals,Ergonomic Office Chair Pro,1,185000,0.05,175750.0,130000,45750.0,0,Delivered On-Time
NEX-100065,2025-06-22,Abuja,Central Business District Store,Web Direct,Computing & Peripherals,Logitech MX Master 3S Mouse,1,75000,0.0,75000.0,52000,23000.0,0,Delivered On-Time
NEX-100066,2025-06-01,Lagos,Lekki Mall Outlet,In-Store Retail,Computing & Peripherals,Ergonomic Office Chair Pro,1,185000,0.1,166500.0,130000,36500.0,0,Delayed Transit
NEX-100067,2025-06-04,Lagos,Victoria Island Flagship,In-Store Retail,Consumer Electronics,MacBook Pro 14 M3,1,1850000,0.05,1757500.0,1480000,277500.0,0,Delivered On-Time
NEX-100068,2025-05-28,Port Harcourt,Trans-Amadi Commercial,Web Direct,Computing & Peripherals,1TB NVMe Portable SSD,1,95000,0.0,95000.0,68000,27000.0,0,Delivered On-Time
NEX-100069,2025-05-23,Lagos,Victoria Island Flagship,In-Store Retail,Consumer Electronics,Dell XPS 15 Laptop,1,1650000,0.15,1402500.0,1320000,82500.0,0,Fulfilled In-Store
NEX-100070,2025-05-14,Kano,Bompai Trade Centre,In-Store Retail,Home Appliances,Smart Inverter Washing Machine 8kg,1,345000,0.0,345000.0,270000,75000.0,0,Delivered On-Time
NEX-100071,2025-05-09,Lagos,Ikeja Mega-Store,Web Direct,Computing & Peripherals,27-inch 4K Gaming Monitor,1,310000,0.1,279000.0,235000,44000.0,0,Delivered On-Time
NEX-100072,2025-06-01,Lagos,Surulere Hub,Web Direct,Computing & Peripherals,Wireless Mechanical Keyboard,2,65000,0.0,130000.0,84000,46000.0,0,Delivered On-Time
NEX-100073,2025-07-15,Ibadan,Bodija Outlet,Web Direct,Consumer Electronics,Dell XPS 15 Laptop,4,1650000,0.0,6600000.0,5280000,1320000.0,0,Delayed Transit
NEX-100074,2025-06-03,Abuja,Central Business District Store,In-Store Retail,Computing & Peripherals,27-inch 4K Gaming Monitor,1,310000,0.0,310000.0,235000,75000.0,0,Delivered On-Time
NEX-100075,2025-05-05,Lagos,Lekki Mall Outlet,Web Direct,Home Appliances,Inverter Split AC 1.5HP (AC-902),1,385000,0.15,327250.0,310000,17250.0,0,Delayed Transit
NEX-100076,2025-07-24,Port Harcourt,GRA Phase 2 Store,In-Store Retail,Computing & Peripherals,Wireless Mechanical Keyboard,1,65000,0.15,55250.0,42000,13250.0,0,Delivered On-Time
NEX-100077,2025-05-22,Port Harcourt,Trans-Amadi Commercial,In-Store Retail,Home Appliances,Smart Inverter Washing Machine 8kg,1,345000,0.15,293250.0,270000,23250.0,0,Delivered On-Time
NEX-100078,2025-05-11,Abuja,Maitama Galleria,Web Direct,Computing & Peripherals,Ergonomic Office Chair Pro,1,185000,0.0,185000.0,130000,55000.0,0,Fulfilled In-Store
NEX-100079,2025-07-15,Ibadan,Bodija Outlet,Web Direct,Consumer Electronics,Sony WH-1000XM5 Headphones,1,285000,0.0,285000.0,195000,90000.0,0,Returned
NEX-100080,2025-06-25,Abuja,Maitama Galleria,Mobile App,Home Appliances,Smart Inverter Washing Machine 8kg,1,345000,0.0,345000.0,270000,75000.0,0,Delivered On-Time
NEX-100081,2025-06-22,Abuja,Maitama Galleria,Web Direct,Home Appliances,Chest Freezer 200L,1,245000,0.0,245000.0,195000,50000.0,0,Delivered On-Time
NEX-100082,2025-06-21,Kano,Nasarawa Road Branch,Web Direct,Computing & Peripherals,Logitech MX Master 3S Mouse,1,75000,0.0,75000.0,52000,23000.0,0,Fulfilled In-Store
NEX-100083,2025-07-20,Lagos,Ikeja Mega-Store,In-Store Retail,Computing & Peripherals,Wireless Mechanical Keyboard,3,65000,0.0,195000.0,126000,69000.0,0,Delivered On-Time
NEX-100084,2025-07-20,Abuja,Central Business District Store,Web Direct,Home Appliances,Chest Freezer 200L,1,245000,0.0,245000.0,195000,50000.0,0,Fulfilled In-Store
NEX-100085,2025-05-15,Abuja,Central Business District Store,Web Direct,Consumer Electronics,Sony WH-1000XM5 Headphones,3,285000,0.0,855000.0,585000,270000.0,0,Delivered On-Time
NEX-100086,2025-07-01,Ibadan,Ring Road Complex,In-Store Retail,Consumer Electronics,Sony WH-1000XM5 Headphones,1,285000,0.05,270750.0,195000,75750.0,0,Delivered On-Time
NEX-100087,2025-05-09,Lagos,Surulere Hub,In-Store Retail,Computing & Peripherals,Ergonomic Office Chair Pro,2,185000,0.0,370000.0,260000,110000.0,0,Delivered On-Time
NEX-100088,2025-07-24,Abuja,Central Business District Store,In-Store Retail,Home Appliances,Smart Inverter Washing Machine 8kg,1,345000,0.1,310500.0,270000,40500.0,0,Fulfilled In-Store
NEX-100089,2025-05-25,Ibadan,Ring Road Complex,Web Direct,Consumer Electronics,Sony WH-1000XM5 Headphones,1,285000,0.1,256500.0,195000,61500.0,0,Fulfilled In-Store
NEX-100090,2025-06-19,Ibadan,Ring Road Complex,In-Store Retail,Consumer Electronics,iPhone 15 Pro Max 256GB,1,1450000,0.05,1377500.0,1150000,227500.0,0,Fulfilled In-Store
NEX-100091,2025-06-26,Lagos,Surulere Hub,In-Store Retail,Consumer Electronics,Sony WH-1000XM5 Headphones,2,285000,0.2,456000.0,390000,66000.0,0,Fulfilled In-Store
NEX-100092,2025-06-03,Lagos,Surulere Hub,Web Direct,Home Appliances,Chest Freezer 200L,1,245000,0.0,245000.0,195000,50000.0,0,Fulfilled In-Store
NEX-100093,2025-07-09,Lagos,Ikeja Mega-Store,In-Store Retail,Computing & Peripherals,Ergonomic Office Chair Pro,5,185000,0.1,832500.0,650000,182500.0,0,Delivered On-Time
NEX-100094,2025-07-21,Port Harcourt,GRA Phase 2 Store,In-Store Retail,Computing & Peripherals,Ergonomic Office Chair Pro,3,185000,0.0,555000.0,390000,165000.0,0,Delivered On-Time
NEX-100095,2025-06-17,Lagos,Victoria Island Flagship,Web Direct,Computing & Peripherals,Wireless Mechanical Keyboard,1,65000,0.0,65000.0,42000,23000.0,0,Delayed Transit
NEX-100096,2025-05-31,Abuja,Wuse 2 Retail,In-Store Retail,Home Appliances,Smart Inverter Washing Machine 8kg,1,345000,0.05,327750.0,270000,57750.0,0,Delivered On-Time
NEX-100097,2025-06-06,Abuja,Central Business District Store,In-Store Retail,Home Appliances,Chest Freezer 200L,1,245000,0.2,196000.0,195000,1000.0,0,Delivered On-Time
NEX-100098,2025-06-08,Lagos,Surulere Hub,Corporate B2B,Consumer Electronics,iPhone 15 Pro Max 256GB,1,1450000,0.0,1450000.0,1150000,300000.0,0,Delayed Transit
NEX-100099,2025-05-03,Ibadan,Bodija Outlet,In-Store Retail,Computing & Peripherals,27-inch 4K Gaming Monitor,3,310000,0.1,837000.0,705000,132000.0,0,Fulfilled In-Store
NEX-100100,2025-05-30,Abuja,Maitama Galleria,In-Store Retail,Consumer Electronics,Dell XPS 15 Laptop,1,1650000,0.1,1485000.0,1320000,165000.0,0,Delayed Transit
NEX-100101,2025-05-18,Abuja,Wuse 2 Retail,Web Direct,Home Appliances,Digital Microwave Oven 25L,1,115000,0.0,115000.0,85000,30000.0,0,Fulfilled In-Store
NEX-100102,2025-06-11,Port Harcourt,GRA Phase 2 Store,In-Store Retail,Computing & Peripherals,Ergonomic Office Chair Pro,1,185000,0.15,157250.0,130000,27250.0,0,Delivered On-Time
NEX-100103,2025-07-01,Ibadan,Bodija Outlet,Web Direct,Home Appliances,Inverter Split AC 1.5HP (AC-902),1,385000,0.0,385000.0,310000,75000.0,0,Delivered On-Time
NEX-100104,2025-07-26,Port Harcourt,Trans-Amadi Commercial,Mobile App,Computing & Peripherals,Ergonomic Office Chair Pro,1,185000,0.0,185000.0,130000,55000.0,0,Delivered On-Time
NEX-100105,2025-06-17,Abuja,Wuse 2 Retail,In-Store Retail,Home Appliances,Smart Inverter Washing Machine 8kg,1,345000,0.0,345000.0,270000,75000.0,1,Returned
NEX-100106,2025-07-11,Lagos,Victoria Island Flagship,Web Direct,Computing & Peripherals,Logitech MX Master 3S Mouse,3,75000,0.0,225000.0,156000,69000.0,0,Delivered On-Time
NEX-100107,2025-05-05,Lagos,Surulere Hub,In-Store Retail,Consumer Electronics,Dell XPS 15 Laptop,1,1650000,0.05,1567500.0,1320000,247500.0,0,Delayed Transit
NEX-100108,2025-07-09,Lagos,Victoria Island Flagship,Corporate B2B,Computing & Peripherals,27-inch 4K Gaming Monitor,2,310000,0.05,589000.0,470000,119000.0,0,Delivered On-Time
NEX-100109,2025-07-28,Lagos,Surulere Hub,In-Store Retail,Consumer Electronics,MacBook Pro 14 M3,1,1850000,0.05,1757500.0,1480000,277500.0,0,Returned
NEX-100110,2025-06-15,Lagos,Lekki Mall Outlet,In-Store Retail,Consumer Electronics,Sony WH-1000XM5 Headphones,1,285000,0.0,285000.0,195000,90000.0,0,Returned
NEX-100111,2025-05-07,Port Harcourt,GRA Phase 2 Store,Mobile App,Computing & Peripherals,Wireless Mechanical Keyboard,1,65000,0.1,58500.0,42000,16500.0,0,Delivered On-Time
NEX-100112,2025-05-30,Lagos,Victoria Island Flagship,Corporate B2B,Computing & Peripherals,27-inch 4K Gaming Monitor,1,310000,0.2,248000.0,235000,13000.0,0,Delivered On-Time
NEX-100113,2025-05-23,Lagos,Ikeja Mega-Store,In-Store Retail,Home Appliances,Double Door Refrigerator 320L,1,520000,0.0,520000.0,410000,110000.0,0,Delivered On-Time
NEX-100114,2025-06-23,Abuja,Wuse 2 Retail,In-Store Retail,Home Appliances,Smart Inverter Washing Machine 8kg,1,345000,0.0,345000.0,270000,75000.0,0,Fulfilled In-Store
NEX-100115,2025-05-06,Port Harcourt,Trans-Amadi Commercial,In-Store Retail,Consumer Electronics,Galaxy S24 Ultra 512GB,5,1250000,0.1,5625000.0,4750000,875000.0,0,Delivered On-Time
NEX-100116,2025-07-31,Kano,Nasarawa Road Branch,Corporate B2B,Home Appliances,Chest Freezer 200L,1,245000,0.0,245000.0,195000,50000.0,0,Delivered On-Time
NEX-100117,2025-07-31,Lagos,Lekki Mall Outlet,In-Store Retail,Computing & Peripherals,Logitech MX Master 3S Mouse,1,75000,0.1,67500.0,52000,15500.0,0,Delayed Transit
NEX-100118,2025-07-10,Port Harcourt,GRA Phase 2 Store,In-Store Retail,Consumer Electronics,Sony WH-1000XM5 Headphones,1,285000,0.05,270750.0,195000,75750.0,0,Delivered On-Time
NEX-100119,2025-06-24,Lagos,Lekki Mall Outlet,In-Store Retail,Consumer Electronics,Sony WH-1000XM5 Headphones,1,285000,0.1,256500.0,195000,61500.0,0,Delivered On-Time
NEX-100120,2025-06-17,Port Harcourt,GRA Phase 2 Store,Web Direct,Computing & Peripherals,1TB NVMe Portable SSD,1,95000,0.0,95000.0,68000,27000.0,0,Delayed Transit
NEX-100121,2025-06-24,Kano,Nasarawa Road Branch,Mobile App,Computing & Peripherals,Ergonomic Office Chair Pro,1,185000,0.05,175750.0,130000,45750.0,0,Delayed Transit
NEX-100122,2025-05-29,Port Harcourt,Trans-Amadi Commercial,Corporate B2B,Home Appliances,Inverter Split AC 1.5HP (AC-902),2,385000,0.05,731500.0,620000,111500.0,0,Fulfilled In-Store
NEX-100123,2025-07-19,Abuja,Wuse 2 Retail,Web Direct,Computing & Peripherals,Ergonomic Office Chair Pro,1,185000,0.0,185000.0,130000,55000.0,0,Fulfilled In-Store
NEX-100124,2025-06-14,Lagos,Victoria Island Flagship,Web Direct,Home Appliances,Inverter Split AC 1.5HP (AC-902),1,385000,0.05,365750.0,310000,55750.0,1,Returned
NEX-100125,2025-05-28,Lagos,Surulere Hub,In-Store Retail,Home Appliances,Smart Inverter Washing Machine 8kg,2,345000,0.1,621000.0,540000,81000.0,0,Delivered On-Time
NEX-100126,2025-05-07,Lagos,Ikeja Mega-Store,Web Direct,Home Appliances,Digital Microwave Oven 25L,1,115000,0.05,109250.0,85000,24250.0,0,Delivered On-Time
NEX-100127,2025-07-05,Lagos,Surulere Hub,In-Store Retail,Computing & Peripherals,1TB NVMe Portable SSD,1,95000,0.05,90250.0,68000,22250.0,0,Delivered On-Time
NEX-100128,2025-07-16,Lagos,Victoria Island Flagship,In-Store Retail,Consumer Electronics,iPhone 15 Pro Max 256GB,2,1450000,0.0,2900000.0,2300000,600000.0,0,Delivered On-Time
NEX-100129,2025-06-25,Lagos,Surulere Hub,Web Direct,Consumer Electronics,Dell XPS 15 Laptop,1,1650000,0.05,1567500.0,1320000,247500.0,0,Delivered On-Time
NEX-100130,2025-05-06,Lagos,Surulere Hub,Mobile App,Home Appliances,Chest Freezer 200L,1,245000,0.0,245000.0,195000,50000.0,0,Delivered On-Time
NEX-100131,2025-06-21,Lagos,Lekki Mall Outlet,In-Store Retail,Computing & Peripherals,Logitech MX Master 3S Mouse,2,75000,0.15,127500.0,104000,23500.0,0,Fulfilled In-Store
NEX-100132,2025-06-01,Lagos,Surulere Hub,Web Direct,Home Appliances,Smart Inverter Washing Machine 8kg,2,345000,0.0,690000.0,540000,150000.0,0,Delivered On-Time
NEX-100133,2025-07-21,Lagos,Victoria Island Flagship,Mobile App,Home Appliances,Smart Inverter Washing Machine 8kg,2,345000,0.36,440292.54,540000,-99707.46,0,Delivered On-Time
NEX-100134,2025-05-19,Lagos,Victoria Island Flagship,Web Direct,Computing & Peripherals,27-inch 4K Gaming Monitor,1,310000,0.1,279000.0,235000,44000.0,0,Fulfilled In-Store
NEX-100135,2025-07-14,Lagos,Lekki Mall Outlet,Corporate B2B,Computing & Peripherals,Ergonomic Office Chair Pro,1,185000,0.0,185000.0,130000,55000.0,0,Delivered On-Time
NEX-100136,2025-06-05,Abuja,Maitama Galleria,Web Direct,Home Appliances,Digital Microwave Oven 25L,1,115000,0.0,115000.0,85000,30000.0,0,Delivered On-Time
NEX-100137,2025-05-12,Abuja,Wuse 2 Retail,In-Store Retail,Computing & Peripherals,1TB NVMe Portable SSD,4,95000,0.1,342000.0,272000,70000.0,0,Fulfilled In-Store
NEX-100138,2025-07-13,Abuja,Maitama Galleria,Web Direct,Computing & Peripherals,Wireless Mechanical Keyboard,4,65000,0.05,247000.0,168000,79000.0,0,Fulfilled In-Store
NEX-100139,2025-07-31,Lagos,Victoria Island Flagship,In-Store Retail,Computing & Peripherals,Logitech MX Master 3S Mouse,5,75000,0.05,356250.0,260000,96250.0,0,Delivered On-Time
NEX-100140,2025-06-06,Lagos,Lekki Mall Outlet,Web Direct,Consumer Electronics,MacBook Pro 14 M3,1,1850000,0.0,1850000.0,1480000,370000.0,0,Delivered On-Time
NEX-100141,2025-07-24,Ibadan,Ring Road Complex,In-Store Retail,Computing & Peripherals,Wireless Mechanical Keyboard,3,65000,0.0,195000.0,126000,69000.0,0,Delayed Transit
NEX-100142,2025-05-17,Abuja,Central Business District Store,In-Store Retail,Home Appliances,Smart Inverter Washing Machine 8kg,2,345000,0.05,655500.0,540000,115500.0,0,Delayed Transit
NEX-100143,2025-07-27,Kano,Nasarawa Road Branch,Web Direct,Home Appliances,Chest Freezer 200L,1,245000,0.0,245000.0,195000,50000.0,0,Delivered On-Time
NEX-100144,2025-07-02,Lagos,Victoria Island Flagship,In-Store Retail,Home Appliances,Inverter Split AC 1.5HP (AC-902),1,385000,0.33,256418.83,310000,-53581.17,0,Delivered On-Time
NEX-100145,2025-07-24,Lagos,Victoria Island Flagship,Web Direct,Consumer Electronics,iPhone 15 Pro Max 256GB,1,1450000,0.05,1377500.0,1150000,227500.0,0,Fulfilled In-Store
NEX-100146,2025-06-26,Lagos,Lekki Mall Outlet,Web Direct,Consumer Electronics,Sony WH-1000XM5 Headphones,1,285000,0.1,256500.0,195000,61500.0,0,Delivered On-Time
NEX-100147,2025-05-31,Lagos,Surulere Hub,Mobile App,Consumer Electronics,MacBook Pro 14 M3,1,1850000,0.05,1757500.0,1480000,277500.0,0,Fulfilled In-Store
NEX-100148,2025-06-18,Abuja,Maitama Galleria,Mobile App,Consumer Electronics,Dell XPS 15 Laptop,1,1650000,0.0,1650000.0,1320000,330000.0,0,Fulfilled In-Store
NEX-100149,2025-07-10,Ibadan,Ring Road Complex,In-Store Retail,Consumer Electronics,MacBook Pro 14 M3,1,1850000,0.05,1757500.0,1480000,277500.0,0,Delivered On-Time
NEX-100150,2025-05-29,Port Harcourt,Trans-Amadi Commercial,Mobile App,Home Appliances,Inverter Split AC 1.5HP (AC-902),1,385000,0.0,385000.0,310000,75000.0,0,Delivered On-Time
NEX-100151,2025-05-29,Lagos,Ikeja Mega-Store,Corporate B2B,Computing & Peripherals,Ergonomic Office Chair Pro,2,185000,0.0,370000.0,260000,110000.0,0,Fulfilled In-Store
NEX-100152,2025-07-29,Port Harcourt,Trans-Amadi Commercial,In-Store Retail,Consumer Electronics,Galaxy S24 Ultra 512GB,1,1250000,0.0,1250000.0,950000,300000.0,0,Fulfilled In-Store
NEX-100153,2025-07-17,Abuja,Central Business District Store,Corporate B2B,Consumer Electronics,MacBook Pro 14 M3,1,1850000,0.0,1850000.0,1480000,370000.0,0,Delayed Transit
NEX-100154,2025-05-09,Lagos,Surulere Hub,Web Direct,Consumer Electronics,Dell XPS 15 Laptop,1,1650000,0.1,1485000.0,1320000,165000.0,0,Delivered On-Time
NEX-100155,2025-06-15,Lagos,Surulere Hub,In-Store Retail,Computing & Peripherals,27-inch 4K Gaming Monitor,1,310000,0.0,310000.0,235000,75000.0,0,Delivered On-Time
NEX-100156,2025-07-04,Abuja,Maitama Galleria,Corporate B2B,Consumer Electronics,Sony WH-1000XM5 Headphones,5,285000,0.0,1425000.0,975000,450000.0,1,Returned
NEX-100157,2025-06-14,Lagos,Ikeja Mega-Store,Corporate B2B,Computing & Peripherals,Ergonomic Office Chair Pro,1,185000,0.0,185000.0,130000,55000.0,0,Delayed Transit
NEX-100158,2025-07-27,Abuja,Wuse 2 Retail,In-Store Retail,Consumer Electronics,iPhone 15 Pro Max 256GB,1,1450000,0.1,1305000.0,1150000,155000.0,0,Delivered On-Time
NEX-100159,2025-05-06,Port Harcourt,GRA Phase 2 Store,In-Store Retail,Home Appliances,Chest Freezer 200L,1,245000,0.1,220500.0,195000,25500.0,0,Delivered On-Time
NEX-100160,2025-07-22,Lagos,Lekki Mall Outlet,Corporate B2B,Consumer Electronics,MacBook Pro 14 M3,1,1850000,0.1,1665000.0,1480000,185000.0,0,Delivered On-Time
NEX-100161,2025-06-26,Kano,Bompai Trade Centre,In-Store Retail,Consumer Electronics,Sony WH-1000XM5 Headphones,1,285000,0.0,285000.0,195000,90000.0,0,Delivered On-Time
NEX-100162,2025-05-11,Port Harcourt,GRA Phase 2 Store,In-Store Retail,Consumer Electronics,Dell XPS 15 Laptop,1,1650000,0.0,1650000.0,1320000,330000.0,0,Delivered On-Time
NEX-100163,2025-06-27,Abuja,Maitama Galleria,In-Store Retail,Home Appliances,Smart Inverter Washing Machine 8kg,1,345000,0.1,310500.0,270000,40500.0,0,Delayed Transit
NEX-100164,2025-06-25,Lagos,Ikeja Mega-Store,In-Store Retail,Computing & Peripherals,Logitech MX Master 3S Mouse,1,75000,0.1,67500.0,52000,15500.0,0,Returned
NEX-100165,2025-05-19,Port Harcourt,Trans-Amadi Commercial,In-Store Retail,Consumer Electronics,iPhone 15 Pro Max 256GB,2,1450000,0.0,2900000.0,2300000,600000.0,0,Delivered On-Time
NEX-100166,2025-07-17,Lagos,Surulere Hub,Mobile App,Home Appliances,Digital Microwave Oven 25L,2,115000,0.34,152399.8,170000,-17600.2,0,Delivered On-Time
NEX-100167,2025-07-23,Lagos,Ikeja Mega-Store,In-Store Retail,Consumer Electronics,Sony WH-1000XM5 Headphones,1,285000,0.15,242250.0,195000,47250.0,0,Fulfilled In-Store
NEX-100168,2025-07-30,Lagos,Lekki Mall Outlet,Web Direct,Home Appliances,Double Door Refrigerator 320L,1,520000,0.37,330053.03,410000,-79946.97,0,Fulfilled In-Store
NEX-100169,2025-06-26,Ibadan,Bodija Outlet,Web Direct,Computing & Peripherals,27-inch 4K Gaming Monitor,1,310000,0.0,310000.0,235000,75000.0,0,Delivered On-Time
NEX-100170,2025-07-30,Kano,Nasarawa Road Branch,Corporate B2B,Computing & Peripherals,Wireless Mechanical Keyboard,1,65000,0.0,65000.0,42000,23000.0,0,Fulfilled In-Store
NEX-100171,2025-05-04,Lagos,Lekki Mall Outlet,In-Store Retail,Computing & Peripherals,Wireless Mechanical Keyboard,1,65000,0.0,65000.0,42000,23000.0,0,Returned
NEX-100172,2025-07-01,Abuja,Maitama Galleria,Corporate B2B,Consumer Electronics,iPhone 15 Pro Max 256GB,4,1450000,0.05,5510000.0,4600000,910000.0,0,Delayed Transit
NEX-100173,2025-06-14,Lagos,Victoria Island Flagship,Corporate B2B,Consumer Electronics,Sony WH-1000XM5 Headphones,1,285000,0.15,242250.0,195000,47250.0,0,Delivered On-Time
NEX-100174,2025-06-08,Lagos,Lekki Mall Outlet,Mobile App,Consumer Electronics,MacBook Pro 14 M3,3,1850000,0.05,5272500.0,4440000,832500.0,0,Delivered On-Time
NEX-100175,2025-05-26,Abuja,Wuse 2 Retail,In-Store Retail,Computing & Peripherals,Ergonomic Office Chair Pro,1,185000,0.0,185000.0,130000,55000.0,0,Delivered On-Time
NEX-100176,2025-07-14,Lagos,Lekki Mall Outlet,Corporate B2B,Computing & Peripherals,27-inch 4K Gaming Monitor,2,310000,0.0,620000.0,470000,150000.0,0,Delayed Transit
NEX-100177,2025-07-13,Lagos,Victoria Island Flagship,Corporate B2B,Home Appliances,Chest Freezer 200L,1,245000,0.33,164198.07,195000,-30801.93,0,Delivered On-Time
NEX-100178,2025-06-08,Abuja,Wuse 2 Retail,In-Store Retail,Home Appliances,Inverter Split AC 1.5HP (AC-902),1,385000,0.0,385000.0,310000,75000.0,0,Delivered On-Time
NEX-100179,2025-06-13,Abuja,Maitama Galleria,Corporate B2B,Home Appliances,Smart Inverter Washing Machine 8kg,4,345000,0.0,1380000.0,1080000,300000.0,0,Delivered On-Time
NEX-100180,2025-06-10,Lagos,Ikeja Mega-Store,In-Store Retail,Consumer Electronics,iPhone 15 Pro Max 256GB,1,1450000,0.0,1450000.0,1150000,300000.0,0,Delayed Transit
NEX-100181,2025-06-01,Ibadan,Ring Road Complex,Corporate B2B,Computing & Peripherals,Ergonomic Office Chair Pro,1,185000,0.0,185000.0,130000,55000.0,0,Delivered On-Time
NEX-100182,2025-06-09,Abuja,Central Business District Store,Mobile App,Computing & Peripherals,Logitech MX Master 3S Mouse,4,75000,0.0,300000.0,208000,92000.0,0,Delivered On-Time
NEX-100183,2025-07-03,Abuja,Wuse 2 Retail,Web Direct,Home Appliances,Chest Freezer 200L,1,245000,0.0,245000.0,195000,50000.0,0,Delivered On-Time
NEX-100184,2025-06-16,Port Harcourt,Trans-Amadi Commercial,In-Store Retail,Consumer Electronics,Dell XPS 15 Laptop,1,1650000,0.0,1650000.0,1320000,330000.0,0,Delivered On-Time
NEX-100185,2025-06-27,Port Harcourt,Trans-Amadi Commercial,Corporate B2B,Computing & Peripherals,1TB NVMe Portable SSD,1,95000,0.2,76000.0,68000,8000.0,0,Fulfilled In-Store
NEX-100186,2025-06-13,Abuja,Maitama Galleria,Corporate B2B,Consumer Electronics,Dell XPS 15 Laptop,1,1650000,0.05,1567500.0,1320000,247500.0,0,Delivered On-Time
NEX-100187,2025-06-12,Port Harcourt,Trans-Amadi Commercial,In-Store Retail,Computing & Peripherals,Wireless Mechanical Keyboard,1,65000,0.05,61750.0,42000,19750.0,0,Returned
NEX-100188,2025-06-08,Abuja,Wuse 2 Retail,Corporate B2B,Computing & Peripherals,Logitech MX Master 3S Mouse,2,75000,0.0,150000.0,104000,46000.0,0,Delivered On-Time
NEX-100189,2025-07-26,Lagos,Surulere Hub,Web Direct,Computing & Peripherals,27-inch 4K Gaming Monitor,1,310000,0.0,310000.0,235000,75000.0,0,Returned
NEX-100190,2025-07-14,Abuja,Wuse 2 Retail,In-Store Retail,Home Appliances,Double Door Refrigerator 320L,1,520000,0.1,468000.0,410000,58000.0,0,Delivered On-Time
NEX-100191,2025-07-27,Lagos,Ikeja Mega-Store,In-Store Retail,Home Appliances,Smart Inverter Washing Machine 8kg,1,345000,0.32,234152.88,270000,-35847.12,0,Delivered On-Time
NEX-100192,2025-07-18,Kano,Nasarawa Road Branch,Web Direct,Computing & Peripherals,Wireless Mechanical Keyboard,1,65000,0.2,52000.0,42000,10000.0,0,Delivered On-Time
NEX-100193,2025-05-23,Abuja,Wuse 2 Retail,In-Store Retail,Home Appliances,Smart Inverter Washing Machine 8kg,1,345000,0.0,345000.0,270000,75000.0,0,Delivered On-Time
NEX-100194,2025-05-29,Ibadan,Bodija Outlet,Corporate B2B,Computing & Peripherals,Wireless Mechanical Keyboard,1,65000,0.05,61750.0,42000,19750.0,0,Delivered On-Time
NEX-100195,2025-06-05,Lagos,Surulere Hub,Corporate B2B,Home Appliances,Smart Inverter Washing Machine 8kg,4,345000,0.1,1242000.0,1080000,162000.0,0,Delivered On-Time
NEX-100196,2025-07-31,Lagos,Surulere Hub,Web Direct,Computing & Peripherals,Logitech MX Master 3S Mouse,1,75000,0.1,67500.0,52000,15500.0,0,Delivered On-Time
NEX-100197,2025-06-04,Lagos,Victoria Island Flagship,In-Store Retail,Computing & Peripherals,1TB NVMe Portable SSD,1,95000,0.0,95000.0,68000,27000.0,0,Delivered On-Time
NEX-100198,2025-06-30,Lagos,Victoria Island Flagship,In-Store Retail,Computing & Peripherals,Wireless Mechanical Keyboard,1,65000,0.15,55250.0,42000,13250.0,0,Delivered On-Time
NEX-100199,2025-05-26,Port Harcourt,Trans-Amadi Commercial,In-Store Retail,Computing & Peripherals,27-inch 4K Gaming Monitor,3,310000,0.0,930000.0,705000,225000.0,0,Delivered On-Time
NEX-100200,2025-05-05,Kano,Nasarawa Road Branch,In-Store Retail,Consumer Electronics,Galaxy S24 Ultra 512GB,5,1250000,0.0,6250000.0,4750000,1500000.0,0,Fulfilled In-Store
NEX-100201,2025-06-07,Kano,Nasarawa Road Branch,In-Store Retail,Computing & Peripherals,27-inch 4K Gaming Monitor,3,310000,0.0,930000.0,705000,225000.0,0,Delayed Transit
NEX-100202,2025-07-07,Abuja,Central Business District Store,Corporate B2B,Home Appliances,Smart Inverter Washing Machine 8kg,1,345000,0.0,345000.0,270000,75000.0,0,Delivered On-Time
NEX-100203,2025-06-02,Port Harcourt,GRA Phase 2 Store,Web Direct,Home Appliances,Chest Freezer 200L,1,245000,0.0,245000.0,195000,50000.0,0,Delayed Transit
NEX-100204,2025-06-21,Port Harcourt,Trans-Amadi Commercial,In-Store Retail,Computing & Peripherals,27-inch 4K Gaming Monitor,1,310000,0.0,310000.0,235000,75000.0,0,Delivered On-Time
NEX-100205,2025-06-03,Lagos,Surulere Hub,Corporate B2B,Home Appliances,Smart Inverter Washing Machine 8kg,1,345000,0.05,327750.0,270000,57750.0,0,Delivered On-Time
NEX-100206,2025-05-31,Lagos,Ikeja Mega-Store,In-Store Retail,Consumer Electronics,Sony WH-1000XM5 Headphones,1,285000,0.15,242250.0,195000,47250.0,0,Fulfilled In-Store
NEX-100207,2025-07-28,Lagos,Lekki Mall Outlet,In-Store Retail,Consumer Electronics,iPhone 15 Pro Max 256GB,4,1450000,0.05,5510000.0,4600000,910000.0,0,Returned
NEX-100208,2025-06-17,Lagos,Surulere Hub,Corporate B2B,Computing & Peripherals,Wireless Mechanical Keyboard,2,65000,0.05,123500.0,84000,39500.0,0,Fulfilled In-Store
NEX-100209,2025-07-07,Lagos,Lekki Mall Outlet,In-Store Retail,Computing & Peripherals,27-inch 4K Gaming Monitor,1,310000,0.05,294500.0,235000,59500.0,0,Delivered On-Time
NEX-100210,2025-05-20,Lagos,Surulere Hub,In-Store Retail,Consumer Electronics,Dell XPS 15 Laptop,1,1650000,0.15,1402500.0,1320000,82500.0,0,Delivered On-Time
NEX-100211,2025-05-17,Abuja,Maitama Galleria,Web Direct,Computing & Peripherals,Logitech MX Master 3S Mouse,1,75000,0.0,75000.0,52000,23000.0,1,Returned
NEX-100212,2025-05-01,Port Harcourt,GRA Phase 2 Store,In-Store Retail,Home Appliances,Inverter Split AC 1.5HP (AC-902),1,385000,0.0,385000.0,310000,75000.0,0,Returned
NEX-100213,2025-06-30,Lagos,Surulere Hub,In-Store Retail,Consumer Electronics,Sony WH-1000XM5 Headphones,1,285000,0.15,242250.0,195000,47250.0,0,Fulfilled In-Store
NEX-100214,2025-06-18,Lagos,Victoria Island Flagship,Web Direct,Home Appliances,Inverter Split AC 1.5HP (AC-902),1,385000,0.05,365750.0,310000,55750.0,0,Delayed Transit
NEX-100215,2025-05-29,Port Harcourt,GRA Phase 2 Store,Mobile App,Home Appliances,Chest Freezer 200L,1,245000,0.0,245000.0,195000,50000.0,0,Delivered On-Time
NEX-100216,2025-05-20,Lagos,Ikeja Mega-Store,In-Store Retail,Computing & Peripherals,Logitech MX Master 3S Mouse,1,75000,0.15,63750.0,52000,11750.0,0,Delivered On-Time
NEX-100217,2025-05-09,Lagos,Ikeja Mega-Store,In-Store Retail,Computing & Peripherals,27-inch 4K Gaming Monitor,1,310000,0.0,310000.0,235000,75000.0,0,Delivered On-Time
NEX-100218,2025-05-08,Lagos,Lekki Mall Outlet,In-Store Retail,Computing & Peripherals,1TB NVMe Portable SSD,1,95000,0.05,90250.0,68000,22250.0,0,Delivered On-Time
NEX-100219,2025-06-08,Kano,Nasarawa Road Branch,In-Store Retail,Home Appliances,Inverter Split AC 1.5HP (AC-902),1,385000,0.05,365750.0,310000,55750.0,0,Delivered On-Time
NEX-100220,2025-07-26,Lagos,Surulere Hub,In-Store Retail,Home Appliances,Digital Microwave Oven 25L,2,115000,0.31,158269.1,170000,-11730.9,0,Delivered On-Time
NEX-100221,2025-06-18,Lagos,Surulere Hub,In-Store Retail,Consumer Electronics,MacBook Pro 14 M3,2,1850000,0.0,3700000.0,2960000,740000.0,0,Delivered On-Time
NEX-100222,2025-06-22,Ibadan,Ring Road Complex,In-Store Retail,Home Appliances,Double Door Refrigerator 320L,1,520000,0.0,520000.0,410000,110000.0,0,Delivered On-Time
NEX-100223,2025-07-08,Port Harcourt,GRA Phase 2 Store,In-Store Retail,Home Appliances,Chest Freezer 200L,1,245000,0.15,208250.0,195000,13250.0,0,Fulfilled In-Store
NEX-100224,2025-07-25,Abuja,Maitama Galleria,In-Store Retail,Home Appliances,Smart Inverter Washing Machine 8kg,4,345000,0.0,1380000.0,1080000,300000.0,0,Returned
NEX-100225,2025-05-16,Port Harcourt,Trans-Amadi Commercial,Mobile App,Computing & Peripherals,1TB NVMe Portable SSD,2,95000,0.0,190000.0,136000,54000.0,0,Delivered On-Time
NEX-100226,2025-06-06,Lagos,Lekki Mall Outlet,In-Store Retail,Home Appliances,Chest Freezer 200L,3,245000,0.05,698250.0,585000,113250.0,0,Delayed Transit
NEX-100227,2025-06-10,Kano,Bompai Trade Centre,In-Store Retail,Consumer Electronics,Dell XPS 15 Laptop,2,1650000,0.1,2970000.0,2640000,330000.0,1,Returned
NEX-100228,2025-07-14,Abuja,Maitama Galleria,In-Store Retail,Consumer Electronics,MacBook Pro 14 M3,1,1850000,0.05,1757500.0,1480000,277500.0,0,Delivered On-Time
NEX-100229,2025-07-27,Lagos,Surulere Hub,Mobile App,Computing & Peripherals,Logitech MX Master 3S Mouse,1,75000,0.1,67500.0,52000,15500.0,0,Delivered On-Time
NEX-100230,2025-07-09,Abuja,Wuse 2 Retail,Mobile App,Consumer Electronics,Dell XPS 15 Laptop,1,1650000,0.1,1485000.0,1320000,165000.0,0,Delayed Transit
NEX-100231,2025-05-01,Lagos,Victoria Island Flagship,In-Store Retail,Consumer Electronics,Galaxy S24 Ultra 512GB,1,1250000,0.05,1187500.0,950000,237500.0,0,Delayed Transit
NEX-100232,2025-07-18,Kano,Bompai Trade Centre,In-Store Retail,Computing & Peripherals,1TB NVMe Portable SSD,1,95000,0.0,95000.0,68000,27000.0,0,Delivered On-Time
NEX-100233,2025-06-06,Lagos,Surulere Hub,Corporate B2B,Consumer Electronics,Galaxy S24 Ultra 512GB,3,1250000,0.05,3562500.0,2850000,712500.0,0,Delayed Transit
NEX-100234,2025-06-02,Port Harcourt,Trans-Amadi Commercial,Corporate B2B,Consumer Electronics,MacBook Pro 14 M3,4,1850000,0.05,7030000.0,5920000,1110000.0,0,Delayed Transit
NEX-100235,2025-06-08,Abuja,Central Business District Store,Web Direct,Computing & Peripherals,27-inch 4K Gaming Monitor,1,310000,0.0,310000.0,235000,75000.0,0,Delivered On-Time
NEX-100236,2025-05-02,Port Harcourt,GRA Phase 2 Store,In-Store Retail,Home Appliances,Smart Inverter Washing Machine 8kg,1,345000,0.15,293250.0,270000,23250.0,0,Delivered On-Time
NEX-100237,2025-05-06,Lagos,Surulere Hub,In-Store Retail,Consumer Electronics,MacBook Pro 14 M3,3,1850000,0.05,5272500.0,4440000,832500.0,1,Returned
NEX-100238,2025-06-10,Lagos,Victoria Island Flagship,Web Direct,Computing & Peripherals,Logitech MX Master 3S Mouse,3,75000,0.0,225000.0,156000,69000.0,0,Delivered On-Time
NEX-100239,2025-06-19,Abuja,Wuse 2 Retail,In-Store Retail,Computing & Peripherals,Wireless Mechanical Keyboard,2,65000,0.05,123500.0,84000,39500.0,0,Delayed Transit
NEX-100240,2025-06-14,Lagos,Surulere Hub,In-Store Retail,Consumer Electronics,MacBook Pro 14 M3,1,1850000,0.05,1757500.0,1480000,277500.0,0,Returned
NEX-100241,2025-06-11,Lagos,Lekki Mall Outlet,Corporate B2B,Home Appliances,Digital Microwave Oven 25L,1,115000,0.05,109250.0,85000,24250.0,0,Delivered On-Time
NEX-100242,2025-07-14,Abuja,Central Business District Store,Corporate B2B,Home Appliances,Double Door Refrigerator 320L,2,520000,0.0,1040000.0,820000,220000.0,0,Delayed Transit
NEX-100243,2025-07-21,Lagos,Surulere Hub,In-Store Retail,Consumer Electronics,Galaxy S24 Ultra 512GB,1,1250000,0.0,1250000.0,950000,300000.0,0,Delivered On-Time
NEX-100244,2025-05-17,Lagos,Surulere Hub,In-Store Retail,Computing & Peripherals,1TB NVMe Portable SSD,1,95000,0.0,95000.0,68000,27000.0,0,Delivered On-Time
NEX-100245,2025-07-16,Port Harcourt,Trans-Amadi Commercial,In-Store Retail,Home Appliances,Digital Microwave Oven 25L,2,115000,0.1,207000.0,170000,37000.0,0,Returned
NEX-100246,2025-06-01,Abuja,Central Business District Store,Web Direct,Consumer Electronics,iPhone 15 Pro Max 256GB,1,1450000,0.0,1450000.0,1150000,300000.0,0,Delivered On-Time
NEX-100247,2025-06-05,Lagos,Surulere Hub,Corporate B2B,Home Appliances,Smart Inverter Washing Machine 8kg,3,345000,0.1,931500.0,810000,121500.0,0,Delayed Transit
NEX-100248,2025-06-28,Lagos,Lekki Mall Outlet,In-Store Retail,Home Appliances,Smart Inverter Washing Machine 8kg,2,345000,0.0,690000.0,540000,150000.0,0,Delivered On-Time
NEX-100249,2025-06-25,Port Harcourt,GRA Phase 2 Store,In-Store Retail,Computing & Peripherals,Wireless Mechanical Keyboard,1,65000,0.0,65000.0,42000,23000.0,0,Delivered On-Time
NEX-100250,2025-07-28,Abuja,Wuse 2 Retail,Corporate B2B,Home Appliances,Digital Microwave Oven 25L,1,115000,0.1,103500.0,85000,18500.0,0,Fulfilled In-Store
NEX-100251,2025-05-26,Abuja,Wuse 2 Retail,In-Store Retail,Computing & Peripherals,27-inch 4K Gaming Monitor,4,310000,0.05,1178000.0,940000,238000.0,0,Delivered On-Time
NEX-100252,2025-06-07,Port Harcourt,GRA Phase 2 Store,Corporate B2B,Home Appliances,Digital Microwave Oven 25L,1,115000,0.0,115000.0,85000,30000.0,0,Delivered On-Time
NEX-100253,2025-06-24,Port Harcourt,GRA Phase 2 Store,In-Store Retail,Computing & Peripherals,Logitech MX Master 3S Mouse,1,75000,0.05,71250.0,52000,19250.0,0,Fulfilled In-Store
NEX-100254,2025-06-23,Abuja,Maitama Galleria,Web Direct,Computing & Peripherals,1TB NVMe Portable SSD,1,95000,0.0,95000.0,68000,27000.0,0,Delayed Transit
NEX-100255,2025-06-15,Lagos,Ikeja Mega-Store,Web Direct,Computing & Peripherals,Logitech MX Master 3S Mouse,4,75000,0.0,300000.0,208000,92000.0,0,Delivered On-Time
NEX-100256,2025-05-13,Lagos,Victoria Island Flagship,In-Store Retail,Home Appliances,Digital Microwave Oven 25L,2,115000,0.05,218500.0,170000,48500.0,0,Delivered On-Time
NEX-100257,2025-05-04,Abuja,Maitama Galleria,In-Store Retail,Consumer Electronics,Galaxy S24 Ultra 512GB,2,1250000,0.1,2250000.0,1900000,350000.0,0,Delivered On-Time
NEX-100258,2025-05-27,Abuja,Maitama Galleria,In-Store Retail,Home Appliances,Digital Microwave Oven 25L,1,115000,0.0,115000.0,85000,30000.0,0,Delivered On-Time
NEX-100259,2025-06-13,Abuja,Wuse 2 Retail,Corporate B2B,Computing & Peripherals,Wireless Mechanical Keyboard,1,65000,0.05,61750.0,42000,19750.0,0,Delivered On-Time
NEX-100260,2025-06-29,Lagos,Surulere Hub,Web Direct,Consumer Electronics,Sony WH-1000XM5 Headphones,1,285000,0.1,256500.0,195000,61500.0,0,Delivered On-Time
NEX-100261,2025-06-24,Lagos,Victoria Island Flagship,In-Store Retail,Computing & Peripherals,27-inch 4K Gaming Monitor,1,310000,0.1,279000.0,235000,44000.0,0,Delivered On-Time
NEX-100262,2025-05-26,Abuja,Maitama Galleria,Web Direct,Home Appliances,Chest Freezer 200L,4,245000,0.0,980000.0,780000,200000.0,0,Delivered On-Time
NEX-100263,2025-05-15,Lagos,Surulere Hub,Web Direct,Computing & Peripherals,Ergonomic Office Chair Pro,3,185000,0.05,527250.0,390000,137250.0,0,Delivered On-Time
NEX-100264,2025-05-31,Lagos,Victoria Island Flagship,In-Store Retail,Consumer Electronics,Dell XPS 15 Laptop,1,1650000,0.05,1567500.0,1320000,247500.0,0,Delivered On-Time
NEX-100265,2025-07-02,Abuja,Wuse 2 Retail,Mobile App,Consumer Electronics,Dell XPS 15 Laptop,1,1650000,0.0,1650000.0,1320000,330000.0,0,Fulfilled In-Store
NEX-100266,2025-07-19,Lagos,Lekki Mall Outlet,Mobile App,Home Appliances,Double Door Refrigerator 320L,1,520000,0.32,354434.9,410000,-55565.1,0,Delayed Transit
NEX-100267,2025-06-22,Abuja,Maitama Galleria,Web Direct,Home Appliances,Digital Microwave Oven 25L,1,115000,0.05,109250.0,85000,24250.0,0,Delivered On-Time
NEX-100268,2025-05-05,Lagos,Lekki Mall Outlet,In-Store Retail,Home Appliances,Chest Freezer 200L,2,245000,0.1,441000.0,390000,51000.0,0,Delivered On-Time
NEX-100269,2025-05-15,Lagos,Lekki Mall Outlet,Web Direct,Consumer Electronics,Sony WH-1000XM5 Headphones,1,285000,0.2,228000.0,195000,33000.0,0,Fulfilled In-Store
NEX-100270,2025-06-01,Lagos,Ikeja Mega-Store,In-Store Retail,Home Appliances,Inverter Split AC 1.5HP (AC-902),1,385000,0.2,308000.0,310000,-2000.0,0,Delivered On-Time
NEX-100271,2025-07-15,Abuja,Wuse 2 Retail,Web Direct,Home Appliances,Double Door Refrigerator 320L,1,520000,0.1,468000.0,410000,58000.0,0,Fulfilled In-Store
NEX-100272,2025-07-12,Lagos,Lekki Mall Outlet,Web Direct,Consumer Electronics,MacBook Pro 14 M3,4,1850000,0.0,7400000.0,5920000,1480000.0,0,Returned
NEX-100273,2025-07-05,Ibadan,Ring Road Complex,In-Store Retail,Home Appliances,Inverter Split AC 1.5HP (AC-902),5,385000,0.15,1636250.0,1550000,86250.0,1,Returned
NEX-100274,2025-06-01,Lagos,Lekki Mall Outlet,Corporate B2B,Computing & Peripherals,Logitech MX Master 3S Mouse,1,75000,0.05,71250.0,52000,19250.0,0,Delivered On-Time
NEX-100275,2025-06-27,Lagos,Ikeja Mega-Store,In-Store Retail,Computing & Peripherals,Ergonomic Office Chair Pro,1,185000,0.15,157250.0,130000,27250.0,0,Delivered On-Time
NEX-100276,2025-07-14,Lagos,Ikeja Mega-Store,Web Direct,Home Appliances,Smart Inverter Washing Machine 8kg,2,345000,0.36,441898.22,540000,-98101.78,0,Returned
NEX-100277,2025-05-28,Abuja,Maitama Galleria,Corporate B2B,Home Appliances,Chest Freezer 200L,1,245000,0.05,232750.0,195000,37750.0,0,Delivered On-Time
NEX-100278,2025-07-27,Port Harcourt,GRA Phase 2 Store,In-Store Retail,Home Appliances,Inverter Split AC 1.5HP (AC-902),1,385000,0.15,327250.0,310000,17250.0,0,Delivered On-Time
NEX-100279,2025-06-24,Lagos,Victoria Island Flagship,Corporate B2B,Home Appliances,Double Door Refrigerator 320L,2,520000,0.15,884000.0,820000,64000.0,0,Delivered On-Time
NEX-100280,2025-05-11,Lagos,Victoria Island Flagship,In-Store Retail,Computing & Peripherals,Ergonomic Office Chair Pro,2,185000,0.1,333000.0,260000,73000.0,0,Delivered On-Time
NEX-100281,2025-05-13,Lagos,Surulere Hub,In-Store Retail,Computing & Peripherals,Wireless Mechanical Keyboard,1,65000,0.0,65000.0,42000,23000.0,1,Returned
NEX-100282,2025-05-16,Ibadan,Bodija Outlet,Web Direct,Home Appliances,Inverter Split AC 1.5HP (AC-902),1,385000,0.0,385000.0,310000,75000.0,0,Delivered On-Time
NEX-100283,2025-06-17,Kano,Nasarawa Road Branch,In-Store Retail,Consumer Electronics,iPhone 15 Pro Max 256GB,1,1450000,0.05,1377500.0,1150000,227500.0,0,Delivered On-Time
NEX-100284,2025-06-14,Port Harcourt,GRA Phase 2 Store,Mobile App,Computing & Peripherals,Logitech MX Master 3S Mouse,2,75000,0.0,150000.0,104000,46000.0,0,Fulfilled In-Store
NEX-100285,2025-07-15,Port Harcourt,Trans-Amadi Commercial,Mobile App,Home Appliances,Double Door Refrigerator 320L,1,520000,0.05,494000.0,410000,84000.0,0,Delayed Transit
NEX-100286,2025-07-17,Lagos,Ikeja Mega-Store,Corporate B2B,Computing & Peripherals,Ergonomic Office Chair Pro,1,185000,0.05,175750.0,130000,45750.0,0,Delivered On-Time
NEX-100287,2025-07-22,Lagos,Victoria Island Flagship,In-Store Retail,Consumer Electronics,iPhone 15 Pro Max 256GB,1,1450000,0.05,1377500.0,1150000,227500.0,0,Returned
NEX-100288,2025-06-16,Ibadan,Ring Road Complex,In-Store Retail,Computing & Peripherals,Logitech MX Master 3S Mouse,1,75000,0.05,71250.0,52000,19250.0,0,Returned
NEX-100289,2025-05-10,Lagos,Ikeja Mega-Store,In-Store Retail,Consumer Electronics,Galaxy S24 Ultra 512GB,3,1250000,0.15,3187500.0,2850000,337500.0,0,Delivered On-Time
NEX-100290,2025-07-31,Abuja,Maitama Galleria,In-Store Retail,Home Appliances,Inverter Split AC 1.5HP (AC-902),1,385000,0.05,365750.0,310000,55750.0,1,Returned
NEX-100291,2025-05-11,Abuja,Central Business District Store,Mobile App,Consumer Electronics,Dell XPS 15 Laptop,1,1650000,0.05,1567500.0,1320000,247500.0,0,Delayed Transit
NEX-100292,2025-07-22,Lagos,Surulere Hub,Web Direct,Consumer Electronics,Galaxy S24 Ultra 512GB,1,1250000,0.15,1062500.0,950000,112500.0,0,Delayed Transit
NEX-100293,2025-05-08,Lagos,Victoria Island Flagship,In-Store Retail,Computing & Peripherals,Wireless Mechanical Keyboard,2,65000,0.0,130000.0,84000,46000.0,0,Delivered On-Time
NEX-100294,2025-06-03,Lagos,Victoria Island Flagship,Web Direct,Home Appliances,Inverter Split AC 1.5HP (AC-902),2,385000,0.0,770000.0,620000,150000.0,0,Delivered On-Time
NEX-100295,2025-05-09,Lagos,Ikeja Mega-Store,In-Store Retail,Computing & Peripherals,Ergonomic Office Chair Pro,1,185000,0.15,157250.0,130000,27250.0,0,Delivered On-Time
NEX-100296,2025-05-14,Kano,Nasarawa Road Branch,In-Store Retail,Computing & Peripherals,27-inch 4K Gaming Monitor,1,310000,0.15,263500.0,235000,28500.0,0,Delivered On-Time
NEX-100297,2025-06-19,Kano,Nasarawa Road Branch,Mobile App,Consumer Electronics,Dell XPS 15 Laptop,2,1650000,0.1,2970000.0,2640000,330000.0,0,Delivered On-Time
NEX-100298,2025-06-01,Lagos,Lekki Mall Outlet,In-Store Retail,Consumer Electronics,Dell XPS 15 Laptop,1,1650000,0.05,1567500.0,1320000,247500.0,0,Delivered On-Time
NEX-100299,2025-07-06,Ibadan,Bodija Outlet,In-Store Retail,Home Appliances,Smart Inverter Washing Machine 8kg,2,345000,0.0,690000.0,540000,150000.0,0,Delivered On-Time
NEX-100300,2025-06-17,Lagos,Lekki Mall Outlet,Web Direct,Consumer Electronics,Sony WH-1000XM5 Headphones,1,285000,0.2,228000.0,195000,33000.0,0,Fulfilled In-Store
NEX-100301,2025-07-09,Port Harcourt,GRA Phase 2 Store,In-Store Retail,Home Appliances,Inverter Split AC 1.5HP (AC-902),1,385000,0.0,385000.0,310000,75000.0,0,Fulfilled In-Store
NEX-100302,2025-06-12,Lagos,Surulere Hub,Corporate B2B,Computing & Peripherals,Ergonomic Office Chair Pro,1,185000,0.05,175750.0,130000,45750.0,0,Delivered On-Time
NEX-100303,2025-05-08,Ibadan,Ring Road Complex,Web Direct,Consumer Electronics,Galaxy S24 Ultra 512GB,3,1250000,0.15,3187500.0,2850000,337500.0,0,Delayed Transit
NEX-100304,2025-06-17,Abuja,Wuse 2 Retail,In-Store Retail,Consumer Electronics,Dell XPS 15 Laptop,1,1650000,0.1,1485000.0,1320000,165000.0,0,Delivered On-Time
NEX-100305,2025-06-25,Abuja,Central Business District Store,In-Store Retail,Home Appliances,Smart Inverter Washing Machine 8kg,3,345000,0.0,1035000.0,810000,225000.0,0,Delivered On-Time
NEX-100306,2025-06-27,Lagos,Ikeja Mega-Store,Mobile App,Consumer Electronics,Dell XPS 15 Laptop,1,1650000,0.0,1650000.0,1320000,330000.0,0,Delivered On-Time
NEX-100307,2025-05-16,Abuja,Central Business District Store,In-Store Retail,Home Appliances,Smart Inverter Washing Machine 8kg,2,345000,0.0,690000.0,540000,150000.0,0,Delivered On-Time
NEX-100308,2025-07-30,Abuja,Central Business District Store,In-Store Retail,Home Appliances,Double Door Refrigerator 320L,1,520000,0.0,520000.0,410000,110000.0,0,Delivered On-Time
NEX-100309,2025-07-26,Lagos,Victoria Island Flagship,In-Store Retail,Home Appliances,Digital Microwave Oven 25L,1,115000,0.34,76473.61,85000,-8526.39,0,Delivered On-Time
NEX-100310,2025-05-18,Lagos,Ikeja Mega-Store,Corporate B2B,Consumer Electronics,iPhone 15 Pro Max 256GB,1,1450000,0.0,1450000.0,1150000,300000.0,0,Fulfilled In-Store
NEX-100311,2025-05-11,Abuja,Maitama Galleria,Mobile App,Consumer Electronics,Galaxy S24 Ultra 512GB,5,1250000,0.0,6250000.0,4750000,1500000.0,0,Fulfilled In-Store
NEX-100312,2025-05-12,Kano,Bompai Trade Centre,In-Store Retail,Home Appliances,Inverter Split AC 1.5HP (AC-902),1,385000,0.05,365750.0,310000,55750.0,0,Delivered On-Time
NEX-100313,2025-05-04,Lagos,Surulere Hub,In-Store Retail,Consumer Electronics,iPhone 15 Pro Max 256GB,1,1450000,0.0,1450000.0,1150000,300000.0,0,Delayed Transit
NEX-100314,2025-07-18,Lagos,Lekki Mall Outlet,In-Store Retail,Computing & Peripherals,Logitech MX Master 3S Mouse,1,75000,0.0,75000.0,52000,23000.0,0,Delivered On-Time
NEX-100315,2025-07-07,Lagos,Ikeja Mega-Store,Mobile App,Computing & Peripherals,Ergonomic Office Chair Pro,1,185000,0.1,166500.0,130000,36500.0,0,Delivered On-Time
NEX-100316,2025-06-11,Lagos,Victoria Island Flagship,In-Store Retail,Computing & Peripherals,Wireless Mechanical Keyboard,1,65000,0.1,58500.0,42000,16500.0,0,Fulfilled In-Store
NEX-100317,2025-06-30,Abuja,Wuse 2 Retail,Mobile App,Consumer Electronics,Galaxy S24 Ultra 512GB,1,1250000,0.0,1250000.0,950000,300000.0,0,Fulfilled In-Store
NEX-100318,2025-05-08,Port Harcourt,GRA Phase 2 Store,Web Direct,Home Appliances,Smart Inverter Washing Machine 8kg,3,345000,0.2,828000.0,810000,18000.0,0,Delivered On-Time
NEX-100319,2025-06-10,Port Harcourt,Trans-Amadi Commercial,Mobile App,Consumer Electronics,MacBook Pro 14 M3,3,1850000,0.05,5272500.0,4440000,832500.0,0,Delivered On-Time
NEX-100320,2025-07-03,Abuja,Central Business District Store,In-Store Retail,Consumer Electronics,Galaxy S24 Ultra 512GB,1,1250000,0.0,1250000.0,950000,300000.0,0,Delivered On-Time
NEX-100321,2025-07-18,Lagos,Victoria Island Flagship,In-Store Retail,Consumer Electronics,MacBook Pro 14 M3,1,1850000,0.0,1850000.0,1480000,370000.0,0,Delivered On-Time
NEX-100322,2025-05-15,Port Harcourt,Trans-Amadi Commercial,Mobile App,Home Appliances,Digital Microwave Oven 25L,1,115000,0.0,115000.0,85000,30000.0,0,Returned
NEX-100323,2025-06-25,Port Harcourt,Trans-Amadi Commercial,Web Direct,Consumer Electronics,Dell XPS 15 Laptop,1,1650000,0.15,1402500.0,1320000,82500.0,0,Delivered On-Time
NEX-100324,2025-07-15,Port Harcourt,Trans-Amadi Commercial,In-Store Retail,Computing & Peripherals,Ergonomic Office Chair Pro,1,185000,0.1,166500.0,130000,36500.0,0,Fulfilled In-Store
NEX-100325,2025-06-20,Kano,Nasarawa Road Branch,In-Store Retail,Home Appliances,Chest Freezer 200L,1,245000,0.05,232750.0,195000,37750.0,0,Delivered On-Time
NEX-100326,2025-05-10,Lagos,Lekki Mall Outlet,In-Store Retail,Consumer Electronics,MacBook Pro 14 M3,1,1850000,0.0,1850000.0,1480000,370000.0,0,Delivered On-Time
NEX-100327,2025-06-02,Port Harcourt,GRA Phase 2 Store,In-Store Retail,Home Appliances,Digital Microwave Oven 25L,4,115000,0.15,391000.0,340000,51000.0,0,Delivered On-Time
NEX-100328,2025-07-09,Lagos,Surulere Hub,Corporate B2B,Computing & Peripherals,Wireless Mechanical Keyboard,1,65000,0.0,65000.0,42000,23000.0,0,Delivered On-Time
NEX-100329,2025-06-10,Lagos,Ikeja Mega-Store,In-Store Retail,Consumer Electronics,Sony WH-1000XM5 Headphones,1,285000,0.0,285000.0,195000,90000.0,0,Returned
NEX-100330,2025-06-13,Abuja,Wuse 2 Retail,Corporate B2B,Computing & Peripherals,27-inch 4K Gaming Monitor,1,310000,0.05,294500.0,235000,59500.0,0,Delivered On-Time
NEX-100331,2025-05-07,Lagos,Victoria Island Flagship,Mobile App,Home Appliances,Chest Freezer 200L,2,245000,0.1,441000.0,390000,51000.0,0,Delivered On-Time
NEX-100332,2025-05-31,Lagos,Surulere Hub,Web Direct,Home Appliances,Double Door Refrigerator 320L,1,520000,0.0,520000.0,410000,110000.0,0,Fulfilled In-Store
NEX-100333,2025-07-20,Abuja,Central Business District Store,In-Store Retail,Consumer Electronics,iPhone 15 Pro Max 256GB,1,1450000,0.2,1160000.0,1150000,10000.0,0,Delivered On-Time
NEX-100334,2025-06-20,Abuja,Wuse 2 Retail,In-Store Retail,Computing & Peripherals,1TB NVMe Portable SSD,1,95000,0.0,95000.0,68000,27000.0,0,Delivered On-Time
NEX-100335,2025-05-06,Lagos,Surulere Hub,In-Store Retail,Home Appliances,Chest Freezer 200L,1,245000,0.1,220500.0,195000,25500.0,0,Delivered On-Time
NEX-100336,2025-06-14,Port Harcourt,Trans-Amadi Commercial,Mobile App,Computing & Peripherals,Wireless Mechanical Keyboard,1,65000,0.1,58500.0,42000,16500.0,0,Delivered On-Time
NEX-100337,2025-07-08,Abuja,Maitama Galleria,Web Direct,Consumer Electronics,Sony WH-1000XM5 Headphones,1,285000,0.0,285000.0,195000,90000.0,0,Delivered On-Time
NEX-100338,2025-07-13,Kano,Nasarawa Road Branch,In-Store Retail,Home Appliances,Double Door Refrigerator 320L,3,520000,0.0,1560000.0,1230000,330000.0,0,Delivered On-Time
NEX-100339,2025-05-06,Lagos,Surulere Hub,In-Store Retail,Computing & Peripherals,Wireless Mechanical Keyboard,2,65000,0.0,130000.0,84000,46000.0,0,Fulfilled In-Store
NEX-100340,2025-05-09,Lagos,Surulere Hub,Web Direct,Home Appliances,Chest Freezer 200L,1,245000,0.15,208250.0,195000,13250.0,0,Delayed Transit
NEX-100341,2025-07-06,Port Harcourt,GRA Phase 2 Store,In-Store Retail,Consumer Electronics,Dell XPS 15 Laptop,1,1650000,0.1,1485000.0,1320000,165000.0,0,Fulfilled In-Store
NEX-100342,2025-07-12,Port Harcourt,Trans-Amadi Commercial,Corporate B2B,Home Appliances,Digital Microwave Oven 25L,1,115000,0.05,109250.0,85000,24250.0,0,Delivered On-Time
NEX-100343,2025-05-23,Lagos,Victoria Island Flagship,Web Direct,Computing & Peripherals,Logitech MX Master 3S Mouse,1,75000,0.15,63750.0,52000,11750.0,0,Delivered On-Time
NEX-100344,2025-06-30,Kano,Bompai Trade Centre,In-Store Retail,Home Appliances,Smart Inverter Washing Machine 8kg,1,345000,0.05,327750.0,270000,57750.0,0,Delivered On-Time
NEX-100345,2025-05-30,Lagos,Surulere Hub,Corporate B2B,Home Appliances,Smart Inverter Washing Machine 8kg,2,345000,0.05,655500.0,540000,115500.0,0,Delivered On-Time
NEX-100346,2025-06-22,Port Harcourt,Trans-Amadi Commercial,Corporate B2B,Computing & Peripherals,Wireless Mechanical Keyboard,1,65000,0.1,58500.0,42000,16500.0,0,Fulfilled In-Store
NEX-100347,2025-07-07,Kano,Nasarawa Road Branch,In-Store Retail,Consumer Electronics,Galaxy S24 Ultra 512GB,1,1250000,0.05,1187500.0,950000,237500.0,0,Delayed Transit
NEX-100348,2025-06-05,Lagos,Surulere Hub,Web Direct,Computing & Peripherals,27-inch 4K Gaming Monitor,1,310000,0.0,310000.0,235000,75000.0,0,Delivered On-Time
NEX-100349,2025-06-30,Abuja,Maitama Galleria,In-Store Retail,Home Appliances,Inverter Split AC 1.5HP (AC-902),1,385000,0.0,385000.0,310000,75000.0,1,Returned
NEX-100350,2025-05-28,Kano,Nasarawa Road Branch,Web Direct,Home Appliances,Digital Microwave Oven 25L,1,115000,0.15,97750.0,85000,12750.0,0,Delayed Transit
NEX-100351,2025-06-30,Kano,Nasarawa Road Branch,Web Direct,Consumer Electronics,iPhone 15 Pro Max 256GB,1,1450000,0.1,1305000.0,1150000,155000.0,0,Returned
NEX-100352,2025-07-22,Lagos,Surulere Hub,Corporate B2B,Home Appliances,Smart Inverter Washing Machine 8kg,1,345000,0.31,237975.99,270000,-32024.01,0,Delayed Transit
NEX-100353,2025-07-14,Lagos,Lekki Mall Outlet,Web Direct,Computing & Peripherals,1TB NVMe Portable SSD,1,95000,0.05,90250.0,68000,22250.0,0,Delivered On-Time
NEX-100354,2025-06-05,Abuja,Maitama Galleria,In-Store Retail,Computing & Peripherals,Ergonomic Office Chair Pro,1,185000,0.05,175750.0,130000,45750.0,0,Delivered On-Time
NEX-100355,2025-07-16,Lagos,Lekki Mall Outlet,Web Direct,Computing & Peripherals,27-inch 4K Gaming Monitor,1,310000,0.2,248000.0,235000,13000.0,0,Delivered On-Time
NEX-100356,2025-06-19,Port Harcourt,GRA Phase 2 Store,In-Store Retail,Computing & Peripherals,Wireless Mechanical Keyboard,1,65000,0.05,61750.0,42000,19750.0,0,Fulfilled In-Store
NEX-100357,2025-06-15,Abuja,Central Business District Store,Corporate B2B,Computing & Peripherals,Wireless Mechanical Keyboard,1,65000,0.05,61750.0,42000,19750.0,0,Delayed Transit
NEX-100358,2025-07-11,Port Harcourt,GRA Phase 2 Store,Mobile App,Home Appliances,Inverter Split AC 1.5HP (AC-902),1,385000,0.0,385000.0,310000,75000.0,0,Delivered On-Time
NEX-100359,2025-06-12,Lagos,Lekki Mall Outlet,In-Store Retail,Consumer Electronics,Sony WH-1000XM5 Headphones,1,285000,0.05,270750.0,195000,75750.0,0,Delayed Transit
NEX-100360,2025-06-30,Kano,Nasarawa Road Branch,Corporate B2B,Home Appliances,Chest Freezer 200L,1,245000,0.0,245000.0,195000,50000.0,0,Delivered On-Time
NEX-100361,2025-05-26,Lagos,Surulere Hub,In-Store Retail,Computing & Peripherals,Wireless Mechanical Keyboard,2,65000,0.05,123500.0,84000,39500.0,0,Delivered On-Time
NEX-100362,2025-07-21,Lagos,Surulere Hub,In-Store Retail,Consumer Electronics,Dell XPS 15 Laptop,2,1650000,0.05,3135000.0,2640000,495000.0,0,Delivered On-Time
NEX-100363,2025-07-18,Lagos,Surulere Hub,In-Store Retail,Home Appliances,Digital Microwave Oven 25L,1,115000,0.33,76661.5,85000,-8338.5,0,Returned
NEX-100364,2025-06-11,Port Harcourt,GRA Phase 2 Store,In-Store Retail,Consumer Electronics,iPhone 15 Pro Max 256GB,1,1450000,0.15,1232500.0,1150000,82500.0,0,Delivered On-Time
NEX-100365,2025-07-04,Abuja,Central Business District Store,In-Store Retail,Consumer Electronics,MacBook Pro 14 M3,3,1850000,0.05,5272500.0,4440000,832500.0,0,Delivered On-Time
NEX-100366,2025-06-25,Kano,Nasarawa Road Branch,In-Store Retail,Home Appliances,Smart Inverter Washing Machine 8kg,2,345000,0.0,690000.0,540000,150000.0,0,Fulfilled In-Store
NEX-100367,2025-05-03,Lagos,Victoria Island Flagship,In-Store Retail,Consumer Electronics,Dell XPS 15 Laptop,1,1650000,0.0,1650000.0,1320000,330000.0,0,Fulfilled In-Store
NEX-100368,2025-06-18,Kano,Bompai Trade Centre,Corporate B2B,Computing & Peripherals,27-inch 4K Gaming Monitor,1,310000,0.0,310000.0,235000,75000.0,0,Fulfilled In-Store
NEX-100369,2025-05-07,Abuja,Maitama Galleria,In-Store Retail,Consumer Electronics,Dell XPS 15 Laptop,1,1650000,0.1,1485000.0,1320000,165000.0,0,Delayed Transit
NEX-100370,2025-05-02,Lagos,Ikeja Mega-Store,Web Direct,Home Appliances,Chest Freezer 200L,1,245000,0.0,245000.0,195000,50000.0,0,Delivered On-Time
NEX-100371,2025-07-19,Lagos,Ikeja Mega-Store,Corporate B2B,Home Appliances,Double Door Refrigerator 320L,1,520000,0.36,333946.14,410000,-76053.86,0,Returned
NEX-100372,2025-06-15,Port Harcourt,Trans-Amadi Commercial,In-Store Retail,Computing & Peripherals,Logitech MX Master 3S Mouse,3,75000,0.05,213750.0,156000,57750.0,0,Delivered On-Time
NEX-100373,2025-05-02,Abuja,Central Business District Store,Corporate B2B,Computing & Peripherals,Logitech MX Master 3S Mouse,1,75000,0.0,75000.0,52000,23000.0,0,Delayed Transit
NEX-100374,2025-05-13,Kano,Nasarawa Road Branch,In-Store Retail,Home Appliances,Smart Inverter Washing Machine 8kg,1,345000,0.0,345000.0,270000,75000.0,0,Delivered On-Time
NEX-100375,2025-06-07,Lagos,Lekki Mall Outlet,In-Store Retail,Consumer Electronics,Galaxy S24 Ultra 512GB,2,1250000,0.15,2125000.0,1900000,225000.0,1,Returned
NEX-100376,2025-07-22,Lagos,Lekki Mall Outlet,Corporate B2B,Computing & Peripherals,Ergonomic Office Chair Pro,2,185000,0.0,370000.0,260000,110000.0,0,Delivered On-Time
NEX-100377,2025-06-21,Lagos,Surulere Hub,In-Store Retail,Home Appliances,Digital Microwave Oven 25L,2,115000,0.05,218500.0,170000,48500.0,0,Delivered On-Time
NEX-100378,2025-07-29,Port Harcourt,GRA Phase 2 Store,In-Store Retail,Computing & Peripherals,Logitech MX Master 3S Mouse,2,75000,0.05,142500.0,104000,38500.0,0,Delivered On-Time
NEX-100379,2025-06-15,Abuja,Wuse 2 Retail,Corporate B2B,Computing & Peripherals,Wireless Mechanical Keyboard,1,65000,0.05,61750.0,42000,19750.0,0,Delivered On-Time
NEX-100380,2025-05-09,Lagos,Lekki Mall Outlet,In-Store Retail,Computing & Peripherals,1TB NVMe Portable SSD,2,95000,0.05,180500.0,136000,44500.0,0,Returned
NEX-100381,2025-07-25,Kano,Nasarawa Road Branch,In-Store Retail,Computing & Peripherals,Wireless Mechanical Keyboard,1,65000,0.05,61750.0,42000,19750.0,0,Delivered On-Time
NEX-100382,2025-07-11,Kano,Nasarawa Road Branch,In-Store Retail,Consumer Electronics,Dell XPS 15 Laptop,2,1650000,0.15,2805000.0,2640000,165000.0,0,Delivered On-Time
NEX-100383,2025-07-02,Lagos,Lekki Mall Outlet,Mobile App,Consumer Electronics,Dell XPS 15 Laptop,1,1650000,0.05,1567500.0,1320000,247500.0,0,Delivered On-Time
NEX-100384,2025-06-28,Lagos,Surulere Hub,In-Store Retail,Home Appliances,Digital Microwave Oven 25L,1,115000,0.2,92000.0,85000,7000.0,0,Delivered On-Time
NEX-100385,2025-06-21,Lagos,Ikeja Mega-Store,Corporate B2B,Computing & Peripherals,1TB NVMe Portable SSD,1,95000,0.15,80750.0,68000,12750.0,0,Delayed Transit
NEX-100386,2025-06-28,Ibadan,Bodija Outlet,Corporate B2B,Consumer Electronics,Sony WH-1000XM5 Headphones,1,285000,0.1,256500.0,195000,61500.0,0,Delayed Transit
NEX-100387,2025-06-16,Port Harcourt,GRA Phase 2 Store,In-Store Retail,Computing & Peripherals,Wireless Mechanical Keyboard,1,65000,0.0,65000.0,42000,23000.0,0,Fulfilled In-Store
NEX-100388,2025-07-10,Abuja,Wuse 2 Retail,In-Store Retail,Consumer Electronics,Sony WH-1000XM5 Headphones,1,285000,0.1,256500.0,195000,61500.0,0,Delivered On-Time
NEX-100389,2025-07-18,Lagos,Ikeja Mega-Store,Mobile App,Home Appliances,Double Door Refrigerator 320L,1,520000,0.36,333766.14,410000,-76233.86,0,Delivered On-Time
NEX-100390,2025-06-23,Lagos,Ikeja Mega-Store,Corporate B2B,Home Appliances,Digital Microwave Oven 25L,1,115000,0.2,92000.0,85000,7000.0,0,Delivered On-Time
NEX-100391,2025-07-07,Port Harcourt,Trans-Amadi Commercial,Corporate B2B,Home Appliances,Chest Freezer 200L,2,245000,0.15,416500.0,390000,26500.0,0,Delivered On-Time
NEX-100392,2025-05-17,Lagos,Lekki Mall Outlet,Web Direct,Home Appliances,Digital Microwave Oven 25L,4,115000,0.15,391000.0,340000,51000.0,0,Delivered On-Time
NEX-100393,2025-06-13,Ibadan,Bodija Outlet,Corporate B2B,Consumer Electronics,Sony WH-1000XM5 Headphones,1,285000,0.15,242250.0,195000,47250.0,0,Fulfilled In-Store
NEX-100394,2025-07-10,Kano,Nasarawa Road Branch,In-Store Retail,Computing & Peripherals,Ergonomic Office Chair Pro,1,185000,0.15,157250.0,130000,27250.0,0,Delayed Transit
NEX-100395,2025-05-23,Abuja,Wuse 2 Retail,Web Direct,Computing & Peripherals,27-inch 4K Gaming Monitor,2,310000,0.05,589000.0,470000,119000.0,0,Fulfilled In-Store
NEX-100396,2025-07-30,Lagos,Lekki Mall Outlet,Corporate B2B,Home Appliances,Inverter Split AC 1.5HP (AC-902),1,385000,0.28,276227.02,310000,-33772.98,1,Returned
NEX-100397,2025-05-26,Lagos,Victoria Island Flagship,Mobile App,Computing & Peripherals,Ergonomic Office Chair Pro,1,185000,0.0,185000.0,130000,55000.0,0,Delivered On-Time
NEX-100398,2025-07-09,Lagos,Surulere Hub,In-Store Retail,Computing & Peripherals,1TB NVMe Portable SSD,2,95000,0.1,171000.0,136000,35000.0,0,Delivered On-Time
NEX-100399,2025-07-29,Lagos,Ikeja Mega-Store,Mobile App,Home Appliances,Digital Microwave Oven 25L,4,115000,0.38,286312.16,340000,-53687.84,0,Delivered On-Time
NEX-100400,2025-05-02,Port Harcourt,GRA Phase 2 Store,Web Direct,Home Appliances,Double Door Refrigerator 320L,3,520000,0.1,1404000.0,1230000,174000.0,0,Fulfilled In-Store
NEX-100401,2025-07-09,Port Harcourt,GRA Phase 2 Store,Corporate B2B,Consumer Electronics,MacBook Pro 14 M3,1,1850000,0.2,1480000.0,1480000,0.0,0,Returned
NEX-100402,2025-07-05,Lagos,Ikeja Mega-Store,In-Store Retail,Computing & Peripherals,Ergonomic Office Chair Pro,1,185000,0.05,175750.0,130000,45750.0,0,Delivered On-Time
NEX-100403,2025-07-30,Ibadan,Ring Road Complex,In-Store Retail,Home Appliances,Chest Freezer 200L,1,245000,0.15,208250.0,195000,13250.0,0,Delayed Transit
NEX-100404,2025-07-02,Port Harcourt,Trans-Amadi Commercial,In-Store Retail,Computing & Peripherals,Ergonomic Office Chair Pro,1,185000,0.2,148000.0,130000,18000.0,0,Fulfilled In-Store
NEX-100405,2025-05-21,Lagos,Surulere Hub,In-Store Retail,Consumer Electronics,iPhone 15 Pro Max 256GB,1,1450000,0.0,1450000.0,1150000,300000.0,0,Returned
NEX-100406,2025-07-19,Abuja,Wuse 2 Retail,Corporate B2B,Computing & Peripherals,27-inch 4K Gaming Monitor,1,310000,0.0,310000.0,235000,75000.0,0,Delayed Transit
NEX-100407,2025-07-19,Lagos,Ikeja Mega-Store,Web Direct,Home Appliances,Digital Microwave Oven 25L,3,115000,0.37,215797.92,255000,-39202.08,0,Delivered On-Time
NEX-100408,2025-06-06,Lagos,Lekki Mall Outlet,Web Direct,Computing & Peripherals,Logitech MX Master 3S Mouse,1,75000,0.0,75000.0,52000,23000.0,0,Delivered On-Time
NEX-100409,2025-05-11,Ibadan,Ring Road Complex,Mobile App,Computing & Peripherals,1TB NVMe Portable SSD,1,95000,0.0,95000.0,68000,27000.0,0,Fulfilled In-Store
NEX-100410,2025-07-27,Lagos,Ikeja Mega-Store,In-Store Retail,Computing & Peripherals,Logitech MX Master 3S Mouse,1,75000,0.15,63750.0,52000,11750.0,0,Delivered On-Time
NEX-100411,2025-06-28,Port Harcourt,GRA Phase 2 Store,In-Store Retail,Consumer Electronics,iPhone 15 Pro Max 256GB,2,1450000,0.05,2755000.0,2300000,455000.0,0,Delivered On-Time
NEX-100412,2025-06-03,Lagos,Surulere Hub,Web Direct,Home Appliances,Smart Inverter Washing Machine 8kg,1,345000,0.05,327750.0,270000,57750.0,0,Delayed Transit
NEX-100413,2025-07-19,Lagos,Ikeja Mega-Store,Web Direct,Consumer Electronics,MacBook Pro 14 M3,3,1850000,0.0,5550000.0,4440000,1110000.0,0,Delivered On-Time
NEX-100414,2025-05-12,Lagos,Surulere Hub,In-Store Retail,Computing & Peripherals,27-inch 4K Gaming Monitor,1,310000,0.05,294500.0,235000,59500.0,0,Delivered On-Time
NEX-100415,2025-07-09,Lagos,Victoria Island Flagship,In-Store Retail,Computing & Peripherals,Ergonomic Office Chair Pro,4,185000,0.0,740000.0,520000,220000.0,0,Delivered On-Time
NEX-100416,2025-05-06,Lagos,Surulere Hub,Web Direct,Consumer Electronics,MacBook Pro 14 M3,1,1850000,0.1,1665000.0,1480000,185000.0,0,Delivered On-Time
NEX-100417,2025-07-22,Kano,Nasarawa Road Branch,In-Store Retail,Consumer Electronics,Dell XPS 15 Laptop,2,1650000,0.0,3300000.0,2640000,660000.0,0,Fulfilled In-Store
NEX-100418,2025-05-07,Kano,Bompai Trade Centre,Web Direct,Consumer Electronics,MacBook Pro 14 M3,1,1850000,0.0,1850000.0,1480000,370000.0,0,Delivered On-Time
NEX-100419,2025-06-12,Lagos,Victoria Island Flagship,In-Store Retail,Computing & Peripherals,27-inch 4K Gaming Monitor,3,310000,0.0,930000.0,705000,225000.0,0,Delayed Transit
NEX-100420,2025-06-09,Abuja,Central Business District Store,Web Direct,Home Appliances,Smart Inverter Washing Machine 8kg,4,345000,0.0,1380000.0,1080000,300000.0,0,Fulfilled In-Store
NEX-100421,2025-07-31,Port Harcourt,Trans-Amadi Commercial,In-Store Retail,Home Appliances,Double Door Refrigerator 320L,1,520000,0.0,520000.0,410000,110000.0,0,Delivered On-Time
NEX-100422,2025-06-09,Abuja,Central Business District Store,In-Store Retail,Computing & Peripherals,27-inch 4K Gaming Monitor,2,310000,0.15,527000.0,470000,57000.0,0,Delivered On-Time
NEX-100423,2025-06-03,Port Harcourt,GRA Phase 2 Store,Web Direct,Consumer Electronics,Dell XPS 15 Laptop,1,1650000,0.1,1485000.0,1320000,165000.0,0,Fulfilled In-Store
NEX-100424,2025-05-28,Kano,Bompai Trade Centre,Web Direct,Computing & Peripherals,Logitech MX Master 3S Mouse,1,75000,0.0,75000.0,52000,23000.0,0,Fulfilled In-Store
NEX-100425,2025-07-15,Port Harcourt,Trans-Amadi Commercial,In-Store Retail,Computing & Peripherals,1TB NVMe Portable SSD,1,95000,0.0,95000.0,68000,27000.0,1,Returned
NEX-100426,2025-07-18,Abuja,Wuse 2 Retail,In-Store Retail,Consumer Electronics,iPhone 15 Pro Max 256GB,1,1450000,0.05,1377500.0,1150000,227500.0,0,Delivered On-Time
NEX-100427,2025-07-01,Ibadan,Ring Road Complex,In-Store Retail,Home Appliances,Double Door Refrigerator 320L,1,520000,0.0,520000.0,410000,110000.0,0,Delivered On-Time
NEX-100428,2025-06-16,Lagos,Surulere Hub,Corporate B2B,Consumer Electronics,MacBook Pro 14 M3,1,1850000,0.2,1480000.0,1480000,0.0,0,Delivered On-Time
NEX-100429,2025-06-03,Abuja,Wuse 2 Retail,In-Store Retail,Computing & Peripherals,Logitech MX Master 3S Mouse,1,75000,0.05,71250.0,52000,19250.0,0,Delivered On-Time
NEX-100430,2025-06-18,Ibadan,Ring Road Complex,Web Direct,Home Appliances,Smart Inverter Washing Machine 8kg,1,345000,0.05,327750.0,270000,57750.0,0,Delivered On-Time
NEX-100431,2025-05-18,Lagos,Victoria Island Flagship,In-Store Retail,Computing & Peripherals,Ergonomic Office Chair Pro,1,185000,0.0,185000.0,130000,55000.0,0,Delayed Transit
NEX-100432,2025-05-16,Abuja,Maitama Galleria,Corporate B2B,Computing & Peripherals,27-inch 4K Gaming Monitor,1,310000,0.05,294500.0,235000,59500.0,0,Delivered On-Time
NEX-100433,2025-06-22,Lagos,Ikeja Mega-Store,In-Store Retail,Computing & Peripherals,Wireless Mechanical Keyboard,1,65000,0.05,61750.0,42000,19750.0,0,Delivered On-Time
NEX-100434,2025-05-22,Lagos,Victoria Island Flagship,Web Direct,Home Appliances,Chest Freezer 200L,4,245000,0.05,931000.0,780000,151000.0,0,Delayed Transit
NEX-100435,2025-06-06,Ibadan,Ring Road Complex,In-Store Retail,Home Appliances,Digital Microwave Oven 25L,1,115000,0.1,103500.0,85000,18500.0,0,Fulfilled In-Store
NEX-100436,2025-05-24,Abuja,Wuse 2 Retail,In-Store Retail,Computing & Peripherals,Ergonomic Office Chair Pro,3,185000,0.05,527250.0,390000,137250.0,0,Delivered On-Time
NEX-100437,2025-05-17,Lagos,Victoria Island Flagship,Web Direct,Computing & Peripherals,Logitech MX Master 3S Mouse,2,75000,0.05,142500.0,104000,38500.0,0,Fulfilled In-Store
NEX-100438,2025-07-16,Lagos,Ikeja Mega-Store,In-Store Retail,Computing & Peripherals,Wireless Mechanical Keyboard,3,65000,0.05,185250.0,126000,59250.0,1,Returned
NEX-100439,2025-07-26,Abuja,Wuse 2 Retail,In-Store Retail,Consumer Electronics,Dell XPS 15 Laptop,1,1650000,0.15,1402500.0,1320000,82500.0,0,Fulfilled In-Store
NEX-100440,2025-06-14,Abuja,Wuse 2 Retail,Mobile App,Computing & Peripherals,1TB NVMe Portable SSD,1,95000,0.0,95000.0,68000,27000.0,0,Delivered On-Time
NEX-100441,2025-05-11,Lagos,Surulere Hub,In-Store Retail,Consumer Electronics,Galaxy S24 Ultra 512GB,1,1250000,0.0,1250000.0,950000,300000.0,1,Returned
NEX-100442,2025-07-28,Port Harcourt,Trans-Amadi Commercial,In-Store Retail,Consumer Electronics,Sony WH-1000XM5 Headphones,1,285000,0.0,285000.0,195000,90000.0,0,Delivered On-Time
NEX-100443,2025-06-16,Abuja,Wuse 2 Retail,In-Store Retail,Consumer Electronics,Sony WH-1000XM5 Headphones,1,285000,0.05,270750.0,195000,75750.0,0,Delivered On-Time
NEX-100444,2025-07-01,Lagos,Lekki Mall Outlet,Web Direct,Computing & Peripherals,Logitech MX Master 3S Mouse,2,75000,0.15,127500.0,104000,23500.0,0,Delayed Transit
NEX-100445,2025-06-27,Port Harcourt,GRA Phase 2 Store,In-Store Retail,Computing & Peripherals,Logitech MX Master 3S Mouse,2,75000,0.1,135000.0,104000,31000.0,0,Delayed Transit
NEX-100446,2025-05-07,Lagos,Ikeja Mega-Store,Corporate B2B,Consumer Electronics,Sony WH-1000XM5 Headphones,3,285000,0.0,855000.0,585000,270000.0,0,Delivered On-Time
NEX-100447,2025-05-11,Abuja,Wuse 2 Retail,In-Store Retail,Home Appliances,Chest Freezer 200L,1,245000,0.0,245000.0,195000,50000.0,0,Delivered On-Time
NEX-100448,2025-05-23,Abuja,Maitama Galleria,In-Store Retail,Computing & Peripherals,1TB NVMe Portable SSD,1,95000,0.0,95000.0,68000,27000.0,0,Delivered On-Time
NEX-100449,2025-05-30,Abuja,Wuse 2 Retail,In-Store Retail,Consumer Electronics,Galaxy S24 Ultra 512GB,4,1250000,0.0,5000000.0,3800000,1200000.0,0,Delivered On-Time
NEX-100450,2025-07-25,Lagos,Victoria Island Flagship,Web Direct,Computing & Peripherals,27-inch 4K Gaming Monitor,3,310000,0.05,883500.0,705000,178500.0,0,Delivered On-Time
NEX-100451,2025-07-14,Lagos,Lekki Mall Outlet,In-Store Retail,Consumer Electronics,Sony WH-1000XM5 Headphones,3,285000,0.05,812250.0,585000,227250.0,0,Delivered On-Time
NEX-100452,2025-05-14,Abuja,Wuse 2 Retail,In-Store Retail,Consumer Electronics,Dell XPS 15 Laptop,4,1650000,0.15,5610000.0,5280000,330000.0,0,Delivered On-Time
NEX-100453,2025-07-28,Lagos,Surulere Hub,Web Direct,Consumer Electronics,MacBook Pro 14 M3,4,1850000,0.05,7030000.0,5920000,1110000.0,0,Delivered On-Time
NEX-100454,2025-05-04,Abuja,Maitama Galleria,In-Store Retail,Computing & Peripherals,Wireless Mechanical Keyboard,1,65000,0.0,65000.0,42000,23000.0,0,Returned
NEX-100455,2025-07-06,Abuja,Wuse 2 Retail,Corporate B2B,Consumer Electronics,MacBook Pro 14 M3,1,1850000,0.05,1757500.0,1480000,277500.0,0,Delivered On-Time
NEX-100456,2025-05-23,Abuja,Maitama Galleria,In-Store Retail,Computing & Peripherals,Ergonomic Office Chair Pro,1,185000,0.1,166500.0,130000,36500.0,0,Delivered On-Time
NEX-100457,2025-05-26,Lagos,Victoria Island Flagship,Corporate B2B,Consumer Electronics,iPhone 15 Pro Max 256GB,1,1450000,0.0,1450000.0,1150000,300000.0,0,Delivered On-Time
NEX-100458,2025-05-14,Lagos,Ikeja Mega-Store,Web Direct,Computing & Peripherals,Logitech MX Master 3S Mouse,1,75000,0.1,67500.0,52000,15500.0,0,Delivered On-Time
NEX-100459,2025-07-01,Lagos,Lekki Mall Outlet,In-Store Retail,Computing & Peripherals,Ergonomic Office Chair Pro,1,185000,0.2,148000.0,130000,18000.0,0,Delivered On-Time
NEX-100460,2025-05-29,Port Harcourt,GRA Phase 2 Store,In-Store Retail,Home Appliances,Digital Microwave Oven 25L,3,115000,0.0,345000.0,255000,90000.0,0,Fulfilled In-Store
NEX-100461,2025-05-23,Abuja,Central Business District Store,Web Direct,Home Appliances,Smart Inverter Washing Machine 8kg,1,345000,0.0,345000.0,270000,75000.0,0,Delivered On-Time
NEX-100462,2025-06-11,Lagos,Lekki Mall Outlet,In-Store Retail,Home Appliances,Double Door Refrigerator 320L,1,520000,0.2,416000.0,410000,6000.0,0,Delivered On-Time
NEX-100463,2025-06-24,Lagos,Lekki Mall Outlet,In-Store Retail,Home Appliances,Smart Inverter Washing Machine 8kg,1,345000,0.05,327750.0,270000,57750.0,0,Delayed Transit
NEX-100464,2025-05-13,Port Harcourt,GRA Phase 2 Store,Web Direct,Home Appliances,Double Door Refrigerator 320L,1,520000,0.2,416000.0,410000,6000.0,0,Fulfilled In-Store
NEX-100465,2025-05-23,Lagos,Victoria Island Flagship,Mobile App,Computing & Peripherals,1TB NVMe Portable SSD,1,95000,0.0,95000.0,68000,27000.0,0,Delivered On-Time
NEX-100466,2025-07-12,Lagos,Ikeja Mega-Store,Web Direct,Consumer Electronics,iPhone 15 Pro Max 256GB,2,1450000,0.05,2755000.0,2300000,455000.0,0,Delivered On-Time
NEX-100467,2025-06-12,Lagos,Lekki Mall Outlet,Web Direct,Home Appliances,Smart Inverter Washing Machine 8kg,1,345000,0.0,345000.0,270000,75000.0,0,Returned
NEX-100468,2025-05-26,Abuja,Wuse 2 Retail,Web Direct,Consumer Electronics,MacBook Pro 14 M3,1,1850000,0.05,1757500.0,1480000,277500.0,0,Delayed Transit
NEX-100469,2025-05-11,Lagos,Lekki Mall Outlet,In-Store Retail,Consumer Electronics,iPhone 15 Pro Max 256GB,1,1450000,0.15,1232500.0,1150000,82500.0,0,Delayed Transit
NEX-100470,2025-06-21,Port Harcourt,GRA Phase 2 Store,In-Store Retail,Home Appliances,Double Door Refrigerator 320L,1,520000,0.05,494000.0,410000,84000.0,0,Delayed Transit
NEX-100471,2025-06-20,Lagos,Surulere Hub,Corporate B2B,Home Appliances,Chest Freezer 200L,1,245000,0.05,232750.0,195000,37750.0,0,Fulfilled In-Store
NEX-100472,2025-05-17,Port Harcourt,Trans-Amadi Commercial,Mobile App,Computing & Peripherals,27-inch 4K Gaming Monitor,1,310000,0.0,310000.0,235000,75000.0,0,Fulfilled In-Store
NEX-100473,2025-06-30,Abuja,Central Business District Store,Corporate B2B,Computing & Peripherals,27-inch 4K Gaming Monitor,1,310000,0.05,294500.0,235000,59500.0,0,Fulfilled In-Store
NEX-100474,2025-06-19,Lagos,Victoria Island Flagship,Web Direct,Home Appliances,Double Door Refrigerator 320L,1,520000,0.1,468000.0,410000,58000.0,1,Returned
NEX-100475,2025-06-11,Kano,Bompai Trade Centre,Mobile App,Computing & Peripherals,Ergonomic Office Chair Pro,1,185000,0.0,185000.0,130000,55000.0,0,Delivered On-Time
NEX-100476,2025-07-15,Abuja,Wuse 2 Retail,Web Direct,Computing & Peripherals,Logitech MX Master 3S Mouse,1,75000,0.05,71250.0,52000,19250.0,0,Delivered On-Time
NEX-100477,2025-07-09,Lagos,Ikeja Mega-Store,In-Store Retail,Home Appliances,Digital Microwave Oven 25L,1,115000,0.31,79308.91,85000,-5691.09,1,Returned
NEX-100478,2025-05-18,Lagos,Surulere Hub,Web Direct,Computing & Peripherals,Logitech MX Master 3S Mouse,3,75000,0.05,213750.0,156000,57750.0,1,Returned
NEX-100479,2025-06-07,Abuja,Central Business District Store,Web Direct,Consumer Electronics,Sony WH-1000XM5 Headphones,3,285000,0.0,855000.0,585000,270000.0,0,Delayed Transit
NEX-100480,2025-07-22,Lagos,Surulere Hub,In-Store Retail,Consumer Electronics,Sony WH-1000XM5 Headphones,1,285000,0.05,270750.0,195000,75750.0,0,Delayed Transit
NEX-100481,2025-07-28,Abuja,Maitama Galleria,Web Direct,Computing & Peripherals,Ergonomic Office Chair Pro,1,185000,0.15,157250.0,130000,27250.0,0,Delivered On-Time
NEX-100482,2025-07-21,Abuja,Maitama Galleria,In-Store Retail,Computing & Peripherals,Logitech MX Master 3S Mouse,1,75000,0.0,75000.0,52000,23000.0,0,Delivered On-Time
NEX-100483,2025-05-24,Ibadan,Bodija Outlet,In-Store Retail,Computing & Peripherals,Logitech MX Master 3S Mouse,2,75000,0.0,150000.0,104000,46000.0,0,Delivered On-Time
NEX-100484,2025-06-13,Lagos,Surulere Hub,Mobile App,Home Appliances,Inverter Split AC 1.5HP (AC-902),1,385000,0.1,346500.0,310000,36500.0,0,Delivered On-Time
NEX-100485,2025-06-20,Lagos,Surulere Hub,In-Store Retail,Home Appliances,Digital Microwave Oven 25L,2,115000,0.0,230000.0,170000,60000.0,0,Delivered On-Time
NEX-100486,2025-06-26,Lagos,Ikeja Mega-Store,In-Store Retail,Computing & Peripherals,27-inch 4K Gaming Monitor,1,310000,0.2,248000.0,235000,13000.0,0,Delayed Transit
NEX-100487,2025-06-09,Ibadan,Ring Road Complex,Web Direct,Consumer Electronics,Dell XPS 15 Laptop,1,1650000,0.0,1650000.0,1320000,330000.0,0,Delivered On-Time
NEX-100488,2025-05-07,Kano,Nasarawa Road Branch,Mobile App,Consumer Electronics,Sony WH-1000XM5 Headphones,1,285000,0.0,285000.0,195000,90000.0,0,Delivered On-Time
NEX-100489,2025-06-01,Lagos,Ikeja Mega-Store,Web Direct,Computing & Peripherals,Logitech MX Master 3S Mouse,1,75000,0.0,75000.0,52000,23000.0,0,Delivered On-Time
NEX-100490,2025-07-03,Lagos,Lekki Mall Outlet,Mobile App,Computing & Peripherals,27-inch 4K Gaming Monitor,1,310000,0.05,294500.0,235000,59500.0,0,Fulfilled In-Store
NEX-100491,2025-05-17,Abuja,Maitama Galleria,Mobile App,Computing & Peripherals,Ergonomic Office Chair Pro,2,185000,0.0,370000.0,260000,110000.0,0,Delayed Transit
NEX-100492,2025-06-15,Port Harcourt,Trans-Amadi Commercial,Corporate B2B,Home Appliances,Digital Microwave Oven 25L,1,115000,0.05,109250.0,85000,24250.0,0,Delivered On-Time
NEX-100493,2025-07-09,Lagos,Surulere Hub,In-Store Retail,Computing & Peripherals,1TB NVMe Portable SSD,1,95000,0.05,90250.0,68000,22250.0,0,Fulfilled In-Store
NEX-100494,2025-07-09,Lagos,Ikeja Mega-Store,Corporate B2B,Computing & Peripherals,Logitech MX Master 3S Mouse,2,75000,0.15,127500.0,104000,23500.0,0,Delivered On-Time
NEX-100495,2025-07-19,Lagos,Ikeja Mega-Store,Web Direct,Computing & Peripherals,Logitech MX Master 3S Mouse,1,75000,0.05,71250.0,52000,19250.0,0,Delivered On-Time
NEX-100496,2025-06-06,Lagos,Lekki Mall Outlet,In-Store Retail,Computing & Peripherals,27-inch 4K Gaming Monitor,1,310000,0.15,263500.0,235000,28500.0,0,Delivered On-Time
NEX-100497,2025-05-14,Abuja,Central Business District Store,In-Store Retail,Computing & Peripherals,Logitech MX Master 3S Mouse,1,75000,0.05,71250.0,52000,19250.0,0,Delivered On-Time
NEX-100498,2025-06-16,Lagos,Ikeja Mega-Store,In-Store Retail,Consumer Electronics,Sony WH-1000XM5 Headphones,3,285000,0.1,769500.0,585000,184500.0,0,Delayed Transit
NEX-100499,2025-06-16,Abuja,Maitama Galleria,Corporate B2B,Computing & Peripherals,27-inch 4K Gaming Monitor,2,310000,0.0,620000.0,470000,150000.0,0,Delivered On-Time
NEX-100500,2025-06-08,Lagos,Victoria Island Flagship,Mobile App,Consumer Electronics,Galaxy S24 Ultra 512GB,2,1250000,0.05,2375000.0,1900000,475000.0,0,Delivered On-Time
NEX-100501,2025-06-01,Abuja,Central Business District Store,Web Direct,Computing & Peripherals,Logitech MX Master 3S Mouse,2,75000,0.1,135000.0,104000,31000.0,0,Delayed Transit
NEX-100502,2025-07-29,Abuja,Central Business District Store,In-Store Retail,Consumer Electronics,Dell XPS 15 Laptop,1,1650000,0.0,1650000.0,1320000,330000.0,0,Returned
NEX-100503,2025-06-26,Ibadan,Bodija Outlet,Web Direct,Home Appliances,Smart Inverter Washing Machine 8kg,1,345000,0.05,327750.0,270000,57750.0,0,Delivered On-Time
NEX-100504,2025-05-31,Abuja,Central Business District Store,In-Store Retail,Computing & Peripherals,Ergonomic Office Chair Pro,1,185000,0.05,175750.0,130000,45750.0,0,Delivered On-Time
NEX-100505,2025-05-05,Ibadan,Ring Road Complex,Web Direct,Home Appliances,Inverter Split AC 1.5HP (AC-902),1,385000,0.0,385000.0,310000,75000.0,0,Delivered On-Time
NEX-100506,2025-07-28,Port Harcourt,GRA Phase 2 Store,In-Store Retail,Home Appliances,Smart Inverter Washing Machine 8kg,1,345000,0.0,345000.0,270000,75000.0,0,Delivered On-Time
NEX-100507,2025-06-02,Port Harcourt,GRA Phase 2 Store,Web Direct,Computing & Peripherals,Wireless Mechanical Keyboard,2,65000,0.1,117000.0,84000,33000.0,0,Delivered On-Time
NEX-100508,2025-07-28,Port Harcourt,GRA Phase 2 Store,Web Direct,Home Appliances,Inverter Split AC 1.5HP (AC-902),2,385000,0.05,731500.0,620000,111500.0,1,Returned
NEX-100509,2025-06-12,Lagos,Surulere Hub,In-Store Retail,Consumer Electronics,iPhone 15 Pro Max 256GB,2,1450000,0.1,2610000.0,2300000,310000.0,0,Delayed Transit
NEX-100510,2025-07-20,Lagos,Lekki Mall Outlet,Web Direct,Home Appliances,Chest Freezer 200L,1,245000,0.31,168392.63,195000,-26607.37,0,Delivered On-Time
NEX-100511,2025-07-26,Port Harcourt,Trans-Amadi Commercial,Mobile App,Computing & Peripherals,1TB NVMe Portable SSD,1,95000,0.0,95000.0,68000,27000.0,0,Delivered On-Time
NEX-100512,2025-05-17,Lagos,Surulere Hub,Web Direct,Consumer Electronics,Dell XPS 15 Laptop,1,1650000,0.0,1650000.0,1320000,330000.0,0,Fulfilled In-Store
NEX-100513,2025-05-17,Port Harcourt,Trans-Amadi Commercial,Web Direct,Home Appliances,Digital Microwave Oven 25L,1,115000,0.0,115000.0,85000,30000.0,0,Delayed Transit
NEX-100514,2025-06-01,Lagos,Lekki Mall Outlet,Corporate B2B,Home Appliances,Chest Freezer 200L,1,245000,0.05,232750.0,195000,37750.0,0,Delivered On-Time
NEX-100515,2025-06-11,Lagos,Ikeja Mega-Store,Corporate B2B,Consumer Electronics,MacBook Pro 14 M3,1,1850000,0.2,1480000.0,1480000,0.0,0,Delivered On-Time
NEX-100516,2025-05-06,Kano,Nasarawa Road Branch,In-Store Retail,Home Appliances,Double Door Refrigerator 320L,2,520000,0.15,884000.0,820000,64000.0,0,Delivered On-Time
NEX-100517,2025-07-19,Kano,Bompai Trade Centre,In-Store Retail,Computing & Peripherals,27-inch 4K Gaming Monitor,1,310000,0.05,294500.0,235000,59500.0,0,Delayed Transit
NEX-100518,2025-05-28,Lagos,Lekki Mall Outlet,Web Direct,Computing & Peripherals,Wireless Mechanical Keyboard,1,65000,0.05,61750.0,42000,19750.0,0,Fulfilled In-Store
NEX-100519,2025-07-07,Lagos,Victoria Island Flagship,In-Store Retail,Consumer Electronics,Dell XPS 15 Laptop,1,1650000,0.05,1567500.0,1320000,247500.0,0,Delivered On-Time
NEX-100520,2025-07-24,Lagos,Lekki Mall Outlet,Corporate B2B,Consumer Electronics,MacBook Pro 14 M3,2,1850000,0.05,3515000.0,2960000,555000.0,0,Delivered On-Time
NEX-100521,2025-07-30,Lagos,Lekki Mall Outlet,In-Store Retail,Computing & Peripherals,1TB NVMe Portable SSD,1,95000,0.0,95000.0,68000,27000.0,0,Delivered On-Time
NEX-100522,2025-07-31,Lagos,Victoria Island Flagship,Mobile App,Home Appliances,Smart Inverter Washing Machine 8kg,1,345000,0.35,222718.52,270000,-47281.48,1,Returned
NEX-100523,2025-06-15,Abuja,Central Business District Store,Mobile App,Computing & Peripherals,Ergonomic Office Chair Pro,2,185000,0.05,351500.0,260000,91500.0,0,Fulfilled In-Store
NEX-100524,2025-05-04,Ibadan,Bodija Outlet,In-Store Retail,Home Appliances,Digital Microwave Oven 25L,1,115000,0.0,115000.0,85000,30000.0,0,Returned
NEX-100525,2025-07-18,Kano,Nasarawa Road Branch,In-Store Retail,Computing & Peripherals,Wireless Mechanical Keyboard,1,65000,0.0,65000.0,42000,23000.0,0,Delivered On-Time
NEX-100526,2025-05-17,Lagos,Victoria Island Flagship,Web Direct,Computing & Peripherals,Wireless Mechanical Keyboard,2,65000,0.0,130000.0,84000,46000.0,0,Delivered On-Time
NEX-100527,2025-05-18,Lagos,Victoria Island Flagship,Web Direct,Computing & Peripherals,Wireless Mechanical Keyboard,1,65000,0.05,61750.0,42000,19750.0,0,Delivered On-Time
NEX-100528,2025-06-10,Port Harcourt,GRA Phase 2 Store,Web Direct,Home Appliances,Digital Microwave Oven 25L,4,115000,0.0,460000.0,340000,120000.0,0,Fulfilled In-Store
NEX-100529,2025-07-21,Ibadan,Bodija Outlet,In-Store Retail,Consumer Electronics,Galaxy S24 Ultra 512GB,1,1250000,0.0,1250000.0,950000,300000.0,0,Delayed Transit
NEX-100530,2025-07-17,Abuja,Central Business District Store,Web Direct,Consumer Electronics,Galaxy S24 Ultra 512GB,1,1250000,0.05,1187500.0,950000,237500.0,0,Delivered On-Time
NEX-100531,2025-07-17,Abuja,Wuse 2 Retail,In-Store Retail,Home Appliances,Digital Microwave Oven 25L,1,115000,0.0,115000.0,85000,30000.0,0,Delivered On-Time
NEX-100532,2025-05-02,Kano,Bompai Trade Centre,In-Store Retail,Computing & Peripherals,Wireless Mechanical Keyboard,2,65000,0.0,130000.0,84000,46000.0,0,Returned
NEX-100533,2025-07-18,Abuja,Maitama Galleria,Corporate B2B,Consumer Electronics,Sony WH-1000XM5 Headphones,1,285000,0.0,285000.0,195000,90000.0,0,Delivered On-Time
NEX-100534,2025-06-10,Lagos,Ikeja Mega-Store,Web Direct,Home Appliances,Digital Microwave Oven 25L,2,115000,0.0,230000.0,170000,60000.0,0,Delivered On-Time
NEX-100535,2025-06-20,Ibadan,Ring Road Complex,Web Direct,Computing & Peripherals,27-inch 4K Gaming Monitor,1,310000,0.0,310000.0,235000,75000.0,0,Fulfilled In-Store
NEX-100536,2025-06-06,Abuja,Maitama Galleria,In-Store Retail,Consumer Electronics,Dell XPS 15 Laptop,3,1650000,0.05,4702500.0,3960000,742500.0,0,Delivered On-Time
NEX-100537,2025-07-04,Lagos,Victoria Island Flagship,In-Store Retail,Home Appliances,Digital Microwave Oven 25L,1,115000,0.33,77582.67,85000,-7417.33,0,Fulfilled In-Store
NEX-100538,2025-06-28,Lagos,Lekki Mall Outlet,Web Direct,Computing & Peripherals,Wireless Mechanical Keyboard,2,65000,0.0,130000.0,84000,46000.0,0,Delivered On-Time
NEX-100539,2025-06-16,Lagos,Surulere Hub,Web Direct,Computing & Peripherals,1TB NVMe Portable SSD,3,95000,0.0,285000.0,204000,81000.0,0,Fulfilled In-Store
NEX-100540,2025-06-12,Abuja,Wuse 2 Retail,Corporate B2B,Consumer Electronics,iPhone 15 Pro Max 256GB,1,1450000,0.1,1305000.0,1150000,155000.0,0,Delivered On-Time
NEX-100541,2025-06-27,Lagos,Victoria Island Flagship,In-Store Retail,Consumer Electronics,iPhone 15 Pro Max 256GB,1,1450000,0.1,1305000.0,1150000,155000.0,1,Returned
NEX-100542,2025-07-03,Abuja,Central Business District Store,Web Direct,Home Appliances,Double Door Refrigerator 320L,1,520000,0.05,494000.0,410000,84000.0,0,Delivered On-Time
NEX-100543,2025-07-16,Abuja,Central Business District Store,Corporate B2B,Home Appliances,Chest Freezer 200L,1,245000,0.1,220500.0,195000,25500.0,0,Delivered On-Time
NEX-100544,2025-05-08,Abuja,Central Business District Store,In-Store Retail,Consumer Electronics,Dell XPS 15 Laptop,2,1650000,0.0,3300000.0,2640000,660000.0,0,Delivered On-Time
NEX-100545,2025-06-23,Ibadan,Ring Road Complex,Web Direct,Computing & Peripherals,1TB NVMe Portable SSD,1,95000,0.05,90250.0,68000,22250.0,0,Delayed Transit
NEX-100546,2025-06-16,Ibadan,Ring Road Complex,Corporate B2B,Home Appliances,Smart Inverter Washing Machine 8kg,3,345000,0.1,931500.0,810000,121500.0,0,Fulfilled In-Store
NEX-100547,2025-05-09,Lagos,Victoria Island Flagship,In-Store Retail,Home Appliances,Smart Inverter Washing Machine 8kg,1,345000,0.05,327750.0,270000,57750.0,0,Delayed Transit
NEX-100548,2025-05-14,Abuja,Wuse 2 Retail,Web Direct,Consumer Electronics,Sony WH-1000XM5 Headphones,2,285000,0.05,541500.0,390000,151500.0,0,Delayed Transit
NEX-100549,2025-06-24,Abuja,Maitama Galleria,In-Store Retail,Computing & Peripherals,1TB NVMe Portable SSD,1,95000,0.0,95000.0,68000,27000.0,0,Delivered On-Time
NEX-100550,2025-07-20,Abuja,Central Business District Store,Corporate B2B,Consumer Electronics,MacBook Pro 14 M3,4,1850000,0.0,7400000.0,5920000,1480000.0,1,Returned
NEX-100551,2025-05-16,Port Harcourt,GRA Phase 2 Store,Corporate B2B,Home Appliances,Digital Microwave Oven 25L,1,115000,0.0,115000.0,85000,30000.0,0,Delivered On-Time
NEX-100552,2025-07-21,Lagos,Lekki Mall Outlet,In-Store Retail,Consumer Electronics,MacBook Pro 14 M3,1,1850000,0.05,1757500.0,1480000,277500.0,0,Delivered On-Time
NEX-100553,2025-06-12,Lagos,Ikeja Mega-Store,Corporate B2B,Consumer Electronics,MacBook Pro 14 M3,2,1850000,0.15,3145000.0,2960000,185000.0,0,Delivered On-Time
NEX-100554,2025-05-05,Abuja,Maitama Galleria,In-Store Retail,Home Appliances,Chest Freezer 200L,3,245000,0.05,698250.0,585000,113250.0,0,Fulfilled In-Store
NEX-100555,2025-05-08,Port Harcourt,Trans-Amadi Commercial,Web Direct,Computing & Peripherals,Ergonomic Office Chair Pro,1,185000,0.0,185000.0,130000,55000.0,0,Delivered On-Time
NEX-100556,2025-06-15,Lagos,Victoria Island Flagship,In-Store Retail,Consumer Electronics,MacBook Pro 14 M3,5,1850000,0.05,8787500.0,7400000,1387500.0,0,Delivered On-Time
NEX-100557,2025-06-19,Lagos,Ikeja Mega-Store,Corporate B2B,Home Appliances,Smart Inverter Washing Machine 8kg,2,345000,0.0,690000.0,540000,150000.0,0,Fulfilled In-Store
NEX-100558,2025-06-17,Abuja,Maitama Galleria,In-Store Retail,Home Appliances,Double Door Refrigerator 320L,1,520000,0.1,468000.0,410000,58000.0,0,Fulfilled In-Store
NEX-100559,2025-06-26,Abuja,Maitama Galleria,Mobile App,Consumer Electronics,iPhone 15 Pro Max 256GB,1,1450000,0.05,1377500.0,1150000,227500.0,0,Delivered On-Time
NEX-100560,2025-06-11,Lagos,Ikeja Mega-Store,Corporate B2B,Computing & Peripherals,Wireless Mechanical Keyboard,1,65000,0.0,65000.0,42000,23000.0,0,Fulfilled In-Store
NEX-100561,2025-05-15,Lagos,Ikeja Mega-Store,Web Direct,Computing & Peripherals,27-inch 4K Gaming Monitor,1,310000,0.15,263500.0,235000,28500.0,0,Fulfilled In-Store
NEX-100562,2025-06-09,Lagos,Lekki Mall Outlet,Web Direct,Consumer Electronics,MacBook Pro 14 M3,1,1850000,0.0,1850000.0,1480000,370000.0,0,Fulfilled In-Store
NEX-100563,2025-07-25,Lagos,Victoria Island Flagship,In-Store Retail,Consumer Electronics,Galaxy S24 Ultra 512GB,4,1250000,0.05,4750000.0,3800000,950000.0,0,Delivered On-Time
NEX-100564,2025-07-10,Lagos,Victoria Island Flagship,Mobile App,Home Appliances,Chest Freezer 200L,1,245000,0.29,174654.55,195000,-20345.45,0,Delivered On-Time
NEX-100565,2025-06-26,Lagos,Ikeja Mega-Store,In-Store Retail,Computing & Peripherals,27-inch 4K Gaming Monitor,1,310000,0.0,310000.0,235000,75000.0,0,Delivered On-Time
NEX-100566,2025-07-16,Kano,Bompai Trade Centre,Web Direct,Home Appliances,Smart Inverter Washing Machine 8kg,2,345000,0.1,621000.0,540000,81000.0,0,Delivered On-Time
NEX-100567,2025-06-29,Abuja,Central Business District Store,Corporate B2B,Computing & Peripherals,Logitech MX Master 3S Mouse,1,75000,0.0,75000.0,52000,23000.0,0,Fulfilled In-Store
NEX-100568,2025-06-30,Lagos,Victoria Island Flagship,In-Store Retail,Computing & Peripherals,Ergonomic Office Chair Pro,3,185000,0.0,555000.0,390000,165000.0,0,Delayed Transit
NEX-100569,2025-06-11,Abuja,Central Business District Store,In-Store Retail,Consumer Electronics,MacBook Pro 14 M3,1,1850000,0.1,1665000.0,1480000,185000.0,0,Delivered On-Time
NEX-100570,2025-07-13,Lagos,Ikeja Mega-Store,In-Store Retail,Computing & Peripherals,27-inch 4K Gaming Monitor,1,310000,0.05,294500.0,235000,59500.0,0,Delivered On-Time
NEX-100571,2025-06-21,Abuja,Central Business District Store,Web Direct,Computing & Peripherals,Wireless Mechanical Keyboard,4,65000,0.0,260000.0,168000,92000.0,0,Fulfilled In-Store
NEX-100572,2025-07-15,Lagos,Surulere Hub,Web Direct,Home Appliances,Chest Freezer 200L,1,245000,0.3,172159.41,195000,-22840.59,0,Delayed Transit
NEX-100573,2025-07-31,Abuja,Maitama Galleria,In-Store Retail,Computing & Peripherals,Logitech MX Master 3S Mouse,1,75000,0.0,75000.0,52000,23000.0,0,Delivered On-Time
NEX-100574,2025-06-21,Lagos,Ikeja Mega-Store,Web Direct,Computing & Peripherals,Logitech MX Master 3S Mouse,1,75000,0.05,71250.0,52000,19250.0,0,Delivered On-Time
NEX-100575,2025-05-18,Kano,Nasarawa Road Branch,Corporate B2B,Computing & Peripherals,Wireless Mechanical Keyboard,1,65000,0.0,65000.0,42000,23000.0,0,Delivered On-Time
NEX-100576,2025-05-27,Abuja,Maitama Galleria,In-Store Retail,Computing & Peripherals,Ergonomic Office Chair Pro,3,185000,0.15,471750.0,390000,81750.0,0,Fulfilled In-Store
NEX-100577,2025-05-12,Abuja,Wuse 2 Retail,Mobile App,Home Appliances,Double Door Refrigerator 320L,2,520000,0.0,1040000.0,820000,220000.0,0,Returned
NEX-100578,2025-05-01,Port Harcourt,Trans-Amadi Commercial,In-Store Retail,Home Appliances,Inverter Split AC 1.5HP (AC-902),1,385000,0.1,346500.0,310000,36500.0,0,Delivered On-Time
NEX-100579,2025-06-18,Lagos,Surulere Hub,Web Direct,Computing & Peripherals,Wireless Mechanical Keyboard,1,65000,0.0,65000.0,42000,23000.0,0,Fulfilled In-Store
NEX-100580,2025-06-23,Lagos,Victoria Island Flagship,In-Store Retail,Consumer Electronics,Galaxy S24 Ultra 512GB,1,1250000,0.15,1062500.0,950000,112500.0,0,Returned
NEX-100581,2025-05-18,Lagos,Surulere Hub,Corporate B2B,Computing & Peripherals,1TB NVMe Portable SSD,3,95000,0.05,270750.0,204000,66750.0,0,Delivered On-Time
NEX-100582,2025-06-27,Lagos,Victoria Island Flagship,In-Store Retail,Computing & Peripherals,27-inch 4K Gaming Monitor,1,310000,0.1,279000.0,235000,44000.0,0,Delivered On-Time
NEX-100583,2025-06-22,Kano,Bompai Trade Centre,In-Store Retail,Consumer Electronics,Dell XPS 15 Laptop,1,1650000,0.0,1650000.0,1320000,330000.0,0,Returned
NEX-100584,2025-05-11,Lagos,Lekki Mall Outlet,In-Store Retail,Consumer Electronics,Dell XPS 15 Laptop,3,1650000,0.0,4950000.0,3960000,990000.0,0,Delayed Transit
NEX-100585,2025-07-25,Lagos,Lekki Mall Outlet,Web Direct,Home Appliances,Chest Freezer 200L,2,245000,0.33,329825.42,390000,-60174.58,0,Delivered On-Time
NEX-100586,2025-06-12,Lagos,Lekki Mall Outlet,In-Store Retail,Consumer Electronics,Dell XPS 15 Laptop,2,1650000,0.1,2970000.0,2640000,330000.0,0,Delivered On-Time
NEX-100587,2025-06-30,Abuja,Wuse 2 Retail,In-Store Retail,Home Appliances,Chest Freezer 200L,1,245000,0.05,232750.0,195000,37750.0,0,Delivered On-Time
NEX-100588,2025-06-05,Lagos,Lekki Mall Outlet,In-Store Retail,Home Appliances,Inverter Split AC 1.5HP (AC-902),2,385000,0.05,731500.0,620000,111500.0,0,Delayed Transit
NEX-100589,2025-07-24,Lagos,Victoria Island Flagship,In-Store Retail,Computing & Peripherals,Wireless Mechanical Keyboard,1,65000,0.1,58500.0,42000,16500.0,0,Delivered On-Time
NEX-100590,2025-05-11,Ibadan,Ring Road Complex,Corporate B2B,Home Appliances,Digital Microwave Oven 25L,1,115000,0.0,115000.0,85000,30000.0,0,Delivered On-Time
NEX-100591,2025-06-14,Lagos,Lekki Mall Outlet,Corporate B2B,Consumer Electronics,Galaxy S24 Ultra 512GB,1,1250000,0.0,1250000.0,950000,300000.0,0,Delayed Transit
NEX-100592,2025-07-08,Lagos,Surulere Hub,In-Store Retail,Consumer Electronics,Dell XPS 15 Laptop,2,1650000,0.0,3300000.0,2640000,660000.0,0,Delivered On-Time
NEX-100593,2025-07-26,Lagos,Ikeja Mega-Store,In-Store Retail,Computing & Peripherals,Ergonomic Office Chair Pro,4,185000,0.0,740000.0,520000,220000.0,0,Fulfilled In-Store
NEX-100594,2025-06-12,Lagos,Ikeja Mega-Store,In-Store Retail,Computing & Peripherals,Logitech MX Master 3S Mouse,1,75000,0.05,71250.0,52000,19250.0,0,Delayed Transit
NEX-100595,2025-05-25,Abuja,Wuse 2 Retail,Web Direct,Consumer Electronics,MacBook Pro 14 M3,1,1850000,0.05,1757500.0,1480000,277500.0,0,Delivered On-Time
NEX-100596,2025-05-13,Abuja,Wuse 2 Retail,In-Store Retail,Consumer Electronics,MacBook Pro 14 M3,1,1850000,0.0,1850000.0,1480000,370000.0,0,Delivered On-Time
NEX-100597,2025-07-16,Abuja,Central Business District Store,Mobile App,Computing & Peripherals,27-inch 4K Gaming Monitor,2,310000,0.0,620000.0,470000,150000.0,0,Delivered On-Time
NEX-100598,2025-07-24,Port Harcourt,GRA Phase 2 Store,Corporate B2B,Computing & Peripherals,Wireless Mechanical Keyboard,1,65000,0.05,61750.0,42000,19750.0,0,Delayed Transit
NEX-100599,2025-06-05,Port Harcourt,Trans-Amadi Commercial,In-Store Retail,Consumer Electronics,MacBook Pro 14 M3,2,1850000,0.0,3700000.0,2960000,740000.0,0,Delivered On-Time
NEX-100600,2025-06-03,Lagos,Ikeja Mega-Store,In-Store Retail,Consumer Electronics,Dell XPS 15 Laptop,1,1650000,0.05,1567500.0,1320000,247500.0,0,Delivered On-Time
NEX-100601,2025-06-25,Lagos,Ikeja Mega-Store,Mobile App,Computing & Peripherals,Ergonomic Office Chair Pro,1,185000,0.0,185000.0,130000,55000.0,0,Delivered On-Time
NEX-100602,2025-06-27,Lagos,Surulere Hub,In-Store Retail,Computing & Peripherals,27-inch 4K Gaming Monitor,3,310000,0.05,883500.0,705000,178500.0,0,Delayed Transit
NEX-100603,2025-06-20,Abuja,Wuse 2 Retail,Web Direct,Home Appliances,Digital Microwave Oven 25L,1,115000,0.1,103500.0,85000,18500.0,0,Fulfilled In-Store
NEX-100604,2025-07-09,Lagos,Surulere Hub,Mobile App,Home Appliances,Inverter Split AC 1.5HP (AC-902),1,385000,0.37,241200.88,310000,-68799.12,0,Delayed Transit
NEX-100605,2025-06-21,Lagos,Ikeja Mega-Store,In-Store Retail,Home Appliances,Inverter Split AC 1.5HP (AC-902),2,385000,0.1,693000.0,620000,73000.0,0,Delivered On-Time
NEX-100606,2025-07-10,Lagos,Surulere Hub,Web Direct,Home Appliances,Digital Microwave Oven 25L,3,115000,0.34,226643.7,255000,-28356.3,0,Delivered On-Time
NEX-100607,2025-07-20,Lagos,Victoria Island Flagship,In-Store Retail,Consumer Electronics,Galaxy S24 Ultra 512GB,2,1250000,0.05,2375000.0,1900000,475000.0,0,Delivered On-Time
NEX-100608,2025-07-09,Abuja,Maitama Galleria,Web Direct,Home Appliances,Inverter Split AC 1.5HP (AC-902),1,385000,0.0,385000.0,310000,75000.0,0,Delivered On-Time
NEX-100609,2025-05-16,Lagos,Surulere Hub,Mobile App,Computing & Peripherals,Wireless Mechanical Keyboard,2,65000,0.0,130000.0,84000,46000.0,0,Delayed Transit
NEX-100610,2025-07-02,Abuja,Maitama Galleria,Mobile App,Computing & Peripherals,27-inch 4K Gaming Monitor,1,310000,0.05,294500.0,235000,59500.0,1,Returned
NEX-100611,2025-06-09,Port Harcourt,GRA Phase 2 Store,In-Store Retail,Consumer Electronics,Dell XPS 15 Laptop,1,1650000,0.1,1485000.0,1320000,165000.0,0,Delivered On-Time
NEX-100612,2025-07-18,Lagos,Victoria Island Flagship,In-Store Retail,Computing & Peripherals,Logitech MX Master 3S Mouse,1,75000,0.2,60000.0,52000,8000.0,0,Delivered On-Time
NEX-100613,2025-05-28,Port Harcourt,GRA Phase 2 Store,In-Store Retail,Consumer Electronics,MacBook Pro 14 M3,1,1850000,0.0,1850000.0,1480000,370000.0,0,Delivered On-Time
NEX-100614,2025-06-26,Lagos,Ikeja Mega-Store,In-Store Retail,Computing & Peripherals,1TB NVMe Portable SSD,1,95000,0.0,95000.0,68000,27000.0,0,Delivered On-Time
NEX-100615,2025-05-01,Lagos,Ikeja Mega-Store,Web Direct,Computing & Peripherals,Ergonomic Office Chair Pro,1,185000,0.1,166500.0,130000,36500.0,0,Delayed Transit
NEX-100616,2025-05-27,Lagos,Lekki Mall Outlet,Web Direct,Home Appliances,Double Door Refrigerator 320L,3,520000,0.05,1482000.0,1230000,252000.0,1,Returned
NEX-100617,2025-07-03,Abuja,Central Business District Store,Web Direct,Home Appliances,Smart Inverter Washing Machine 8kg,1,345000,0.05,327750.0,270000,57750.0,0,Returned
NEX-100618,2025-05-13,Abuja,Wuse 2 Retail,Web Direct,Home Appliances,Double Door Refrigerator 320L,1,520000,0.0,520000.0,410000,110000.0,0,Delayed Transit
NEX-100619,2025-06-30,Abuja,Central Business District Store,Web Direct,Consumer Electronics,Galaxy S24 Ultra 512GB,1,1250000,0.0,1250000.0,950000,300000.0,0,Delivered On-Time
NEX-100620,2025-06-28,Lagos,Ikeja Mega-Store,Mobile App,Consumer Electronics,iPhone 15 Pro Max 256GB,2,1450000,0.05,2755000.0,2300000,455000.0,0,Fulfilled In-Store
NEX-100621,2025-06-26,Abuja,Maitama Galleria,In-Store Retail,Computing & Peripherals,Ergonomic Office Chair Pro,1,185000,0.0,185000.0,130000,55000.0,0,Delivered On-Time
NEX-100622,2025-06-22,Kano,Bompai Trade Centre,Corporate B2B,Consumer Electronics,Sony WH-1000XM5 Headphones,1,285000,0.0,285000.0,195000,90000.0,0,Delivered On-Time
NEX-100623,2025-07-18,Abuja,Maitama Galleria,In-Store Retail,Home Appliances,Double Door Refrigerator 320L,1,520000,0.2,416000.0,410000,6000.0,0,Delivered On-Time
NEX-100624,2025-07-28,Abuja,Maitama Galleria,In-Store Retail,Home Appliances,Digital Microwave Oven 25L,1,115000,0.1,103500.0,85000,18500.0,0,Delivered On-Time
NEX-100625,2025-05-21,Port Harcourt,GRA Phase 2 Store,Web Direct,Computing & Peripherals,Wireless Mechanical Keyboard,1,65000,0.15,55250.0,42000,13250.0,0,Returned
NEX-100626,2025-07-15,Abuja,Maitama Galleria,In-Store Retail,Computing & Peripherals,Logitech MX Master 3S Mouse,2,75000,0.0,150000.0,104000,46000.0,0,Delivered On-Time
NEX-100627,2025-07-15,Ibadan,Ring Road Complex,In-Store Retail,Consumer Electronics,Galaxy S24 Ultra 512GB,5,1250000,0.1,5625000.0,4750000,875000.0,0,Delivered On-Time
NEX-100628,2025-06-20,Abuja,Wuse 2 Retail,Corporate B2B,Home Appliances,Digital Microwave Oven 25L,1,115000,0.05,109250.0,85000,24250.0,1,Returned
NEX-100629,2025-05-28,Lagos,Lekki Mall Outlet,In-Store Retail,Consumer Electronics,Galaxy S24 Ultra 512GB,1,1250000,0.0,1250000.0,950000,300000.0,0,Fulfilled In-Store
NEX-100630,2025-07-14,Lagos,Surulere Hub,In-Store Retail,Consumer Electronics,Sony WH-1000XM5 Headphones,1,285000,0.15,242250.0,195000,47250.0,0,Delayed Transit
NEX-100631,2025-05-01,Kano,Nasarawa Road Branch,In-Store Retail,Computing & Peripherals,Ergonomic Office Chair Pro,1,185000,0.0,185000.0,130000,55000.0,0,Delayed Transit
NEX-100632,2025-07-18,Abuja,Central Business District Store,Corporate B2B,Consumer Electronics,Dell XPS 15 Laptop,3,1650000,0.1,4455000.0,3960000,495000.0,0,Fulfilled In-Store
NEX-100633,2025-07-26,Lagos,Ikeja Mega-Store,In-Store Retail,Home Appliances,Digital Microwave Oven 25L,1,115000,0.32,78595.93,85000,-6404.07,0,Delivered On-Time
NEX-100634,2025-05-09,Abuja,Central Business District Store,In-Store Retail,Home Appliances,Double Door Refrigerator 320L,1,520000,0.05,494000.0,410000,84000.0,0,Fulfilled In-Store
NEX-100635,2025-07-29,Lagos,Victoria Island Flagship,In-Store Retail,Home Appliances,Chest Freezer 200L,1,245000,0.31,169609.94,195000,-25390.06,0,Delivered On-Time
NEX-100636,2025-07-02,Abuja,Central Business District Store,In-Store Retail,Computing & Peripherals,1TB NVMe Portable SSD,3,95000,0.05,270750.0,204000,66750.0,0,Delayed Transit
NEX-100637,2025-07-28,Port Harcourt,GRA Phase 2 Store,In-Store Retail,Home Appliances,Inverter Split AC 1.5HP (AC-902),1,385000,0.15,327250.0,310000,17250.0,0,Returned
NEX-100638,2025-05-14,Lagos,Ikeja Mega-Store,Web Direct,Home Appliances,Double Door Refrigerator 320L,2,520000,0.05,988000.0,820000,168000.0,0,Delivered On-Time
NEX-100639,2025-07-27,Abuja,Central Business District Store,In-Store Retail,Home Appliances,Digital Microwave Oven 25L,2,115000,0.0,230000.0,170000,60000.0,0,Delivered On-Time
NEX-100640,2025-05-30,Port Harcourt,Trans-Amadi Commercial,In-Store Retail,Home Appliances,Smart Inverter Washing Machine 8kg,1,345000,0.05,327750.0,270000,57750.0,0,Delivered On-Time
NEX-100641,2025-06-28,Lagos,Victoria Island Flagship,Corporate B2B,Home Appliances,Double Door Refrigerator 320L,2,520000,0.0,1040000.0,820000,220000.0,0,Delivered On-Time
NEX-100642,2025-05-07,Lagos,Lekki Mall Outlet,In-Store Retail,Consumer Electronics,Dell XPS 15 Laptop,3,1650000,0.1,4455000.0,3960000,495000.0,0,Returned
NEX-100643,2025-07-30,Abuja,Wuse 2 Retail,Corporate B2B,Consumer Electronics,iPhone 15 Pro Max 256GB,1,1450000,0.2,1160000.0,1150000,10000.0,0,Delivered On-Time
NEX-100644,2025-06-17,Lagos,Ikeja Mega-Store,Web Direct,Home Appliances,Double Door Refrigerator 320L,1,520000,0.05,494000.0,410000,84000.0,0,Delivered On-Time
NEX-100645,2025-05-04,Lagos,Surulere Hub,Corporate B2B,Home Appliances,Smart Inverter Washing Machine 8kg,1,345000,0.2,276000.0,270000,6000.0,0,Delivered On-Time
NEX-100646,2025-07-22,Port Harcourt,Trans-Amadi Commercial,Corporate B2B,Computing & Peripherals,Wireless Mechanical Keyboard,2,65000,0.1,117000.0,84000,33000.0,0,Delivered On-Time
NEX-100647,2025-05-15,Port Harcourt,GRA Phase 2 Store,In-Store Retail,Computing & Peripherals,27-inch 4K Gaming Monitor,1,310000,0.0,310000.0,235000,75000.0,0,Delivered On-Time
NEX-100648,2025-05-12,Lagos,Victoria Island Flagship,Web Direct,Consumer Electronics,MacBook Pro 14 M3,1,1850000,0.0,1850000.0,1480000,370000.0,0,Delayed Transit
NEX-100649,2025-05-12,Ibadan,Bodija Outlet,In-Store Retail,Home Appliances,Chest Freezer 200L,1,245000,0.15,208250.0,195000,13250.0,0,Delivered On-Time
NEX-100650,2025-05-19,Port Harcourt,Trans-Amadi Commercial,In-Store Retail,Home Appliances,Inverter Split AC 1.5HP (AC-902),1,385000,0.0,385000.0,310000,75000.0,0,Fulfilled In-Store
NEX-100651,2025-05-12,Lagos,Surulere Hub,Web Direct,Home Appliances,Digital Microwave Oven 25L,1,115000,0.1,103500.0,85000,18500.0,0,Delivered On-Time
NEX-100652,2025-06-23,Lagos,Ikeja Mega-Store,In-Store Retail,Home Appliances,Digital Microwave Oven 25L,5,115000,0.05,546250.0,425000,121250.0,0,Fulfilled In-Store
NEX-100653,2025-07-15,Port Harcourt,GRA Phase 2 Store,In-Store Retail,Computing & Peripherals,Ergonomic Office Chair Pro,1,185000,0.05,175750.0,130000,45750.0,0,Fulfilled In-Store
NEX-100654,2025-05-18,Lagos,Surulere Hub,In-Store Retail,Home Appliances,Inverter Split AC 1.5HP (AC-902),2,385000,0.0,770000.0,620000,150000.0,0,Delivered On-Time
NEX-100655,2025-06-29,Lagos,Ikeja Mega-Store,In-Store Retail,Home Appliances,Digital Microwave Oven 25L,1,115000,0.05,109250.0,85000,24250.0,0,Delivered On-Time
NEX-100656,2025-07-28,Abuja,Central Business District Store,In-Store Retail,Home Appliances,Digital Microwave Oven 25L,5,115000,0.0,575000.0,425000,150000.0,0,Delivered On-Time
NEX-100657,2025-07-12,Lagos,Lekki Mall Outlet,Web Direct,Home Appliances,Inverter Split AC 1.5HP (AC-902),1,385000,0.35,248981.15,310000,-61018.85,1,Returned
NEX-100658,2025-07-14,Lagos,Lekki Mall Outlet,In-Store Retail,Computing & Peripherals,Wireless Mechanical Keyboard,1,65000,0.0,65000.0,42000,23000.0,0,Delayed Transit
NEX-100659,2025-06-15,Lagos,Lekki Mall Outlet,Web Direct,Consumer Electronics,Dell XPS 15 Laptop,1,1650000,0.05,1567500.0,1320000,247500.0,0,Delivered On-Time
NEX-100660,2025-05-22,Abuja,Maitama Galleria,Corporate B2B,Computing & Peripherals,Ergonomic Office Chair Pro,1,185000,0.05,175750.0,130000,45750.0,0,Delivered On-Time
NEX-100661,2025-06-15,Port Harcourt,GRA Phase 2 Store,In-Store Retail,Home Appliances,Smart Inverter Washing Machine 8kg,2,345000,0.0,690000.0,540000,150000.0,0,Delivered On-Time
NEX-100662,2025-05-28,Lagos,Victoria Island Flagship,Corporate B2B,Computing & Peripherals,1TB NVMe Portable SSD,1,95000,0.2,76000.0,68000,8000.0,0,Delayed Transit
NEX-100663,2025-07-29,Port Harcourt,GRA Phase 2 Store,In-Store Retail,Consumer Electronics,Galaxy S24 Ultra 512GB,2,1250000,0.15,2125000.0,1900000,225000.0,0,Delivered On-Time
NEX-100664,2025-06-16,Lagos,Surulere Hub,Corporate B2B,Computing & Peripherals,1TB NVMe Portable SSD,2,95000,0.0,190000.0,136000,54000.0,0,Delivered On-Time
NEX-100665,2025-05-16,Lagos,Victoria Island Flagship,Web Direct,Home Appliances,Double Door Refrigerator 320L,1,520000,0.2,416000.0,410000,6000.0,0,Fulfilled In-Store
NEX-100666,2025-05-15,Lagos,Surulere Hub,Corporate B2B,Consumer Electronics,iPhone 15 Pro Max 256GB,1,1450000,0.1,1305000.0,1150000,155000.0,0,Delivered On-Time
NEX-100667,2025-05-16,Kano,Nasarawa Road Branch,In-Store Retail,Computing & Peripherals,27-inch 4K Gaming Monitor,2,310000,0.1,558000.0,470000,88000.0,0,Delivered On-Time
NEX-100668,2025-05-26,Lagos,Lekki Mall Outlet,In-Store Retail,Consumer Electronics,MacBook Pro 14 M3,3,1850000,0.0,5550000.0,4440000,1110000.0,0,Delivered On-Time
NEX-100669,2025-07-18,Lagos,Ikeja Mega-Store,In-Store Retail,Computing & Peripherals,27-inch 4K Gaming Monitor,1,310000,0.1,279000.0,235000,44000.0,0,Delivered On-Time
NEX-100670,2025-07-08,Lagos,Ikeja Mega-Store,Mobile App,Computing & Peripherals,Logitech MX Master 3S Mouse,1,75000,0.05,71250.0,52000,19250.0,0,Returned
NEX-100671,2025-05-24,Port Harcourt,Trans-Amadi Commercial,In-Store Retail,Computing & Peripherals,Wireless Mechanical Keyboard,1,65000,0.1,58500.0,42000,16500.0,0,Delivered On-Time
NEX-100672,2025-07-06,Lagos,Lekki Mall Outlet,Web Direct,Computing & Peripherals,27-inch 4K Gaming Monitor,1,310000,0.05,294500.0,235000,59500.0,0,Delivered On-Time
NEX-100673,2025-06-09,Abuja,Maitama Galleria,In-Store Retail,Home Appliances,Smart Inverter Washing Machine 8kg,5,345000,0.0,1725000.0,1350000,375000.0,0,Fulfilled In-Store
NEX-100674,2025-06-30,Ibadan,Bodija Outlet,In-Store Retail,Computing & Peripherals,Logitech MX Master 3S Mouse,1,75000,0.0,75000.0,52000,23000.0,0,Delayed Transit
NEX-100675,2025-05-16,Lagos,Surulere Hub,Web Direct,Consumer Electronics,iPhone 15 Pro Max 256GB,1,1450000,0.2,1160000.0,1150000,10000.0,0,Delivered On-Time
NEX-100676,2025-06-21,Lagos,Surulere Hub,Web Direct,Home Appliances,Chest Freezer 200L,1,245000,0.1,220500.0,195000,25500.0,0,Fulfilled In-Store
NEX-100677,2025-06-15,Abuja,Wuse 2 Retail,Mobile App,Home Appliances,Chest Freezer 200L,1,245000,0.1,220500.0,195000,25500.0,0,Delivered On-Time
NEX-100678,2025-07-03,Lagos,Victoria Island Flagship,In-Store Retail,Computing & Peripherals,27-inch 4K Gaming Monitor,2,310000,0.05,589000.0,470000,119000.0,1,Returned
NEX-100679,2025-07-17,Abuja,Central Business District Store,In-Store Retail,Computing & Peripherals,27-inch 4K Gaming Monitor,2,310000,0.05,589000.0,470000,119000.0,0,Delivered On-Time
NEX-100680,2025-06-29,Lagos,Surulere Hub,In-Store Retail,Home Appliances,Chest Freezer 200L,1,245000,0.15,208250.0,195000,13250.0,0,Returned
NEX-100681,2025-05-05,Ibadan,Ring Road Complex,In-Store Retail,Home Appliances,Digital Microwave Oven 25L,1,115000,0.0,115000.0,85000,30000.0,0,Delayed Transit
NEX-100682,2025-06-08,Kano,Nasarawa Road Branch,In-Store Retail,Consumer Electronics,MacBook Pro 14 M3,2,1850000,0.05,3515000.0,2960000,555000.0,0,Delayed Transit
NEX-100683,2025-07-24,Abuja,Wuse 2 Retail,Web Direct,Home Appliances,Chest Freezer 200L,2,245000,0.05,465500.0,390000,75500.0,0,Delivered On-Time
NEX-100684,2025-06-18,Abuja,Maitama Galleria,Corporate B2B,Home Appliances,Smart Inverter Washing Machine 8kg,1,345000,0.05,327750.0,270000,57750.0,0,Delivered On-Time
NEX-100685,2025-07-14,Lagos,Lekki Mall Outlet,In-Store Retail,Home Appliances,Smart Inverter Washing Machine 8kg,5,345000,0.32,1170942.15,1350000,-179057.85,0,Delivered On-Time
NEX-100686,2025-05-31,Abuja,Wuse 2 Retail,In-Store Retail,Computing & Peripherals,27-inch 4K Gaming Monitor,2,310000,0.0,620000.0,470000,150000.0,0,Delivered On-Time
NEX-100687,2025-05-05,Abuja,Maitama Galleria,Web Direct,Home Appliances,Smart Inverter Washing Machine 8kg,1,345000,0.05,327750.0,270000,57750.0,1,Returned
NEX-100688,2025-07-13,Lagos,Ikeja Mega-Store,Corporate B2B,Consumer Electronics,iPhone 15 Pro Max 256GB,1,1450000,0.05,1377500.0,1150000,227500.0,0,Delivered On-Time
NEX-100689,2025-07-18,Lagos,Surulere Hub,In-Store Retail,Computing & Peripherals,27-inch 4K Gaming Monitor,2,310000,0.05,589000.0,470000,119000.0,0,Delivered On-Time
NEX-100690,2025-07-13,Lagos,Victoria Island Flagship,Web Direct,Consumer Electronics,Dell XPS 15 Laptop,1,1650000,0.0,1650000.0,1320000,330000.0,0,Fulfilled In-Store
NEX-100691,2025-06-30,Lagos,Lekki Mall Outlet,Corporate B2B,Computing & Peripherals,Ergonomic Office Chair Pro,1,185000,0.0,185000.0,130000,55000.0,0,Delivered On-Time
NEX-100692,2025-06-23,Lagos,Surulere Hub,Web Direct,Computing & Peripherals,Wireless Mechanical Keyboard,3,65000,0.05,185250.0,126000,59250.0,0,Delivered On-Time
NEX-100693,2025-07-03,Lagos,Surulere Hub,In-Store Retail,Computing & Peripherals,1TB NVMe Portable SSD,2,95000,0.15,161500.0,136000,25500.0,0,Fulfilled In-Store
NEX-100694,2025-07-20,Lagos,Victoria Island Flagship,In-Store Retail,Consumer Electronics,iPhone 15 Pro Max 256GB,1,1450000,0.05,1377500.0,1150000,227500.0,0,Delivered On-Time
NEX-100695,2025-06-10,Kano,Nasarawa Road Branch,Web Direct,Home Appliances,Smart Inverter Washing Machine 8kg,2,345000,0.05,655500.0,540000,115500.0,0,Delayed Transit
NEX-100696,2025-06-21,Lagos,Victoria Island Flagship,In-Store Retail,Consumer Electronics,MacBook Pro 14 M3,1,1850000,0.05,1757500.0,1480000,277500.0,0,Delayed Transit
NEX-100697,2025-05-05,Lagos,Lekki Mall Outlet,In-Store Retail,Home Appliances,Smart Inverter Washing Machine 8kg,1,345000,0.0,345000.0,270000,75000.0,0,Returned
NEX-100698,2025-07-02,Port Harcourt,GRA Phase 2 Store,Corporate B2B,Consumer Electronics,MacBook Pro 14 M3,1,1850000,0.15,1572500.0,1480000,92500.0,0,Delivered On-Time
NEX-100699,2025-06-16,Abuja,Central Business District Store,In-Store Retail,Computing & Peripherals,Wireless Mechanical Keyboard,1,65000,0.05,61750.0,42000,19750.0,0,Delivered On-Time
NEX-100700,2025-07-25,Port Harcourt,Trans-Amadi Commercial,In-Store Retail,Consumer Electronics,iPhone 15 Pro Max 256GB,1,1450000,0.1,1305000.0,1150000,155000.0,0,Fulfilled In-Store
NEX-100701,2025-06-19,Port Harcourt,GRA Phase 2 Store,Mobile App,Consumer Electronics,iPhone 15 Pro Max 256GB,1,1450000,0.0,1450000.0,1150000,300000.0,0,Delivered On-Time
NEX-100702,2025-07-15,Lagos,Lekki Mall Outlet,Web Direct,Consumer Electronics,MacBook Pro 14 M3,1,1850000,0.05,1757500.0,1480000,277500.0,0,Delivered On-Time
NEX-100703,2025-05-19,Lagos,Lekki Mall Outlet,Corporate B2B,Consumer Electronics,Dell XPS 15 Laptop,1,1650000,0.1,1485000.0,1320000,165000.0,0,Delivered On-Time
NEX-100704,2025-07-25,Lagos,Surulere Hub,In-Store Retail,Computing & Peripherals,Ergonomic Office Chair Pro,3,185000,0.05,527250.0,390000,137250.0,0,Delivered On-Time
NEX-100705,2025-06-26,Lagos,Surulere Hub,Mobile App,Home Appliances,Smart Inverter Washing Machine 8kg,1,345000,0.1,310500.0,270000,40500.0,0,Delivered On-Time
NEX-100706,2025-05-21,Kano,Bompai Trade Centre,Corporate B2B,Computing & Peripherals,Logitech MX Master 3S Mouse,2,75000,0.0,150000.0,104000,46000.0,0,Fulfilled In-Store
NEX-100707,2025-07-02,Abuja,Maitama Galleria,Mobile App,Home Appliances,Digital Microwave Oven 25L,2,115000,0.1,207000.0,170000,37000.0,0,Delayed Transit
NEX-100708,2025-07-04,Lagos,Surulere Hub,Web Direct,Computing & Peripherals,Ergonomic Office Chair Pro,1,185000,0.0,185000.0,130000,55000.0,0,Delayed Transit
NEX-100709,2025-07-20,Lagos,Victoria Island Flagship,In-Store Retail,Consumer Electronics,MacBook Pro 14 M3,1,1850000,0.0,1850000.0,1480000,370000.0,0,Delivered On-Time
NEX-100710,2025-07-23,Port Harcourt,Trans-Amadi Commercial,Corporate B2B,Home Appliances,Digital Microwave Oven 25L,1,115000,0.1,103500.0,85000,18500.0,0,Delayed Transit
NEX-100711,2025-06-11,Port Harcourt,GRA Phase 2 Store,In-Store Retail,Home Appliances,Double Door Refrigerator 320L,1,520000,0.0,520000.0,410000,110000.0,0,Delivered On-Time
NEX-100712,2025-05-03,Ibadan,Ring Road Complex,Mobile App,Home Appliances,Double Door Refrigerator 320L,1,520000,0.15,442000.0,410000,32000.0,0,Delayed Transit
NEX-100713,2025-07-16,Lagos,Ikeja Mega-Store,Mobile App,Consumer Electronics,Dell XPS 15 Laptop,1,1650000,0.1,1485000.0,1320000,165000.0,0,Fulfilled In-Store
NEX-100714,2025-06-28,Port Harcourt,Trans-Amadi Commercial,In-Store Retail,Computing & Peripherals,Wireless Mechanical Keyboard,1,65000,0.15,55250.0,42000,13250.0,0,Delivered On-Time
NEX-100715,2025-07-03,Lagos,Surulere Hub,Corporate B2B,Computing & Peripherals,Wireless Mechanical Keyboard,5,65000,0.0,325000.0,210000,115000.0,0,Delivered On-Time
NEX-100716,2025-06-22,Port Harcourt,GRA Phase 2 Store,In-Store Retail,Home Appliances,Double Door Refrigerator 320L,1,520000,0.15,442000.0,410000,32000.0,0,Delayed Transit
NEX-100717,2025-06-28,Lagos,Surulere Hub,In-Store Retail,Home Appliances,Digital Microwave Oven 25L,1,115000,0.1,103500.0,85000,18500.0,0,Delayed Transit
NEX-100718,2025-06-02,Lagos,Ikeja Mega-Store,In-Store Retail,Consumer Electronics,Sony WH-1000XM5 Headphones,3,285000,0.2,684000.0,585000,99000.0,0,Returned
NEX-100719,2025-07-16,Port Harcourt,GRA Phase 2 Store,In-Store Retail,Computing & Peripherals,1TB NVMe Portable SSD,1,95000,0.2,76000.0,68000,8000.0,0,Delivered On-Time
NEX-100720,2025-07-11,Lagos,Victoria Island Flagship,In-Store Retail,Computing & Peripherals,Logitech MX Master 3S Mouse,3,75000,0.15,191250.0,156000,35250.0,0,Delivered On-Time
NEX-100721,2025-07-07,Lagos,Lekki Mall Outlet,In-Store Retail,Consumer Electronics,iPhone 15 Pro Max 256GB,1,1450000,0.2,1160000.0,1150000,10000.0,0,Delivered On-Time
NEX-100722,2025-06-25,Lagos,Lekki Mall Outlet,Web Direct,Home Appliances,Chest Freezer 200L,1,245000,0.15,208250.0,195000,13250.0,0,Returned
NEX-100723,2025-05-20,Abuja,Wuse 2 Retail,Web Direct,Home Appliances,Inverter Split AC 1.5HP (AC-902),1,385000,0.0,385000.0,310000,75000.0,1,Returned
NEX-100724,2025-05-21,Port Harcourt,Trans-Amadi Commercial,In-Store Retail,Home Appliances,Inverter Split AC 1.5HP (AC-902),1,385000,0.2,308000.0,310000,-2000.0,0,Delivered On-Time
NEX-100725,2025-05-15,Port Harcourt,GRA Phase 2 Store,In-Store Retail,Consumer Electronics,iPhone 15 Pro Max 256GB,2,1450000,0.0,2900000.0,2300000,600000.0,0,Delivered On-Time
NEX-100726,2025-06-04,Abuja,Wuse 2 Retail,Web Direct,Computing & Peripherals,27-inch 4K Gaming Monitor,1,310000,0.05,294500.0,235000,59500.0,0,Delivered On-Time
NEX-100727,2025-07-03,Abuja,Maitama Galleria,In-Store Retail,Computing & Peripherals,27-inch 4K Gaming Monitor,1,310000,0.05,294500.0,235000,59500.0,0,Fulfilled In-Store
NEX-100728,2025-05-20,Lagos,Surulere Hub,Corporate B2B,Computing & Peripherals,Logitech MX Master 3S Mouse,1,75000,0.2,60000.0,52000,8000.0,0,Delivered On-Time
NEX-100729,2025-05-06,Abuja,Maitama Galleria,In-Store Retail,Computing & Peripherals,1TB NVMe Portable SSD,1,95000,0.15,80750.0,68000,12750.0,0,Delivered On-Time
NEX-100730,2025-05-08,Port Harcourt,Trans-Amadi Commercial,In-Store Retail,Home Appliances,Double Door Refrigerator 320L,1,520000,0.1,468000.0,410000,58000.0,0,Delivered On-Time
NEX-100731,2025-05-27,Lagos,Surulere Hub,In-Store Retail,Computing & Peripherals,Wireless Mechanical Keyboard,1,65000,0.05,61750.0,42000,19750.0,0,Fulfilled In-Store
NEX-100732,2025-06-09,Kano,Nasarawa Road Branch,In-Store Retail,Consumer Electronics,MacBook Pro 14 M3,1,1850000,0.05,1757500.0,1480000,277500.0,0,Delivered On-Time
NEX-100733,2025-07-12,Abuja,Central Business District Store,Corporate B2B,Home Appliances,Chest Freezer 200L,1,245000,0.05,232750.0,195000,37750.0,0,Delivered On-Time
NEX-100734,2025-06-29,Abuja,Wuse 2 Retail,Web Direct,Consumer Electronics,Sony WH-1000XM5 Headphones,1,285000,0.05,270750.0,195000,75750.0,0,Delivered On-Time
NEX-100735,2025-05-11,Kano,Bompai Trade Centre,In-Store Retail,Consumer Electronics,MacBook Pro 14 M3,2,1850000,0.05,3515000.0,2960000,555000.0,0,Delivered On-Time
NEX-100736,2025-05-10,Kano,Nasarawa Road Branch,Web Direct,Home Appliances,Inverter Split AC 1.5HP (AC-902),1,385000,0.1,346500.0,310000,36500.0,0,Delivered On-Time
NEX-100737,2025-07-14,Lagos,Ikeja Mega-Store,In-Store Retail,Computing & Peripherals,Logitech MX Master 3S Mouse,1,75000,0.0,75000.0,52000,23000.0,0,Delivered On-Time
NEX-100738,2025-07-30,Lagos,Surulere Hub,Corporate B2B,Home Appliances,Chest Freezer 200L,2,245000,0.31,336074.62,390000,-53925.38,0,Fulfilled In-Store
NEX-100739,2025-05-28,Lagos,Lekki Mall Outlet,Corporate B2B,Consumer Electronics,Sony WH-1000XM5 Headphones,1,285000,0.0,285000.0,195000,90000.0,0,Delivered On-Time
NEX-100740,2025-07-01,Abuja,Maitama Galleria,Corporate B2B,Computing & Peripherals,1TB NVMe Portable SSD,2,95000,0.0,190000.0,136000,54000.0,0,Delayed Transit
NEX-100741,2025-07-28,Abuja,Wuse 2 Retail,Web Direct,Home Appliances,Inverter Split AC 1.5HP (AC-902),1,385000,0.0,385000.0,310000,75000.0,1,Returned
NEX-100742,2025-05-25,Kano,Nasarawa Road Branch,In-Store Retail,Consumer Electronics,iPhone 15 Pro Max 256GB,1,1450000,0.05,1377500.0,1150000,227500.0,0,Delivered On-Time
NEX-100743,2025-06-08,Port Harcourt,GRA Phase 2 Store,In-Store Retail,Consumer Electronics,Galaxy S24 Ultra 512GB,1,1250000,0.0,1250000.0,950000,300000.0,0,Returned
NEX-100744,2025-06-30,Lagos,Surulere Hub,Web Direct,Consumer Electronics,MacBook Pro 14 M3,1,1850000,0.1,1665000.0,1480000,185000.0,0,Delivered On-Time
NEX-100745,2025-07-20,Port Harcourt,Trans-Amadi Commercial,Mobile App,Home Appliances,Chest Freezer 200L,1,245000,0.05,232750.0,195000,37750.0,0,Delivered On-Time
NEX-100746,2025-07-02,Abuja,Wuse 2 Retail,Web Direct,Computing & Peripherals,Logitech MX Master 3S Mouse,1,75000,0.0,75000.0,52000,23000.0,1,Returned
NEX-100747,2025-07-10,Lagos,Surulere Hub,Corporate B2B,Consumer Electronics,Sony WH-1000XM5 Headphones,1,285000,0.05,270750.0,195000,75750.0,0,Delivered On-Time
NEX-100748,2025-05-21,Lagos,Victoria Island Flagship,In-Store Retail,Home Appliances,Double Door Refrigerator 320L,1,520000,0.05,494000.0,410000,84000.0,0,Fulfilled In-Store
NEX-100749,2025-07-31,Abuja,Central Business District Store,Corporate B2B,Computing & Peripherals,Logitech MX Master 3S Mouse,4,75000,0.1,270000.0,208000,62000.0,0,Delayed Transit
NEX-100750,2025-06-30,Port Harcourt,GRA Phase 2 Store,Web Direct,Home Appliances,Inverter Split AC 1.5HP (AC-902),1,385000,0.0,385000.0,310000,75000.0,1,Returned
NEX-100751,2025-05-13,Port Harcourt,Trans-Amadi Commercial,In-Store Retail,Consumer Electronics,Dell XPS 15 Laptop,1,1650000,0.0,1650000.0,1320000,330000.0,0,Delivered On-Time
NEX-100752,2025-05-21,Lagos,Ikeja Mega-Store,Corporate B2B,Home Appliances,Digital Microwave Oven 25L,1,115000,0.0,115000.0,85000,30000.0,0,Delivered On-Time
NEX-100753,2025-06-13,Port Harcourt,GRA Phase 2 Store,Corporate B2B,Computing & Peripherals,Ergonomic Office Chair Pro,3,185000,0.15,471750.0,390000,81750.0,0,Delayed Transit
NEX-100754,2025-05-14,Port Harcourt,Trans-Amadi Commercial,Corporate B2B,Consumer Electronics,Galaxy S24 Ultra 512GB,2,1250000,0.05,2375000.0,1900000,475000.0,0,Delivered On-Time
NEX-100755,2025-07-11,Lagos,Ikeja Mega-Store,In-Store Retail,Consumer Electronics,iPhone 15 Pro Max 256GB,3,1450000,0.0,4350000.0,3450000,900000.0,0,Delivered On-Time
NEX-100756,2025-07-04,Abuja,Central Business District Store,In-Store Retail,Home Appliances,Smart Inverter Washing Machine 8kg,2,345000,0.0,690000.0,540000,150000.0,0,Returned
NEX-100757,2025-05-01,Lagos,Surulere Hub,In-Store Retail,Computing & Peripherals,Wireless Mechanical Keyboard,1,65000,0.0,65000.0,42000,23000.0,0,Delivered On-Time
NEX-100758,2025-07-25,Lagos,Surulere Hub,Corporate B2B,Consumer Electronics,Sony WH-1000XM5 Headphones,1,285000,0.0,285000.0,195000,90000.0,0,Fulfilled In-Store
NEX-100759,2025-07-27,Lagos,Ikeja Mega-Store,In-Store Retail,Consumer Electronics,Dell XPS 15 Laptop,3,1650000,0.0,4950000.0,3960000,990000.0,0,Returned
NEX-100760,2025-05-22,Lagos,Surulere Hub,Corporate B2B,Computing & Peripherals,Wireless Mechanical Keyboard,3,65000,0.0,195000.0,126000,69000.0,0,Delayed Transit
NEX-100761,2025-07-24,Kano,Bompai Trade Centre,In-Store Retail,Computing & Peripherals,1TB NVMe Portable SSD,2,95000,0.1,171000.0,136000,35000.0,0,Delivered On-Time
NEX-100762,2025-06-05,Kano,Nasarawa Road Branch,Web Direct,Home Appliances,Double Door Refrigerator 320L,3,520000,0.05,1482000.0,1230000,252000.0,0,Delivered On-Time
NEX-100763,2025-06-14,Kano,Bompai Trade Centre,Corporate B2B,Home Appliances,Inverter Split AC 1.5HP (AC-902),1,385000,0.0,385000.0,310000,75000.0,0,Delayed Transit
NEX-100764,2025-05-17,Abuja,Wuse 2 Retail,In-Store Retail,Consumer Electronics,Dell XPS 15 Laptop,1,1650000,0.05,1567500.0,1320000,247500.0,0,Delivered On-Time
NEX-100765,2025-05-04,Kano,Bompai Trade Centre,In-Store Retail,Home Appliances,Digital Microwave Oven 25L,5,115000,0.0,575000.0,425000,150000.0,0,Delivered On-Time
NEX-100766,2025-07-20,Abuja,Central Business District Store,In-Store Retail,Computing & Peripherals,27-inch 4K Gaming Monitor,1,310000,0.05,294500.0,235000,59500.0,1,Returned
NEX-100767,2025-05-31,Port Harcourt,GRA Phase 2 Store,In-Store Retail,Home Appliances,Chest Freezer 200L,1,245000,0.1,220500.0,195000,25500.0,0,Delivered On-Time
NEX-100768,2025-06-11,Abuja,Central Business District Store,Corporate B2B,Home Appliances,Digital Microwave Oven 25L,1,115000,0.1,103500.0,85000,18500.0,0,Delivered On-Time
NEX-100769,2025-05-08,Lagos,Victoria Island Flagship,In-Store Retail,Home Appliances,Inverter Split AC 1.5HP (AC-902),1,385000,0.05,365750.0,310000,55750.0,0,Delivered On-Time
NEX-100770,2025-06-20,Kano,Bompai Trade Centre,Web Direct,Home Appliances,Digital Microwave Oven 25L,2,115000,0.0,230000.0,170000,60000.0,0,Delivered On-Time
NEX-100771,2025-07-02,Port Harcourt,GRA Phase 2 Store,Mobile App,Computing & Peripherals,1TB NVMe Portable SSD,1,95000,0.0,95000.0,68000,27000.0,0,Delayed Transit
NEX-100772,2025-07-11,Lagos,Ikeja Mega-Store,Web Direct,Home Appliances,Inverter Split AC 1.5HP (AC-902),1,385000,0.34,255187.06,310000,-54812.94,1,Returned
NEX-100773,2025-06-17,Lagos,Lekki Mall Outlet,In-Store Retail,Home Appliances,Inverter Split AC 1.5HP (AC-902),2,385000,0.0,770000.0,620000,150000.0,0,Delivered On-Time
NEX-100774,2025-06-09,Kano,Nasarawa Road Branch,In-Store Retail,Computing & Peripherals,Logitech MX Master 3S Mouse,1,75000,0.05,71250.0,52000,19250.0,0,Delivered On-Time
NEX-100775,2025-07-01,Abuja,Wuse 2 Retail,In-Store Retail,Home Appliances,Digital Microwave Oven 25L,1,115000,0.1,103500.0,85000,18500.0,0,Fulfilled In-Store
NEX-100776,2025-07-04,Abuja,Maitama Galleria,Web Direct,Consumer Electronics,MacBook Pro 14 M3,1,1850000,0.05,1757500.0,1480000,277500.0,0,Delivered On-Time
NEX-100777,2025-06-20,Lagos,Ikeja Mega-Store,Mobile App,Home Appliances,Smart Inverter Washing Machine 8kg,1,345000,0.15,293250.0,270000,23250.0,0,Delivered On-Time
NEX-100778,2025-07-30,Lagos,Ikeja Mega-Store,Web Direct,Consumer Electronics,iPhone 15 Pro Max 256GB,4,1450000,0.05,5510000.0,4600000,910000.0,0,Returned
NEX-100779,2025-07-06,Lagos,Surulere Hub,Web Direct,Consumer Electronics,Galaxy S24 Ultra 512GB,1,1250000,0.05,1187500.0,950000,237500.0,0,Delivered On-Time
NEX-100780,2025-05-27,Lagos,Surulere Hub,In-Store Retail,Computing & Peripherals,1TB NVMe Portable SSD,1,95000,0.05,90250.0,68000,22250.0,0,Fulfilled In-Store
NEX-100781,2025-06-13,Lagos,Surulere Hub,In-Store Retail,Computing & Peripherals,Ergonomic Office Chair Pro,1,185000,0.0,185000.0,130000,55000.0,0,Delivered On-Time
NEX-100782,2025-06-06,Lagos,Lekki Mall Outlet,Corporate B2B,Consumer Electronics,MacBook Pro 14 M3,4,1850000,0.05,7030000.0,5920000,1110000.0,0,Returned
NEX-100783,2025-05-24,Lagos,Ikeja Mega-Store,In-Store Retail,Consumer Electronics,MacBook Pro 14 M3,1,1850000,0.15,1572500.0,1480000,92500.0,0,Fulfilled In-Store
NEX-100784,2025-05-16,Lagos,Victoria Island Flagship,Corporate B2B,Computing & Peripherals,Wireless Mechanical Keyboard,1,65000,0.1,58500.0,42000,16500.0,0,Delivered On-Time
NEX-100785,2025-05-08,Lagos,Surulere Hub,In-Store Retail,Consumer Electronics,Sony WH-1000XM5 Headphones,1,285000,0.15,242250.0,195000,47250.0,1,Returned
NEX-100786,2025-07-15,Abuja,Central Business District Store,Corporate B2B,Computing & Peripherals,Wireless Mechanical Keyboard,1,65000,0.0,65000.0,42000,23000.0,0,Delayed Transit
NEX-100787,2025-05-27,Port Harcourt,GRA Phase 2 Store,In-Store Retail,Consumer Electronics,iPhone 15 Pro Max 256GB,1,1450000,0.0,1450000.0,1150000,300000.0,0,Delivered On-Time
NEX-100788,2025-05-01,Port Harcourt,Trans-Amadi Commercial,Web Direct,Consumer Electronics,Galaxy S24 Ultra 512GB,1,1250000,0.15,1062500.0,950000,112500.0,0,Delivered On-Time
NEX-100789,2025-07-27,Lagos,Lekki Mall Outlet,Corporate B2B,Consumer Electronics,Dell XPS 15 Laptop,2,1650000,0.0,3300000.0,2640000,660000.0,0,Delivered On-Time
NEX-100790,2025-05-09,Lagos,Surulere Hub,Web Direct,Consumer Electronics,Dell XPS 15 Laptop,5,1650000,0.15,7012500.0,6600000,412500.0,0,Delivered On-Time
NEX-100791,2025-06-10,Kano,Bompai Trade Centre,Web Direct,Computing & Peripherals,Logitech MX Master 3S Mouse,1,75000,0.05,71250.0,52000,19250.0,0,Delivered On-Time
NEX-100792,2025-07-16,Lagos,Victoria Island Flagship,Web Direct,Consumer Electronics,Dell XPS 15 Laptop,1,1650000,0.15,1402500.0,1320000,82500.0,0,Delivered On-Time
NEX-100793,2025-07-29,Port Harcourt,Trans-Amadi Commercial,Web Direct,Computing & Peripherals,27-inch 4K Gaming Monitor,1,310000,0.15,263500.0,235000,28500.0,0,Delivered On-Time
NEX-100794,2025-05-16,Lagos,Surulere Hub,Corporate B2B,Home Appliances,Digital Microwave Oven 25L,1,115000,0.1,103500.0,85000,18500.0,0,Delivered On-Time
NEX-100795,2025-06-29,Lagos,Victoria Island Flagship,In-Store Retail,Consumer Electronics,Galaxy S24 Ultra 512GB,2,1250000,0.05,2375000.0,1900000,475000.0,0,Delivered On-Time
NEX-100796,2025-07-18,Abuja,Wuse 2 Retail,In-Store Retail,Home Appliances,Smart Inverter Washing Machine 8kg,1,345000,0.05,327750.0,270000,57750.0,0,Delayed Transit
NEX-100797,2025-05-01,Lagos,Surulere Hub,In-Store Retail,Home Appliances,Chest Freezer 200L,1,245000,0.0,245000.0,195000,50000.0,0,Delayed Transit
NEX-100798,2025-07-26,Abuja,Wuse 2 Retail,In-Store Retail,Computing & Peripherals,Wireless Mechanical Keyboard,2,65000,0.0,130000.0,84000,46000.0,0,Fulfilled In-Store
NEX-100799,2025-07-06,Port Harcourt,Trans-Amadi Commercial,In-Store Retail,Computing & Peripherals,27-inch 4K Gaming Monitor,5,310000,0.05,1472500.0,1175000,297500.0,0,Delivered On-Time
NEX-100800,2025-07-11,Kano,Nasarawa Road Branch,Mobile App,Computing & Peripherals,27-inch 4K Gaming Monitor,2,310000,0.0,620000.0,470000,150000.0,0,Delivered On-Time
NEX-100801,2025-05-16,Abuja,Maitama Galleria,In-Store Retail,Computing & Peripherals,27-inch 4K Gaming Monitor,3,310000,0.0,930000.0,705000,225000.0,0,Delivered On-Time
NEX-100802,2025-06-27,Lagos,Surulere Hub,In-Store Retail,Consumer Electronics,Dell XPS 15 Laptop,2,1650000,0.2,2640000.0,2640000,0.0,0,Delayed Transit
NEX-100803,2025-05-10,Kano,Nasarawa Road Branch,In-Store Retail,Home Appliances,Inverter Split AC 1.5HP (AC-902),1,385000,0.0,385000.0,310000,75000.0,0,Fulfilled In-Store
NEX-100804,2025-07-15,Port Harcourt,Trans-Amadi Commercial,Corporate B2B,Consumer Electronics,Galaxy S24 Ultra 512GB,1,1250000,0.2,1000000.0,950000,50000.0,0,Fulfilled In-Store
NEX-100805,2025-07-06,Port Harcourt,GRA Phase 2 Store,Corporate B2B,Computing & Peripherals,Logitech MX Master 3S Mouse,2,75000,0.05,142500.0,104000,38500.0,0,Delivered On-Time
NEX-100806,2025-05-08,Kano,Bompai Trade Centre,In-Store Retail,Computing & Peripherals,27-inch 4K Gaming Monitor,2,310000,0.0,620000.0,470000,150000.0,0,Delivered On-Time
NEX-100807,2025-07-18,Abuja,Central Business District Store,In-Store Retail,Consumer Electronics,Dell XPS 15 Laptop,1,1650000,0.1,1485000.0,1320000,165000.0,0,Delayed Transit
NEX-100808,2025-06-22,Lagos,Ikeja Mega-Store,In-Store Retail,Home Appliances,Digital Microwave Oven 25L,2,115000,0.05,218500.0,170000,48500.0,0,Fulfilled In-Store
NEX-100809,2025-05-04,Abuja,Maitama Galleria,Web Direct,Consumer Electronics,Galaxy S24 Ultra 512GB,1,1250000,0.1,1125000.0,950000,175000.0,0,Fulfilled In-Store
NEX-100810,2025-07-13,Lagos,Lekki Mall Outlet,In-Store Retail,Home Appliances,Chest Freezer 200L,1,245000,0.3,170442.76,195000,-24557.24,0,Delivered On-Time
NEX-100811,2025-06-09,Abuja,Wuse 2 Retail,Mobile App,Home Appliances,Smart Inverter Washing Machine 8kg,1,345000,0.05,327750.0,270000,57750.0,0,Delivered On-Time
NEX-100812,2025-07-17,Lagos,Lekki Mall Outlet,Mobile App,Computing & Peripherals,1TB NVMe Portable SSD,1,95000,0.0,95000.0,68000,27000.0,0,Fulfilled In-Store
NEX-100813,2025-07-11,Kano,Bompai Trade Centre,In-Store Retail,Consumer Electronics,iPhone 15 Pro Max 256GB,2,1450000,0.0,2900000.0,2300000,600000.0,0,Delayed Transit
NEX-100814,2025-06-29,Abuja,Maitama Galleria,Corporate B2B,Computing & Peripherals,Ergonomic Office Chair Pro,1,185000,0.0,185000.0,130000,55000.0,0,Delivered On-Time
NEX-100815,2025-05-06,Abuja,Central Business District Store,Web Direct,Computing & Peripherals,Wireless Mechanical Keyboard,1,65000,0.0,65000.0,42000,23000.0,0,Fulfilled In-Store
NEX-100816,2025-06-12,Port Harcourt,Trans-Amadi Commercial,In-Store Retail,Consumer Electronics,Galaxy S24 Ultra 512GB,1,1250000,0.0,1250000.0,950000,300000.0,1,Returned
NEX-100817,2025-06-07,Lagos,Lekki Mall Outlet,In-Store Retail,Consumer Electronics,iPhone 15 Pro Max 256GB,1,1450000,0.0,1450000.0,1150000,300000.0,0,Delayed Transit
NEX-100818,2025-06-13,Port Harcourt,GRA Phase 2 Store,In-Store Retail,Consumer Electronics,iPhone 15 Pro Max 256GB,2,1450000,0.15,2465000.0,2300000,165000.0,1,Returned
NEX-100819,2025-06-18,Abuja,Central Business District Store,In-Store Retail,Consumer Electronics,MacBook Pro 14 M3,1,1850000,0.0,1850000.0,1480000,370000.0,0,Delivered On-Time
NEX-100820,2025-07-07,Ibadan,Bodija Outlet,Corporate B2B,Consumer Electronics,Galaxy S24 Ultra 512GB,1,1250000,0.15,1062500.0,950000,112500.0,0,Delivered On-Time
NEX-100821,2025-06-18,Abuja,Maitama Galleria,Web Direct,Computing & Peripherals,Wireless Mechanical Keyboard,3,65000,0.1,175500.0,126000,49500.0,0,Fulfilled In-Store
NEX-100822,2025-06-07,Port Harcourt,Trans-Amadi Commercial,In-Store Retail,Computing & Peripherals,Ergonomic Office Chair Pro,2,185000,0.15,314500.0,260000,54500.0,0,Fulfilled In-Store
NEX-100823,2025-05-27,Port Harcourt,Trans-Amadi Commercial,Corporate B2B,Computing & Peripherals,27-inch 4K Gaming Monitor,1,310000,0.0,310000.0,235000,75000.0,0,Fulfilled In-Store
NEX-100824,2025-06-17,Abuja,Maitama Galleria,In-Store Retail,Computing & Peripherals,Ergonomic Office Chair Pro,1,185000,0.05,175750.0,130000,45750.0,0,Delivered On-Time
NEX-100825,2025-07-14,Lagos,Ikeja Mega-Store,In-Store Retail,Consumer Electronics,Sony WH-1000XM5 Headphones,2,285000,0.0,570000.0,390000,180000.0,0,Fulfilled In-Store
NEX-100826,2025-07-13,Lagos,Lekki Mall Outlet,In-Store Retail,Consumer Electronics,iPhone 15 Pro Max 256GB,2,1450000,0.0,2900000.0,2300000,600000.0,0,Delivered On-Time
NEX-100827,2025-05-06,Abuja,Wuse 2 Retail,In-Store Retail,Home Appliances,Digital Microwave Oven 25L,1,115000,0.0,115000.0,85000,30000.0,0,Delivered On-Time
NEX-100828,2025-05-04,Lagos,Victoria Island Flagship,In-Store Retail,Consumer Electronics,MacBook Pro 14 M3,3,1850000,0.0,5550000.0,4440000,1110000.0,0,Delivered On-Time
NEX-100829,2025-05-11,Port Harcourt,GRA Phase 2 Store,In-Store Retail,Consumer Electronics,MacBook Pro 14 M3,1,1850000,0.0,1850000.0,1480000,370000.0,0,Delivered On-Time
NEX-100830,2025-06-08,Port Harcourt,Trans-Amadi Commercial,In-Store Retail,Computing & Peripherals,Wireless Mechanical Keyboard,5,65000,0.1,292500.0,210000,82500.0,0,Fulfilled In-Store
NEX-100831,2025-05-02,Port Harcourt,Trans-Amadi Commercial,Corporate B2B,Home Appliances,Digital Microwave Oven 25L,2,115000,0.1,207000.0,170000,37000.0,1,Returned
NEX-100832,2025-05-20,Kano,Nasarawa Road Branch,In-Store Retail,Computing & Peripherals,Wireless Mechanical Keyboard,1,65000,0.05,61750.0,42000,19750.0,0,Fulfilled In-Store
NEX-100833,2025-06-29,Lagos,Ikeja Mega-Store,In-Store Retail,Consumer Electronics,Sony WH-1000XM5 Headphones,2,285000,0.05,541500.0,390000,151500.0,0,Delivered On-Time
NEX-100834,2025-07-11,Lagos,Victoria Island Flagship,Web Direct,Consumer Electronics,MacBook Pro 14 M3,3,1850000,0.0,5550000.0,4440000,1110000.0,0,Fulfilled In-Store
NEX-100835,2025-06-13,Lagos,Surulere Hub,Web Direct,Home Appliances,Chest Freezer 200L,1,245000,0.05,232750.0,195000,37750.0,0,Delivered On-Time
NEX-100836,2025-05-18,Lagos,Lekki Mall Outlet,Web Direct,Computing & Peripherals,1TB NVMe Portable SSD,1,95000,0.0,95000.0,68000,27000.0,0,Fulfilled In-Store
NEX-100837,2025-05-09,Abuja,Central Business District Store,In-Store Retail,Home Appliances,Chest Freezer 200L,4,245000,0.05,931000.0,780000,151000.0,0,Delivered On-Time
NEX-100838,2025-07-26,Abuja,Central Business District Store,Corporate B2B,Computing & Peripherals,Logitech MX Master 3S Mouse,1,75000,0.0,75000.0,52000,23000.0,0,Delivered On-Time
NEX-100839,2025-05-27,Lagos,Ikeja Mega-Store,In-Store Retail,Home Appliances,Chest Freezer 200L,1,245000,0.0,245000.0,195000,50000.0,0,Delivered On-Time
NEX-100840,2025-05-15,Lagos,Surulere Hub,In-Store Retail,Consumer Electronics,Sony WH-1000XM5 Headphones,4,285000,0.15,969000.0,780000,189000.0,0,Delivered On-Time
NEX-100841,2025-06-25,Port Harcourt,Trans-Amadi Commercial,In-Store Retail,Computing & Peripherals,Ergonomic Office Chair Pro,1,185000,0.05,175750.0,130000,45750.0,0,Delivered On-Time
NEX-100842,2025-05-01,Ibadan,Bodija Outlet,In-Store Retail,Home Appliances,Chest Freezer 200L,2,245000,0.05,465500.0,390000,75500.0,0,Fulfilled In-Store
NEX-100843,2025-06-28,Abuja,Central Business District Store,Web Direct,Home Appliances,Digital Microwave Oven 25L,1,115000,0.1,103500.0,85000,18500.0,0,Delivered On-Time
NEX-100844,2025-05-23,Lagos,Victoria Island Flagship,Corporate B2B,Computing & Peripherals,Logitech MX Master 3S Mouse,1,75000,0.15,63750.0,52000,11750.0,0,Delivered On-Time
NEX-100845,2025-06-20,Abuja,Central Business District Store,In-Store Retail,Consumer Electronics,MacBook Pro 14 M3,3,1850000,0.05,5272500.0,4440000,832500.0,0,Delivered On-Time
NEX-100846,2025-05-28,Kano,Bompai Trade Centre,Mobile App,Computing & Peripherals,27-inch 4K Gaming Monitor,5,310000,0.0,1550000.0,1175000,375000.0,0,Fulfilled In-Store
NEX-100847,2025-06-11,Lagos,Victoria Island Flagship,In-Store Retail,Computing & Peripherals,27-inch 4K Gaming Monitor,1,310000,0.0,310000.0,235000,75000.0,0,Delayed Transit
NEX-100848,2025-06-18,Lagos,Surulere Hub,Corporate B2B,Home Appliances,Inverter Split AC 1.5HP (AC-902),1,385000,0.0,385000.0,310000,75000.0,0,Delivered On-Time
NEX-100849,2025-06-29,Abuja,Central Business District Store,In-Store Retail,Computing & Peripherals,Wireless Mechanical Keyboard,2,65000,0.0,130000.0,84000,46000.0,0,Delivered On-Time
NEX-100850,2025-05-21,Lagos,Ikeja Mega-Store,Web Direct,Consumer Electronics,MacBook Pro 14 M3,1,1850000,0.1,1665000.0,1480000,185000.0,0,Delayed Transit
NEX-100851,2025-05-02,Abuja,Central Business District Store,In-Store Retail,Consumer Electronics,iPhone 15 Pro Max 256GB,2,1450000,0.15,2465000.0,2300000,165000.0,0,Delivered On-Time
NEX-100852,2025-05-07,Port Harcourt,GRA Phase 2 Store,In-Store Retail,Home Appliances,Digital Microwave Oven 25L,1,115000,0.0,115000.0,85000,30000.0,0,Fulfilled In-Store
NEX-100853,2025-06-01,Lagos,Victoria Island Flagship,In-Store Retail,Consumer Electronics,Sony WH-1000XM5 Headphones,1,285000,0.0,285000.0,195000,90000.0,0,Delayed Transit
NEX-100854,2025-05-09,Lagos,Ikeja Mega-Store,Corporate B2B,Computing & Peripherals,Wireless Mechanical Keyboard,2,65000,0.0,130000.0,84000,46000.0,0,Fulfilled In-Store
NEX-100855,2025-06-11,Abuja,Central Business District Store,Web Direct,Computing & Peripherals,Logitech MX Master 3S Mouse,3,75000,0.0,225000.0,156000,69000.0,0,Delivered On-Time
NEX-100856,2025-05-23,Lagos,Lekki Mall Outlet,In-Store Retail,Consumer Electronics,Sony WH-1000XM5 Headphones,1,285000,0.05,270750.0,195000,75750.0,0,Delayed Transit
NEX-100857,2025-05-06,Lagos,Victoria Island Flagship,In-Store Retail,Computing & Peripherals,Logitech MX Master 3S Mouse,5,75000,0.0,375000.0,260000,115000.0,0,Returned
NEX-100858,2025-07-12,Lagos,Ikeja Mega-Store,Web Direct,Computing & Peripherals,Logitech MX Master 3S Mouse,1,75000,0.2,60000.0,52000,8000.0,0,Delivered On-Time
NEX-100859,2025-07-21,Port Harcourt,Trans-Amadi Commercial,Mobile App,Computing & Peripherals,Logitech MX Master 3S Mouse,1,75000,0.0,75000.0,52000,23000.0,0,Delivered On-Time
NEX-100860,2025-07-05,Abuja,Central Business District Store,Web Direct,Computing & Peripherals,27-inch 4K Gaming Monitor,1,310000,0.05,294500.0,235000,59500.0,0,Delivered On-Time
NEX-100861,2025-06-24,Port Harcourt,GRA Phase 2 Store,In-Store Retail,Home Appliances,Digital Microwave Oven 25L,1,115000,0.0,115000.0,85000,30000.0,0,Delivered On-Time
NEX-100862,2025-07-16,Ibadan,Bodija Outlet,Web Direct,Home Appliances,Double Door Refrigerator 320L,1,520000,0.05,494000.0,410000,84000.0,0,Delivered On-Time
NEX-100863,2025-06-23,Abuja,Maitama Galleria,Corporate B2B,Consumer Electronics,MacBook Pro 14 M3,1,1850000,0.0,1850000.0,1480000,370000.0,0,Fulfilled In-Store
NEX-100864,2025-06-01,Port Harcourt,GRA Phase 2 Store,Web Direct,Home Appliances,Chest Freezer 200L,1,245000,0.0,245000.0,195000,50000.0,1,Returned
NEX-100865,2025-05-09,Ibadan,Ring Road Complex,Web Direct,Consumer Electronics,iPhone 15 Pro Max 256GB,1,1450000,0.0,1450000.0,1150000,300000.0,0,Fulfilled In-Store
NEX-100866,2025-05-27,Lagos,Ikeja Mega-Store,In-Store Retail,Home Appliances,Smart Inverter Washing Machine 8kg,1,345000,0.0,345000.0,270000,75000.0,0,Delayed Transit
NEX-100867,2025-06-08,Lagos,Surulere Hub,Mobile App,Consumer Electronics,MacBook Pro 14 M3,2,1850000,0.05,3515000.0,2960000,555000.0,0,Delivered On-Time
NEX-100868,2025-06-18,Lagos,Surulere Hub,In-Store Retail,Computing & Peripherals,Logitech MX Master 3S Mouse,2,75000,0.1,135000.0,104000,31000.0,0,Delivered On-Time
NEX-100869,2025-06-18,Lagos,Ikeja Mega-Store,Corporate B2B,Home Appliances,Chest Freezer 200L,1,245000,0.05,232750.0,195000,37750.0,0,Delivered On-Time
NEX-100870,2025-06-09,Abuja,Maitama Galleria,Web Direct,Home Appliances,Inverter Split AC 1.5HP (AC-902),1,385000,0.1,346500.0,310000,36500.0,1,Returned
NEX-100871,2025-05-01,Lagos,Lekki Mall Outlet,In-Store Retail,Home Appliances,Digital Microwave Oven 25L,4,115000,0.0,460000.0,340000,120000.0,0,Delayed Transit
NEX-100872,2025-07-15,Lagos,Ikeja Mega-Store,Mobile App,Consumer Electronics,Sony WH-1000XM5 Headphones,3,285000,0.0,855000.0,585000,270000.0,0,Returned
NEX-100873,2025-06-14,Abuja,Maitama Galleria,Web Direct,Home Appliances,Inverter Split AC 1.5HP (AC-902),1,385000,0.15,327250.0,310000,17250.0,0,Delivered On-Time
NEX-100874,2025-05-05,Kano,Bompai Trade Centre,Web Direct,Computing & Peripherals,27-inch 4K Gaming Monitor,1,310000,0.05,294500.0,235000,59500.0,0,Delivered On-Time
NEX-100875,2025-07-27,Lagos,Victoria Island Flagship,Web Direct,Computing & Peripherals,Wireless Mechanical Keyboard,1,65000,0.1,58500.0,42000,16500.0,0,Fulfilled In-Store
NEX-100876,2025-06-20,Port Harcourt,GRA Phase 2 Store,Web Direct,Consumer Electronics,Sony WH-1000XM5 Headphones,1,285000,0.0,285000.0,195000,90000.0,0,Delivered On-Time
NEX-100877,2025-07-08,Abuja,Maitama Galleria,Web Direct,Computing & Peripherals,Logitech MX Master 3S Mouse,2,75000,0.15,127500.0,104000,23500.0,0,Delivered On-Time
NEX-100878,2025-07-13,Port Harcourt,Trans-Amadi Commercial,Corporate B2B,Home Appliances,Double Door Refrigerator 320L,3,520000,0.0,1560000.0,1230000,330000.0,0,Returned
NEX-100879,2025-07-02,Lagos,Ikeja Mega-Store,Corporate B2B,Home Appliances,Chest Freezer 200L,1,245000,0.31,169335.66,195000,-25664.34,0,Delivered On-Time
NEX-100880,2025-05-24,Port Harcourt,GRA Phase 2 Store,In-Store Retail,Computing & Peripherals,27-inch 4K Gaming Monitor,1,310000,0.1,279000.0,235000,44000.0,0,Delivered On-Time
NEX-100881,2025-05-24,Port Harcourt,GRA Phase 2 Store,In-Store Retail,Home Appliances,Digital Microwave Oven 25L,1,115000,0.05,109250.0,85000,24250.0,0,Delivered On-Time
NEX-100882,2025-06-07,Lagos,Ikeja Mega-Store,In-Store Retail,Home Appliances,Inverter Split AC 1.5HP (AC-902),1,385000,0.05,365750.0,310000,55750.0,0,Delivered On-Time
NEX-100883,2025-05-08,Lagos,Ikeja Mega-Store,Web Direct,Consumer Electronics,Galaxy S24 Ultra 512GB,1,1250000,0.1,1125000.0,950000,175000.0,0,Delivered On-Time
NEX-100884,2025-06-04,Ibadan,Bodija Outlet,Corporate B2B,Computing & Peripherals,Logitech MX Master 3S Mouse,1,75000,0.05,71250.0,52000,19250.0,0,Delivered On-Time
NEX-100885,2025-05-31,Ibadan,Bodija Outlet,In-Store Retail,Consumer Electronics,MacBook Pro 14 M3,2,1850000,0.1,3330000.0,2960000,370000.0,1,Returned
NEX-100886,2025-06-21,Port Harcourt,GRA Phase 2 Store,In-Store Retail,Consumer Electronics,Dell XPS 15 Laptop,1,1650000,0.05,1567500.0,1320000,247500.0,0,Delivered On-Time
NEX-100887,2025-07-19,Abuja,Maitama Galleria,Web Direct,Computing & Peripherals,Wireless Mechanical Keyboard,1,65000,0.05,61750.0,42000,19750.0,0,Delivered On-Time
NEX-100888,2025-07-21,Lagos,Ikeja Mega-Store,Mobile App,Computing & Peripherals,Ergonomic Office Chair Pro,1,185000,0.0,185000.0,130000,55000.0,0,Delayed Transit
NEX-100889,2025-05-11,Lagos,Surulere Hub,Mobile App,Computing & Peripherals,27-inch 4K Gaming Monitor,2,310000,0.0,620000.0,470000,150000.0,0,Delivered On-Time
NEX-100890,2025-07-06,Kano,Nasarawa Road Branch,In-Store Retail,Consumer Electronics,MacBook Pro 14 M3,2,1850000,0.2,2960000.0,2960000,0.0,0,Delivered On-Time
NEX-100891,2025-06-27,Ibadan,Bodija Outlet,Web Direct,Consumer Electronics,iPhone 15 Pro Max 256GB,1,1450000,0.1,1305000.0,1150000,155000.0,0,Delivered On-Time
NEX-100892,2025-06-25,Ibadan,Ring Road Complex,In-Store Retail,Home Appliances,Digital Microwave Oven 25L,2,115000,0.0,230000.0,170000,60000.0,0,Delivered On-Time
NEX-100893,2025-07-25,Lagos,Victoria Island Flagship,Mobile App,Computing & Peripherals,Logitech MX Master 3S Mouse,1,75000,0.05,71250.0,52000,19250.0,0,Fulfilled In-Store
NEX-100894,2025-07-16,Lagos,Lekki Mall Outlet,In-Store Retail,Computing & Peripherals,Logitech MX Master 3S Mouse,1,75000,0.1,67500.0,52000,15500.0,0,Delivered On-Time
NEX-100895,2025-05-30,Lagos,Ikeja Mega-Store,In-Store Retail,Consumer Electronics,Galaxy S24 Ultra 512GB,1,1250000,0.05,1187500.0,950000,237500.0,0,Fulfilled In-Store
NEX-100896,2025-07-13,Lagos,Lekki Mall Outlet,Mobile App,Computing & Peripherals,27-inch 4K Gaming Monitor,1,310000,0.05,294500.0,235000,59500.0,0,Delivered On-Time
NEX-100897,2025-06-24,Lagos,Lekki Mall Outlet,Corporate B2B,Consumer Electronics,Dell XPS 15 Laptop,1,1650000,0.05,1567500.0,1320000,247500.0,0,Delivered On-Time
NEX-100898,2025-06-28,Lagos,Lekki Mall Outlet,Corporate B2B,Home Appliances,Digital Microwave Oven 25L,1,115000,0.0,115000.0,85000,30000.0,0,Fulfilled In-Store
NEX-100899,2025-07-29,Lagos,Lekki Mall Outlet,In-Store Retail,Computing & Peripherals,27-inch 4K Gaming Monitor,1,310000,0.1,279000.0,235000,44000.0,0,Delayed Transit
NEX-100900,2025-05-28,Abuja,Wuse 2 Retail,Mobile App,Consumer Electronics,MacBook Pro 14 M3,1,1850000,0.1,1665000.0,1480000,185000.0,0,Fulfilled In-Store
NEX-100901,2025-05-29,Port Harcourt,GRA Phase 2 Store,Mobile App,Consumer Electronics,Sony WH-1000XM5 Headphones,2,285000,0.0,570000.0,390000,180000.0,0,Fulfilled In-Store
NEX-100902,2025-05-21,Ibadan,Bodija Outlet,In-Store Retail,Computing & Peripherals,Logitech MX Master 3S Mouse,5,75000,0.1,337500.0,260000,77500.0,0,Delivered On-Time
NEX-100903,2025-06-06,Lagos,Victoria Island Flagship,Web Direct,Computing & Peripherals,Logitech MX Master 3S Mouse,1,75000,0.0,75000.0,52000,23000.0,0,Fulfilled In-Store
NEX-100904,2025-05-07,Port Harcourt,Trans-Amadi Commercial,In-Store Retail,Consumer Electronics,Dell XPS 15 Laptop,1,1650000,0.05,1567500.0,1320000,247500.0,0,Delivered On-Time
NEX-100905,2025-05-28,Port Harcourt,GRA Phase 2 Store,Web Direct,Consumer Electronics,MacBook Pro 14 M3,2,1850000,0.05,3515000.0,2960000,555000.0,0,Returned
NEX-100906,2025-05-19,Lagos,Surulere Hub,Web Direct,Consumer Electronics,Galaxy S24 Ultra 512GB,1,1250000,0.2,1000000.0,950000,50000.0,0,Delivered On-Time
NEX-100907,2025-07-05,Abuja,Wuse 2 Retail,In-Store Retail,Consumer Electronics,Sony WH-1000XM5 Headphones,1,285000,0.0,285000.0,195000,90000.0,0,Delivered On-Time
NEX-100908,2025-07-16,Ibadan,Bodija Outlet,Corporate B2B,Computing & Peripherals,27-inch 4K Gaming Monitor,2,310000,0.15,527000.0,470000,57000.0,0,Delivered On-Time
NEX-100909,2025-07-23,Lagos,Ikeja Mega-Store,In-Store Retail,Consumer Electronics,Galaxy S24 Ultra 512GB,1,1250000,0.05,1187500.0,950000,237500.0,0,Delivered On-Time
NEX-100910,2025-07-13,Ibadan,Bodija Outlet,In-Store Retail,Computing & Peripherals,27-inch 4K Gaming Monitor,2,310000,0.0,620000.0,470000,150000.0,0,Delayed Transit
NEX-100911,2025-06-25,Lagos,Victoria Island Flagship,In-Store Retail,Consumer Electronics,Dell XPS 15 Laptop,1,1650000,0.1,1485000.0,1320000,165000.0,1,Returned
NEX-100912,2025-07-08,Port Harcourt,Trans-Amadi Commercial,In-Store Retail,Computing & Peripherals,1TB NVMe Portable SSD,2,95000,0.1,171000.0,136000,35000.0,0,Fulfilled In-Store
NEX-100913,2025-07-24,Kano,Nasarawa Road Branch,Corporate B2B,Computing & Peripherals,Wireless Mechanical Keyboard,1,65000,0.0,65000.0,42000,23000.0,0,Delivered On-Time
NEX-100914,2025-07-13,Lagos,Victoria Island Flagship,In-Store Retail,Home Appliances,Inverter Split AC 1.5HP (AC-902),1,385000,0.29,272398.39,310000,-37601.61,0,Returned
NEX-100915,2025-05-22,Lagos,Ikeja Mega-Store,In-Store Retail,Consumer Electronics,Dell XPS 15 Laptop,3,1650000,0.0,4950000.0,3960000,990000.0,0,Delivered On-Time
NEX-100916,2025-07-02,Abuja,Wuse 2 Retail,Mobile App,Home Appliances,Chest Freezer 200L,1,245000,0.0,245000.0,195000,50000.0,0,Fulfilled In-Store
NEX-100917,2025-05-31,Lagos,Victoria Island Flagship,In-Store Retail,Consumer Electronics,iPhone 15 Pro Max 256GB,1,1450000,0.0,1450000.0,1150000,300000.0,0,Delivered On-Time
NEX-100918,2025-07-19,Lagos,Lekki Mall Outlet,In-Store Retail,Computing & Peripherals,Wireless Mechanical Keyboard,1,65000,0.0,65000.0,42000,23000.0,0,Delivered On-Time
NEX-100919,2025-07-28,Lagos,Victoria Island Flagship,In-Store Retail,Computing & Peripherals,Ergonomic Office Chair Pro,5,185000,0.05,878750.0,650000,228750.0,0,Delivered On-Time
NEX-100920,2025-07-24,Abuja,Wuse 2 Retail,Web Direct,Home Appliances,Double Door Refrigerator 320L,1,520000,0.1,468000.0,410000,58000.0,0,Returned
NEX-100921,2025-06-01,Lagos,Ikeja Mega-Store,Web Direct,Computing & Peripherals,1TB NVMe Portable SSD,1,95000,0.0,95000.0,68000,27000.0,0,Fulfilled In-Store
NEX-100922,2025-06-04,Lagos,Victoria Island Flagship,In-Store Retail,Consumer Electronics,Sony WH-1000XM5 Headphones,4,285000,0.0,1140000.0,780000,360000.0,0,Fulfilled In-Store
NEX-100923,2025-05-16,Lagos,Lekki Mall Outlet,Web Direct,Home Appliances,Inverter Split AC 1.5HP (AC-902),1,385000,0.1,346500.0,310000,36500.0,0,Delivered On-Time
NEX-100924,2025-07-17,Lagos,Ikeja Mega-Store,In-Store Retail,Home Appliances,Double Door Refrigerator 320L,1,520000,0.35,335852.55,410000,-74147.45,0,Delivered On-Time
NEX-100925,2025-07-16,Kano,Bompai Trade Centre,In-Store Retail,Consumer Electronics,MacBook Pro 14 M3,1,1850000,0.05,1757500.0,1480000,277500.0,0,Delivered On-Time
NEX-100926,2025-06-18,Abuja,Maitama Galleria,In-Store Retail,Computing & Peripherals,Ergonomic Office Chair Pro,2,185000,0.0,370000.0,260000,110000.0,0,Delayed Transit
NEX-100927,2025-05-24,Lagos,Lekki Mall Outlet,Corporate B2B,Computing & Peripherals,Ergonomic Office Chair Pro,1,185000,0.0,185000.0,130000,55000.0,0,Fulfilled In-Store
NEX-100928,2025-05-30,Lagos,Ikeja Mega-Store,Mobile App,Home Appliances,Smart Inverter Washing Machine 8kg,2,345000,0.05,655500.0,540000,115500.0,0,Delivered On-Time
NEX-100929,2025-05-12,Lagos,Ikeja Mega-Store,In-Store Retail,Home Appliances,Chest Freezer 200L,3,245000,0.1,661500.0,585000,76500.0,1,Returned
NEX-100930,2025-07-26,Abuja,Wuse 2 Retail,In-Store Retail,Home Appliances,Chest Freezer 200L,1,245000,0.05,232750.0,195000,37750.0,0,Delivered On-Time
NEX-100931,2025-05-02,Abuja,Wuse 2 Retail,In-Store Retail,Home Appliances,Chest Freezer 200L,2,245000,0.0,490000.0,390000,100000.0,0,Returned
NEX-100932,2025-07-07,Abuja,Central Business District Store,Web Direct,Consumer Electronics,Dell XPS 15 Laptop,3,1650000,0.0,4950000.0,3960000,990000.0,0,Delivered On-Time
NEX-100933,2025-06-15,Ibadan,Bodija Outlet,In-Store Retail,Consumer Electronics,MacBook Pro 14 M3,4,1850000,0.0,7400000.0,5920000,1480000.0,0,Fulfilled In-Store
NEX-100934,2025-05-16,Lagos,Surulere Hub,In-Store Retail,Consumer Electronics,Galaxy S24 Ultra 512GB,2,1250000,0.05,2375000.0,1900000,475000.0,0,Delivered On-Time
NEX-100935,2025-07-22,Abuja,Central Business District Store,Mobile App,Computing & Peripherals,Logitech MX Master 3S Mouse,1,75000,0.0,75000.0,52000,23000.0,0,Delivered On-Time
NEX-100936,2025-05-14,Lagos,Victoria Island Flagship,In-Store Retail,Consumer Electronics,Galaxy S24 Ultra 512GB,1,1250000,0.0,1250000.0,950000,300000.0,0,Fulfilled In-Store
NEX-100937,2025-06-22,Lagos,Surulere Hub,In-Store Retail,Computing & Peripherals,Ergonomic Office Chair Pro,1,185000,0.0,185000.0,130000,55000.0,0,Delivered On-Time
NEX-100938,2025-05-24,Abuja,Maitama Galleria,In-Store Retail,Home Appliances,Digital Microwave Oven 25L,1,115000,0.0,115000.0,85000,30000.0,0,Delivered On-Time
NEX-100939,2025-07-30,Lagos,Victoria Island Flagship,In-Store Retail,Consumer Electronics,Sony WH-1000XM5 Headphones,1,285000,0.0,285000.0,195000,90000.0,1,Returned
NEX-100940,2025-07-01,Ibadan,Bodija Outlet,In-Store Retail,Home Appliances,Chest Freezer 200L,1,245000,0.05,232750.0,195000,37750.0,0,Fulfilled In-Store
NEX-100941,2025-06-21,Abuja,Wuse 2 Retail,Corporate B2B,Home Appliances,Double Door Refrigerator 320L,1,520000,0.0,520000.0,410000,110000.0,1,Returned
NEX-100942,2025-07-04,Lagos,Victoria Island Flagship,In-Store Retail,Home Appliances,Digital Microwave Oven 25L,4,115000,0.35,297278.16,340000,-42721.84,0,Delivered On-Time
NEX-100943,2025-07-02,Lagos,Surulere Hub,In-Store Retail,Consumer Electronics,Dell XPS 15 Laptop,1,1650000,0.0,1650000.0,1320000,330000.0,0,Delivered On-Time
NEX-100944,2025-07-29,Lagos,Surulere Hub,In-Store Retail,Computing & Peripherals,27-inch 4K Gaming Monitor,2,310000,0.05,589000.0,470000,119000.0,0,Returned
NEX-100945,2025-07-15,Abuja,Central Business District Store,In-Store Retail,Consumer Electronics,Sony WH-1000XM5 Headphones,1,285000,0.2,228000.0,195000,33000.0,0,Delivered On-Time
NEX-100946,2025-07-18,Lagos,Ikeja Mega-Store,In-Store Retail,Computing & Peripherals,Ergonomic Office Chair Pro,2,185000,0.2,296000.0,260000,36000.0,0,Delivered On-Time
NEX-100947,2025-05-08,Abuja,Wuse 2 Retail,In-Store Retail,Consumer Electronics,MacBook Pro 14 M3,1,1850000,0.15,1572500.0,1480000,92500.0,0,Delivered On-Time
NEX-100948,2025-05-07,Lagos,Ikeja Mega-Store,In-Store Retail,Computing & Peripherals,Ergonomic Office Chair Pro,1,185000,0.05,175750.0,130000,45750.0,0,Delivered On-Time
NEX-100949,2025-05-24,Lagos,Surulere Hub,In-Store Retail,Home Appliances,Inverter Split AC 1.5HP (AC-902),1,385000,0.0,385000.0,310000,75000.0,0,Fulfilled In-Store
NEX-100950,2025-06-12,Lagos,Lekki Mall Outlet,Web Direct,Computing & Peripherals,1TB NVMe Portable SSD,1,95000,0.0,95000.0,68000,27000.0,0,Delivered On-Time
NEX-100951,2025-05-12,Kano,Nasarawa Road Branch,Web Direct,Computing & Peripherals,27-inch 4K Gaming Monitor,1,310000,0.2,248000.0,235000,13000.0,0,Fulfilled In-Store
NEX-100952,2025-05-25,Port Harcourt,GRA Phase 2 Store,In-Store Retail,Computing & Peripherals,1TB NVMe Portable SSD,1,95000,0.1,85500.0,68000,17500.0,0,Delivered On-Time
NEX-100953,2025-05-20,Lagos,Victoria Island Flagship,In-Store Retail,Computing & Peripherals,Ergonomic Office Chair Pro,3,185000,0.1,499500.0,390000,109500.0,0,Delivered On-Time
NEX-100954,2025-06-14,Kano,Bompai Trade Centre,Web Direct,Consumer Electronics,Sony WH-1000XM5 Headphones,1,285000,0.0,285000.0,195000,90000.0,0,Delivered On-Time
NEX-100955,2025-05-03,Lagos,Lekki Mall Outlet,Web Direct,Consumer Electronics,MacBook Pro 14 M3,1,1850000,0.05,1757500.0,1480000,277500.0,0,Delayed Transit
NEX-100956,2025-06-20,Abuja,Wuse 2 Retail,Corporate B2B,Consumer Electronics,iPhone 15 Pro Max 256GB,1,1450000,0.05,1377500.0,1150000,227500.0,0,Delivered On-Time
NEX-100957,2025-07-17,Lagos,Victoria Island Flagship,In-Store Retail,Computing & Peripherals,Wireless Mechanical Keyboard,1,65000,0.0,65000.0,42000,23000.0,0,Delivered On-Time
NEX-100958,2025-07-04,Port Harcourt,Trans-Amadi Commercial,In-Store Retail,Consumer Electronics,MacBook Pro 14 M3,2,1850000,0.05,3515000.0,2960000,555000.0,0,Delivered On-Time
NEX-100959,2025-05-31,Lagos,Victoria Island Flagship,Mobile App,Home Appliances,Double Door Refrigerator 320L,1,520000,0.1,468000.0,410000,58000.0,0,Delivered On-Time
NEX-100960,2025-05-27,Abuja,Central Business District Store,Web Direct,Computing & Peripherals,1TB NVMe Portable SSD,4,95000,0.0,380000.0,272000,108000.0,0,Fulfilled In-Store
NEX-100961,2025-06-03,Port Harcourt,Trans-Amadi Commercial,Corporate B2B,Home Appliances,Smart Inverter Washing Machine 8kg,5,345000,0.05,1638750.0,1350000,288750.0,1,Returned
NEX-100962,2025-06-05,Lagos,Ikeja Mega-Store,Web Direct,Computing & Peripherals,27-inch 4K Gaming Monitor,2,310000,0.05,589000.0,470000,119000.0,0,Delivered On-Time
NEX-100963,2025-07-20,Abuja,Wuse 2 Retail,In-Store Retail,Home Appliances,Double Door Refrigerator 320L,1,520000,0.0,520000.0,410000,110000.0,0,Fulfilled In-Store
NEX-100964,2025-06-20,Lagos,Victoria Island Flagship,Web Direct,Home Appliances,Smart Inverter Washing Machine 8kg,1,345000,0.05,327750.0,270000,57750.0,0,Delivered On-Time
NEX-100965,2025-05-23,Lagos,Surulere Hub,Mobile App,Consumer Electronics,MacBook Pro 14 M3,1,1850000,0.0,1850000.0,1480000,370000.0,0,Delivered On-Time
NEX-100966,2025-07-17,Lagos,Victoria Island Flagship,In-Store Retail,Consumer Electronics,Sony WH-1000XM5 Headphones,3,285000,0.2,684000.0,585000,99000.0,0,Delivered On-Time
NEX-100967,2025-05-02,Abuja,Maitama Galleria,In-Store Retail,Consumer Electronics,Galaxy S24 Ultra 512GB,2,1250000,0.05,2375000.0,1900000,475000.0,0,Delivered On-Time
NEX-100968,2025-05-11,Lagos,Ikeja Mega-Store,Corporate B2B,Consumer Electronics,Galaxy S24 Ultra 512GB,1,1250000,0.1,1125000.0,950000,175000.0,0,Delivered On-Time
NEX-100969,2025-05-18,Abuja,Wuse 2 Retail,Corporate B2B,Consumer Electronics,MacBook Pro 14 M3,1,1850000,0.0,1850000.0,1480000,370000.0,0,Delayed Transit
NEX-100970,2025-07-20,Abuja,Central Business District Store,Corporate B2B,Consumer Electronics,Dell XPS 15 Laptop,1,1650000,0.05,1567500.0,1320000,247500.0,0,Delivered On-Time
NEX-100971,2025-05-29,Lagos,Surulere Hub,In-Store Retail,Home Appliances,Smart Inverter Washing Machine 8kg,1,345000,0.15,293250.0,270000,23250.0,0,Fulfilled In-Store
NEX-100972,2025-05-15,Abuja,Central Business District Store,In-Store Retail,Home Appliances,Smart Inverter Washing Machine 8kg,1,345000,0.0,345000.0,270000,75000.0,0,Fulfilled In-Store
NEX-100973,2025-05-11,Kano,Nasarawa Road Branch,In-Store Retail,Computing & Peripherals,Ergonomic Office Chair Pro,1,185000,0.05,175750.0,130000,45750.0,0,Delayed Transit
NEX-100974,2025-06-08,Abuja,Maitama Galleria,In-Store Retail,Consumer Electronics,MacBook Pro 14 M3,3,1850000,0.05,5272500.0,4440000,832500.0,0,Fulfilled In-Store
NEX-100975,2025-07-31,Port Harcourt,GRA Phase 2 Store,Corporate B2B,Consumer Electronics,iPhone 15 Pro Max 256GB,1,1450000,0.0,1450000.0,1150000,300000.0,0,Fulfilled In-Store
NEX-100976,2025-07-01,Port Harcourt,GRA Phase 2 Store,Web Direct,Computing & Peripherals,Ergonomic Office Chair Pro,1,185000,0.0,185000.0,130000,55000.0,0,Fulfilled In-Store
NEX-100977,2025-06-15,Lagos,Surulere Hub,In-Store Retail,Home Appliances,Chest Freezer 200L,2,245000,0.0,490000.0,390000,100000.0,0,Delayed Transit
NEX-100978,2025-06-01,Lagos,Surulere Hub,Web Direct,Home Appliances,Chest Freezer 200L,1,245000,0.0,245000.0,195000,50000.0,0,Delayed Transit
NEX-100979,2025-07-07,Abuja,Wuse 2 Retail,Corporate B2B,Consumer Electronics,Galaxy S24 Ultra 512GB,1,1250000,0.0,1250000.0,950000,300000.0,0,Delivered On-Time
NEX-100980,2025-07-11,Abuja,Central Business District Store,Mobile App,Consumer Electronics,MacBook Pro 14 M3,1,1850000,0.1,1665000.0,1480000,185000.0,0,Delivered On-Time
NEX-100981,2025-06-28,Lagos,Surulere Hub,In-Store Retail,Consumer Electronics,Galaxy S24 Ultra 512GB,2,1250000,0.0,2500000.0,1900000,600000.0,0,Delivered On-Time
NEX-100982,2025-05-04,Abuja,Maitama Galleria,In-Store Retail,Computing & Peripherals,27-inch 4K Gaming Monitor,1,310000,0.0,310000.0,235000,75000.0,0,Fulfilled In-Store
NEX-100983,2025-05-04,Lagos,Victoria Island Flagship,In-Store Retail,Consumer Electronics,Galaxy S24 Ultra 512GB,1,1250000,0.1,1125000.0,950000,175000.0,0,Delivered On-Time
NEX-100984,2025-05-18,Port Harcourt,Trans-Amadi Commercial,In-Store Retail,Computing & Peripherals,Ergonomic Office Chair Pro,1,185000,0.05,175750.0,130000,45750.0,1,Returned
NEX-100985,2025-05-08,Kano,Nasarawa Road Branch,Web Direct,Consumer Electronics,Dell XPS 15 Laptop,1,1650000,0.0,1650000.0,1320000,330000.0,0,Fulfilled In-Store
NEX-100986,2025-06-28,Abuja,Maitama Galleria,Mobile App,Computing & Peripherals,Ergonomic Office Chair Pro,2,185000,0.0,370000.0,260000,110000.0,0,Returned
NEX-100987,2025-07-06,Lagos,Victoria Island Flagship,Web Direct,Home Appliances,Chest Freezer 200L,1,245000,0.32,166788.87,195000,-28211.13,0,Returned
NEX-100988,2025-07-17,Port Harcourt,Trans-Amadi Commercial,In-Store Retail,Computing & Peripherals,Logitech MX Master 3S Mouse,2,75000,0.0,150000.0,104000,46000.0,0,Delayed Transit
NEX-100989,2025-05-25,Lagos,Ikeja Mega-Store,In-Store Retail,Computing & Peripherals,Ergonomic Office Chair Pro,1,185000,0.0,185000.0,130000,55000.0,0,Delivered On-Time
NEX-100990,2025-07-16,Lagos,Lekki Mall Outlet,In-Store Retail,Consumer Electronics,Galaxy S24 Ultra 512GB,1,1250000,0.0,1250000.0,950000,300000.0,0,Delivered On-Time
NEX-100991,2025-07-01,Lagos,Lekki Mall Outlet,In-Store Retail,Home Appliances,Inverter Split AC 1.5HP (AC-902),5,385000,0.36,1241301.7,1550000,-308698.3,0,Delivered On-Time
NEX-100992,2025-06-10,Port Harcourt,Trans-Amadi Commercial,Mobile App,Computing & Peripherals,27-inch 4K Gaming Monitor,1,310000,0.15,263500.0,235000,28500.0,0,Delivered On-Time
NEX-100993,2025-05-20,Lagos,Surulere Hub,In-Store Retail,Consumer Electronics,MacBook Pro 14 M3,1,1850000,0.05,1757500.0,1480000,277500.0,0,Delayed Transit
NEX-100994,2025-07-31,Lagos,Victoria Island Flagship,Corporate B2B,Computing & Peripherals,Wireless Mechanical Keyboard,2,65000,0.0,130000.0,84000,46000.0,0,Delivered On-Time
NEX-100995,2025-07-17,Abuja,Maitama Galleria,In-Store Retail,Consumer Electronics,MacBook Pro 14 M3,1,1850000,0.05,1757500.0,1480000,277500.0,0,Delivered On-Time
NEX-100996,2025-07-31,Port Harcourt,Trans-Amadi Commercial,In-Store Retail,Computing & Peripherals,1TB NVMe Portable SSD,1,95000,0.0,95000.0,68000,27000.0,0,Delivered On-Time
NEX-100997,2025-05-02,Lagos,Lekki Mall Outlet,Web Direct,Consumer Electronics,Sony WH-1000XM5 Headphones,1,285000,0.0,285000.0,195000,90000.0,0,Delivered On-Time
NEX-100998,2025-06-05,Abuja,Maitama Galleria,In-Store Retail,Consumer Electronics,Sony WH-1000XM5 Headphones,1,285000,0.05,270750.0,195000,75750.0,0,Fulfilled In-Store
NEX-100999,2025-07-23,Kano,Nasarawa Road Branch,Mobile App,Home Appliances,Inverter Split AC 1.5HP (AC-902),1,385000,0.0,385000.0,310000,75000.0,0,Delayed Transit
NEX-101000,2025-07-27,Lagos,Lekki Mall Outlet,Web Direct,Computing & Peripherals,Ergonomic Office Chair Pro,1,185000,0.05,175750.0,130000,45750.0,0,Delivered On-Time
NEX-101001,2025-07-27,Lagos,Ikeja Mega-Store,Web Direct,Consumer Electronics,Dell XPS 15 Laptop,1,1650000,0.15,1402500.0,1320000,82500.0,0,Delivered On-Time
NEX-101002,2025-06-21,Kano,Nasarawa Road Branch,In-Store Retail,Home Appliances,Inverter Split AC 1.5HP (AC-902),1,385000,0.05,365750.0,310000,55750.0,0,Fulfilled In-Store
NEX-101003,2025-05-14,Lagos,Ikeja Mega-Store,Mobile App,Home Appliances,Digital Microwave Oven 25L,1,115000,0.0,115000.0,85000,30000.0,0,Returned
NEX-101004,2025-07-02,Lagos,Surulere Hub,In-Store Retail,Home Appliances,Inverter Split AC 1.5HP (AC-902),1,385000,0.37,240681.45,310000,-69318.55,1,Returned
NEX-101005,2025-07-12,Lagos,Surulere Hub,In-Store Retail,Home Appliances,Digital Microwave Oven 25L,4,115000,0.3,321382.64,340000,-18617.36,0,Delivered On-Time
NEX-101006,2025-07-27,Lagos,Lekki Mall Outlet,Web Direct,Consumer Electronics,iPhone 15 Pro Max 256GB,1,1450000,0.0,1450000.0,1150000,300000.0,0,Delayed Transit
NEX-101007,2025-06-23,Abuja,Wuse 2 Retail,Corporate B2B,Consumer Electronics,Galaxy S24 Ultra 512GB,1,1250000,0.15,1062500.0,950000,112500.0,0,Fulfilled In-Store
NEX-101008,2025-05-22,Lagos,Surulere Hub,In-Store Retail,Computing & Peripherals,Wireless Mechanical Keyboard,4,65000,0.0,260000.0,168000,92000.0,0,Delivered On-Time
NEX-101009,2025-05-02,Abuja,Wuse 2 Retail,In-Store Retail,Computing & Peripherals,1TB NVMe Portable SSD,1,95000,0.0,95000.0,68000,27000.0,0,Fulfilled In-Store
NEX-101010,2025-06-10,Lagos,Surulere Hub,Mobile App,Home Appliances,Smart Inverter Washing Machine 8kg,1,345000,0.2,276000.0,270000,6000.0,0,Delivered On-Time
NEX-101011,2025-05-01,Ibadan,Ring Road Complex,Web Direct,Computing & Peripherals,1TB NVMe Portable SSD,1,95000,0.0,95000.0,68000,27000.0,0,Delivered On-Time
NEX-101012,2025-07-09,Port Harcourt,Trans-Amadi Commercial,In-Store Retail,Consumer Electronics,iPhone 15 Pro Max 256GB,4,1450000,0.05,5510000.0,4600000,910000.0,1,Returned
NEX-101013,2025-05-03,Lagos,Lekki Mall Outlet,Web Direct,Consumer Electronics,Sony WH-1000XM5 Headphones,1,285000,0.05,270750.0,195000,75750.0,0,Delivered On-Time
NEX-101014,2025-07-09,Lagos,Lekki Mall Outlet,In-Store Retail,Consumer Electronics,Sony WH-1000XM5 Headphones,1,285000,0.0,285000.0,195000,90000.0,0,Delivered On-Time
NEX-101015,2025-06-18,Lagos,Surulere Hub,Web Direct,Computing & Peripherals,1TB NVMe Portable SSD,3,95000,0.15,242250.0,204000,38250.0,0,Delivered On-Time
NEX-101016,2025-05-14,Lagos,Ikeja Mega-Store,Web Direct,Home Appliances,Inverter Split AC 1.5HP (AC-902),1,385000,0.1,346500.0,310000,36500.0,0,Delivered On-Time
NEX-101017,2025-06-26,Abuja,Central Business District Store,Web Direct,Home Appliances,Double Door Refrigerator 320L,1,520000,0.05,494000.0,410000,84000.0,0,Delivered On-Time
NEX-101018,2025-06-30,Ibadan,Bodija Outlet,Mobile App,Home Appliances,Digital Microwave Oven 25L,3,115000,0.05,327750.0,255000,72750.0,0,Delivered On-Time
NEX-101019,2025-06-17,Port Harcourt,Trans-Amadi Commercial,In-Store Retail,Computing & Peripherals,Ergonomic Office Chair Pro,1,185000,0.15,157250.0,130000,27250.0,0,Delayed Transit
NEX-101020,2025-05-01,Kano,Bompai Trade Centre,In-Store Retail,Consumer Electronics,iPhone 15 Pro Max 256GB,2,1450000,0.1,2610000.0,2300000,310000.0,0,Delayed Transit
NEX-101021,2025-06-10,Lagos,Surulere Hub,In-Store Retail,Home Appliances,Double Door Refrigerator 320L,1,520000,0.0,520000.0,410000,110000.0,0,Fulfilled In-Store
NEX-101022,2025-06-24,Lagos,Surulere Hub,Mobile App,Consumer Electronics,Sony WH-1000XM5 Headphones,3,285000,0.05,812250.0,585000,227250.0,0,Delivered On-Time
NEX-101023,2025-05-17,Abuja,Wuse 2 Retail,Web Direct,Home Appliances,Smart Inverter Washing Machine 8kg,2,345000,0.0,690000.0,540000,150000.0,0,Delivered On-Time
NEX-101024,2025-05-04,Lagos,Victoria Island Flagship,In-Store Retail,Computing & Peripherals,1TB NVMe Portable SSD,3,95000,0.0,285000.0,204000,81000.0,0,Delayed Transit
NEX-101025,2025-05-17,Ibadan,Bodija Outlet,In-Store Retail,Computing & Peripherals,Wireless Mechanical Keyboard,1,65000,0.05,61750.0,42000,19750.0,0,Fulfilled In-Store
NEX-101026,2025-06-18,Port Harcourt,GRA Phase 2 Store,In-Store Retail,Consumer Electronics,Galaxy S24 Ultra 512GB,1,1250000,0.05,1187500.0,950000,237500.0,0,Delivered On-Time
NEX-101027,2025-07-16,Lagos,Victoria Island Flagship,In-Store Retail,Consumer Electronics,Galaxy S24 Ultra 512GB,1,1250000,0.1,1125000.0,950000,175000.0,0,Delivered On-Time
NEX-101028,2025-05-13,Abuja,Central Business District Store,In-Store Retail,Home Appliances,Inverter Split AC 1.5HP (AC-902),1,385000,0.0,385000.0,310000,75000.0,0,Delayed Transit
NEX-101029,2025-06-27,Port Harcourt,GRA Phase 2 Store,In-Store Retail,Consumer Electronics,Dell XPS 15 Laptop,1,1650000,0.15,1402500.0,1320000,82500.0,0,Delivered On-Time
NEX-101030,2025-06-14,Abuja,Wuse 2 Retail,Web Direct,Consumer Electronics,iPhone 15 Pro Max 256GB,1,1450000,0.0,1450000.0,1150000,300000.0,0,Delayed Transit
NEX-101031,2025-07-08,Lagos,Victoria Island Flagship,In-Store Retail,Home Appliances,Inverter Split AC 1.5HP (AC-902),3,385000,0.28,828193.02,930000,-101806.98,1,Returned
NEX-101032,2025-07-28,Ibadan,Bodija Outlet,In-Store Retail,Consumer Electronics,Galaxy S24 Ultra 512GB,1,1250000,0.05,1187500.0,950000,237500.0,0,Delayed Transit
NEX-101033,2025-07-03,Lagos,Surulere Hub,Mobile App,Home Appliances,Double Door Refrigerator 320L,1,520000,0.36,330406.14,410000,-79593.86,0,Returned
NEX-101034,2025-05-14,Abuja,Wuse 2 Retail,In-Store Retail,Consumer Electronics,Sony WH-1000XM5 Headphones,1,285000,0.0,285000.0,195000,90000.0,0,Delivered On-Time
NEX-101035,2025-06-10,Abuja,Wuse 2 Retail,In-Store Retail,Consumer Electronics,Dell XPS 15 Laptop,1,1650000,0.15,1402500.0,1320000,82500.0,0,Delivered On-Time
NEX-101036,2025-05-05,Ibadan,Bodija Outlet,Web Direct,Home Appliances,Chest Freezer 200L,2,245000,0.05,465500.0,390000,75500.0,0,Delivered On-Time
NEX-101037,2025-05-04,Lagos,Lekki Mall Outlet,In-Store Retail,Consumer Electronics,MacBook Pro 14 M3,1,1850000,0.0,1850000.0,1480000,370000.0,0,Delivered On-Time
NEX-101038,2025-06-10,Lagos,Lekki Mall Outlet,Web Direct,Computing & Peripherals,Ergonomic Office Chair Pro,1,185000,0.05,175750.0,130000,45750.0,0,Delivered On-Time
NEX-101039,2025-05-09,Lagos,Victoria Island Flagship,Web Direct,Consumer Electronics,Dell XPS 15 Laptop,1,1650000,0.05,1567500.0,1320000,247500.0,0,Fulfilled In-Store
NEX-101040,2025-05-10,Abuja,Wuse 2 Retail,In-Store Retail,Home Appliances,Smart Inverter Washing Machine 8kg,2,345000,0.0,690000.0,540000,150000.0,0,Delivered On-Time
NEX-101041,2025-05-06,Ibadan,Bodija Outlet,In-Store Retail,Home Appliances,Double Door Refrigerator 320L,1,520000,0.05,494000.0,410000,84000.0,0,Delivered On-Time
NEX-101042,2025-05-03,Abuja,Wuse 2 Retail,Mobile App,Home Appliances,Smart Inverter Washing Machine 8kg,1,345000,0.2,276000.0,270000,6000.0,1,Returned
NEX-101043,2025-07-07,Lagos,Ikeja Mega-Store,In-Store Retail,Consumer Electronics,Sony WH-1000XM5 Headphones,2,285000,0.0,570000.0,390000,180000.0,0,Delivered On-Time
NEX-101044,2025-07-11,Port Harcourt,Trans-Amadi Commercial,Web Direct,Home Appliances,Smart Inverter Washing Machine 8kg,1,345000,0.05,327750.0,270000,57750.0,0,Returned
NEX-101045,2025-05-16,Port Harcourt,GRA Phase 2 Store,In-Store Retail,Consumer Electronics,Galaxy S24 Ultra 512GB,1,1250000,0.2,1000000.0,950000,50000.0,0,Delayed Transit
NEX-101046,2025-05-29,Lagos,Victoria Island Flagship,Web Direct,Home Appliances,Chest Freezer 200L,5,245000,0.15,1041250.0,975000,66250.0,0,Delivered On-Time
NEX-101047,2025-05-06,Lagos,Lekki Mall Outlet,In-Store Retail,Home Appliances,Chest Freezer 200L,2,245000,0.0,490000.0,390000,100000.0,0,Fulfilled In-Store
NEX-101048,2025-07-14,Abuja,Central Business District Store,In-Store Retail,Consumer Electronics,Dell XPS 15 Laptop,3,1650000,0.2,3960000.0,3960000,0.0,0,Delivered On-Time
NEX-101049,2025-05-16,Abuja,Central Business District Store,Web Direct,Computing & Peripherals,Logitech MX Master 3S Mouse,4,75000,0.0,300000.0,208000,92000.0,0,Delivered On-Time
NEX-101050,2025-06-03,Port Harcourt,GRA Phase 2 Store,In-Store Retail,Consumer Electronics,iPhone 15 Pro Max 256GB,1,1450000,0.0,1450000.0,1150000,300000.0,0,Delivered On-Time
NEX-101051,2025-07-25,Lagos,Surulere Hub,In-Store Retail,Consumer Electronics,MacBook Pro 14 M3,1,1850000,0.05,1757500.0,1480000,277500.0,0,Fulfilled In-Store
NEX-101052,2025-06-09,Port Harcourt,GRA Phase 2 Store,Corporate B2B,Consumer Electronics,iPhone 15 Pro Max 256GB,1,1450000,0.0,1450000.0,1150000,300000.0,0,Fulfilled In-Store
NEX-101053,2025-07-05,Lagos,Surulere Hub,In-Store Retail,Home Appliances,Digital Microwave Oven 25L,1,115000,0.31,79267.81,85000,-5732.19,0,Delayed Transit
NEX-101054,2025-05-19,Abuja,Central Business District Store,Web Direct,Consumer Electronics,Galaxy S24 Ultra 512GB,3,1250000,0.0,3750000.0,2850000,900000.0,1,Returned
NEX-101055,2025-06-27,Lagos,Ikeja Mega-Store,Mobile App,Consumer Electronics,MacBook Pro 14 M3,1,1850000,0.0,1850000.0,1480000,370000.0,0,Delivered On-Time
NEX-101056,2025-05-07,Lagos,Lekki Mall Outlet,In-Store Retail,Computing & Peripherals,Logitech MX Master 3S Mouse,2,75000,0.0,150000.0,104000,46000.0,0,Delivered On-Time
NEX-101057,2025-07-16,Lagos,Surulere Hub,Web Direct,Consumer Electronics,Galaxy S24 Ultra 512GB,1,1250000,0.2,1000000.0,950000,50000.0,0,Delivered On-Time
NEX-101058,2025-05-05,Abuja,Central Business District Store,In-Store Retail,Consumer Electronics,MacBook Pro 14 M3,1,1850000,0.05,1757500.0,1480000,277500.0,0,Delivered On-Time
NEX-101059,2025-05-13,Lagos,Lekki Mall Outlet,In-Store Retail,Consumer Electronics,iPhone 15 Pro Max 256GB,1,1450000,0.0,1450000.0,1150000,300000.0,0,Delayed Transit
NEX-101060,2025-05-13,Lagos,Surulere Hub,Web Direct,Computing & Peripherals,Wireless Mechanical Keyboard,1,65000,0.05,61750.0,42000,19750.0,0,Delivered On-Time
NEX-101061,2025-06-28,Lagos,Ikeja Mega-Store,Web Direct,Home Appliances,Smart Inverter Washing Machine 8kg,1,345000,0.2,276000.0,270000,6000.0,0,Delivered On-Time
NEX-101062,2025-05-02,Abuja,Maitama Galleria,Web Direct,Home Appliances,Double Door Refrigerator 320L,1,520000,0.0,520000.0,410000,110000.0,1,Returned
NEX-101063,2025-06-07,Port Harcourt,GRA Phase 2 Store,Corporate B2B,Consumer Electronics,Galaxy S24 Ultra 512GB,1,1250000,0.1,1125000.0,950000,175000.0,0,Delayed Transit
NEX-101064,2025-07-09,Lagos,Surulere Hub,In-Store Retail,Home Appliances,Inverter Split AC 1.5HP (AC-902),2,385000,0.31,531212.68,620000,-88787.32,0,Delivered On-Time
NEX-101065,2025-07-24,Kano,Bompai Trade Centre,In-Store Retail,Computing & Peripherals,1TB NVMe Portable SSD,2,95000,0.0,190000.0,136000,54000.0,0,Fulfilled In-Store
NEX-101066,2025-07-24,Ibadan,Bodija Outlet,In-Store Retail,Consumer Electronics,Dell XPS 15 Laptop,2,1650000,0.2,2640000.0,2640000,0.0,0,Delayed Transit
NEX-101067,2025-05-25,Kano,Bompai Trade Centre,Web Direct,Home Appliances,Chest Freezer 200L,3,245000,0.0,735000.0,585000,150000.0,0,Delivered On-Time
NEX-101068,2025-06-03,Kano,Bompai Trade Centre,Corporate B2B,Home Appliances,Chest Freezer 200L,1,245000,0.2,196000.0,195000,1000.0,0,Delivered On-Time
NEX-101069,2025-07-06,Port Harcourt,GRA Phase 2 Store,In-Store Retail,Home Appliances,Chest Freezer 200L,4,245000,0.1,882000.0,780000,102000.0,0,Returned
NEX-101070,2025-07-03,Kano,Nasarawa Road Branch,In-Store Retail,Consumer Electronics,Dell XPS 15 Laptop,4,1650000,0.05,6270000.0,5280000,990000.0,0,Delivered On-Time
NEX-101071,2025-06-06,Lagos,Lekki Mall Outlet,In-Store Retail,Consumer Electronics,iPhone 15 Pro Max 256GB,1,1450000,0.05,1377500.0,1150000,227500.0,0,Delivered On-Time
NEX-101072,2025-06-25,Lagos,Ikeja Mega-Store,In-Store Retail,Consumer Electronics,MacBook Pro 14 M3,2,1850000,0.1,3330000.0,2960000,370000.0,0,Returned
NEX-101073,2025-07-11,Lagos,Ikeja Mega-Store,Web Direct,Consumer Electronics,iPhone 15 Pro Max 256GB,1,1450000,0.15,1232500.0,1150000,82500.0,0,Delivered On-Time
NEX-101074,2025-06-15,Lagos,Surulere Hub,In-Store Retail,Consumer Electronics,MacBook Pro 14 M3,3,1850000,0.05,5272500.0,4440000,832500.0,0,Delivered On-Time
NEX-101075,2025-06-11,Port Harcourt,GRA Phase 2 Store,Web Direct,Consumer Electronics,MacBook Pro 14 M3,1,1850000,0.05,1757500.0,1480000,277500.0,0,Delivered On-Time
NEX-101076,2025-07-12,Kano,Bompai Trade Centre,Web Direct,Home Appliances,Digital Microwave Oven 25L,1,115000,0.05,109250.0,85000,24250.0,0,Delivered On-Time
NEX-101077,2025-07-27,Port Harcourt,Trans-Amadi Commercial,In-Store Retail,Home Appliances,Digital Microwave Oven 25L,4,115000,0.05,437000.0,340000,97000.0,0,Delivered On-Time
NEX-101078,2025-06-23,Lagos,Victoria Island Flagship,Web Direct,Home Appliances,Double Door Refrigerator 320L,1,520000,0.0,520000.0,410000,110000.0,0,Fulfilled In-Store
NEX-101079,2025-06-07,Lagos,Surulere Hub,In-Store Retail,Computing & Peripherals,27-inch 4K Gaming Monitor,1,310000,0.1,279000.0,235000,44000.0,0,Fulfilled In-Store
NEX-101080,2025-05-11,Lagos,Ikeja Mega-Store,In-Store Retail,Consumer Electronics,MacBook Pro 14 M3,1,1850000,0.05,1757500.0,1480000,277500.0,0,Delivered On-Time
NEX-101081,2025-07-14,Abuja,Wuse 2 Retail,Web Direct,Computing & Peripherals,Wireless Mechanical Keyboard,1,65000,0.05,61750.0,42000,19750.0,0,Delivered On-Time
NEX-101082,2025-07-26,Abuja,Central Business District Store,In-Store Retail,Home Appliances,Inverter Split AC 1.5HP (AC-902),2,385000,0.05,731500.0,620000,111500.0,1,Returned
NEX-101083,2025-05-20,Abuja,Central Business District Store,Web Direct,Consumer Electronics,iPhone 15 Pro Max 256GB,1,1450000,0.0,1450000.0,1150000,300000.0,0,Delivered On-Time
NEX-101084,2025-05-16,Lagos,Surulere Hub,Mobile App,Consumer Electronics,Dell XPS 15 Laptop,1,1650000,0.05,1567500.0,1320000,247500.0,0,Delayed Transit
NEX-101085,2025-05-16,Lagos,Ikeja Mega-Store,In-Store Retail,Computing & Peripherals,Wireless Mechanical Keyboard,1,65000,0.1,58500.0,42000,16500.0,0,Delivered On-Time
NEX-101086,2025-06-07,Lagos,Ikeja Mega-Store,Mobile App,Home Appliances,Smart Inverter Washing Machine 8kg,1,345000,0.0,345000.0,270000,75000.0,0,Delivered On-Time
NEX-101087,2025-06-23,Port Harcourt,GRA Phase 2 Store,In-Store Retail,Home Appliances,Inverter Split AC 1.5HP (AC-902),1,385000,0.0,385000.0,310000,75000.0,0,Delayed Transit
NEX-101088,2025-07-24,Abuja,Central Business District Store,Mobile App,Home Appliances,Double Door Refrigerator 320L,1,520000,0.1,468000.0,410000,58000.0,0,Returned
NEX-101089,2025-06-15,Abuja,Wuse 2 Retail,In-Store Retail,Computing & Peripherals,1TB NVMe Portable SSD,1,95000,0.0,95000.0,68000,27000.0,0,Delivered On-Time
NEX-101090,2025-07-12,Lagos,Victoria Island Flagship,In-Store Retail,Computing & Peripherals,Ergonomic Office Chair Pro,3,185000,0.0,555000.0,390000,165000.0,0,Delivered On-Time
NEX-101091,2025-06-30,Abuja,Central Business District Store,Web Direct,Computing & Peripherals,1TB NVMe Portable SSD,1,95000,0.05,90250.0,68000,22250.0,0,Delivered On-Time
NEX-101092,2025-07-14,Abuja,Maitama Galleria,In-Store Retail,Consumer Electronics,iPhone 15 Pro Max 256GB,1,1450000,0.05,1377500.0,1150000,227500.0,0,Delayed Transit
NEX-101093,2025-06-11,Port Harcourt,GRA Phase 2 Store,In-Store Retail,Consumer Electronics,Sony WH-1000XM5 Headphones,2,285000,0.0,570000.0,390000,180000.0,0,Delayed Transit
NEX-101094,2025-05-15,Lagos,Ikeja Mega-Store,In-Store Retail,Home Appliances,Chest Freezer 200L,1,245000,0.0,245000.0,195000,50000.0,0,Delivered On-Time
NEX-101095,2025-06-27,Lagos,Victoria Island Flagship,In-Store Retail,Home Appliances,Digital Microwave Oven 25L,1,115000,0.0,115000.0,85000,30000.0,0,Delivered On-Time
NEX-101096,2025-07-07,Port Harcourt,GRA Phase 2 Store,In-Store Retail,Consumer Electronics,Galaxy S24 Ultra 512GB,1,1250000,0.1,1125000.0,950000,175000.0,0,Delivered On-Time
NEX-101097,2025-06-22,Abuja,Central Business District Store,In-Store Retail,Computing & Peripherals,1TB NVMe Portable SSD,1,95000,0.1,85500.0,68000,17500.0,0,Delivered On-Time
NEX-101098,2025-06-15,Lagos,Victoria Island Flagship,Corporate B2B,Home Appliances,Digital Microwave Oven 25L,1,115000,0.15,97750.0,85000,12750.0,0,Delivered On-Time
NEX-101099,2025-07-06,Lagos,Ikeja Mega-Store,In-Store Retail,Consumer Electronics,Dell XPS 15 Laptop,1,1650000,0.0,1650000.0,1320000,330000.0,0,Delivered On-Time
NEX-101100,2025-06-02,Lagos,Lekki Mall Outlet,In-Store Retail,Consumer Electronics,MacBook Pro 14 M3,1,1850000,0.05,1757500.0,1480000,277500.0,0,Fulfilled In-Store
NEX-101101,2025-07-04,Lagos,Ikeja Mega-Store,Web Direct,Consumer Electronics,Dell XPS 15 Laptop,1,1650000,0.15,1402500.0,1320000,82500.0,0,Delivered On-Time
NEX-101102,2025-06-13,Lagos,Victoria Island Flagship,In-Store Retail,Consumer Electronics,iPhone 15 Pro Max 256GB,1,1450000,0.1,1305000.0,1150000,155000.0,0,Fulfilled In-Store
NEX-101103,2025-05-08,Lagos,Ikeja Mega-Store,Corporate B2B,Computing & Peripherals,1TB NVMe Portable SSD,2,95000,0.1,171000.0,136000,35000.0,1,Returned
NEX-101104,2025-06-23,Abuja,Wuse 2 Retail,Mobile App,Computing & Peripherals,Logitech MX Master 3S Mouse,3,75000,0.0,225000.0,156000,69000.0,0,Delivered On-Time
NEX-101105,2025-07-04,Lagos,Lekki Mall Outlet,In-Store Retail,Home Appliances,Double Door Refrigerator 320L,1,520000,0.29,371521.46,410000,-38478.54,0,Fulfilled In-Store
NEX-101106,2025-07-08,Abuja,Maitama Galleria,Web Direct,Computing & Peripherals,27-inch 4K Gaming Monitor,1,310000,0.0,310000.0,235000,75000.0,0,Delayed Transit
NEX-101107,2025-06-25,Port Harcourt,GRA Phase 2 Store,In-Store Retail,Consumer Electronics,Dell XPS 15 Laptop,5,1650000,0.0,8250000.0,6600000,1650000.0,0,Delivered On-Time
NEX-101108,2025-05-08,Lagos,Ikeja Mega-Store,Web Direct,Consumer Electronics,Sony WH-1000XM5 Headphones,2,285000,0.15,484500.0,390000,94500.0,0,Delivered On-Time
NEX-101109,2025-05-02,Kano,Nasarawa Road Branch,Corporate B2B,Consumer Electronics,Galaxy S24 Ultra 512GB,1,1250000,0.0,1250000.0,950000,300000.0,0,Delivered On-Time
NEX-101110,2025-07-23,Kano,Bompai Trade Centre,In-Store Retail,Home Appliances,Digital Microwave Oven 25L,1,115000,0.05,109250.0,85000,24250.0,0,Fulfilled In-Store
NEX-101111,2025-05-27,Abuja,Wuse 2 Retail,Corporate B2B,Consumer Electronics,Sony WH-1000XM5 Headphones,2,285000,0.15,484500.0,390000,94500.0,0,Delivered On-Time
NEX-101112,2025-07-23,Lagos,Lekki Mall Outlet,In-Store Retail,Computing & Peripherals,1TB NVMe Portable SSD,1,95000,0.0,95000.0,68000,27000.0,0,Returned
NEX-101113,2025-07-02,Lagos,Victoria Island Flagship,Mobile App,Computing & Peripherals,Wireless Mechanical Keyboard,1,65000,0.05,61750.0,42000,19750.0,0,Delayed Transit
NEX-101114,2025-05-19,Lagos,Victoria Island Flagship,Web Direct,Computing & Peripherals,Logitech MX Master 3S Mouse,4,75000,0.0,300000.0,208000,92000.0,0,Delivered On-Time
NEX-101115,2025-07-15,Lagos,Ikeja Mega-Store,In-Store Retail,Computing & Peripherals,Logitech MX Master 3S Mouse,1,75000,0.15,63750.0,52000,11750.0,0,Delivered On-Time
NEX-101116,2025-05-27,Lagos,Surulere Hub,Web Direct,Computing & Peripherals,Ergonomic Office Chair Pro,1,185000,0.1,166500.0,130000,36500.0,0,Fulfilled In-Store
NEX-101117,2025-06-13,Kano,Bompai Trade Centre,Corporate B2B,Computing & Peripherals,Wireless Mechanical Keyboard,2,65000,0.0,130000.0,84000,46000.0,0,Delivered On-Time
NEX-101118,2025-06-24,Port Harcourt,GRA Phase 2 Store,Corporate B2B,Computing & Peripherals,Logitech MX Master 3S Mouse,4,75000,0.15,255000.0,208000,47000.0,0,Returned
NEX-101119,2025-07-08,Abuja,Wuse 2 Retail,Web Direct,Computing & Peripherals,Ergonomic Office Chair Pro,1,185000,0.0,185000.0,130000,55000.0,0,Fulfilled In-Store
NEX-101120,2025-05-17,Kano,Bompai Trade Centre,Corporate B2B,Home Appliances,Inverter Split AC 1.5HP (AC-902),5,385000,0.1,1732500.0,1550000,182500.0,0,Delivered On-Time
NEX-101121,2025-05-05,Abuja,Maitama Galleria,In-Store Retail,Home Appliances,Chest Freezer 200L,1,245000,0.0,245000.0,195000,50000.0,0,Fulfilled In-Store
NEX-101122,2025-05-23,Lagos,Ikeja Mega-Store,In-Store Retail,Home Appliances,Inverter Split AC 1.5HP (AC-902),4,385000,0.05,1463000.0,1240000,223000.0,0,Delivered On-Time
NEX-101123,2025-05-08,Abuja,Central Business District Store,In-Store Retail,Computing & Peripherals,1TB NVMe Portable SSD,1,95000,0.0,95000.0,68000,27000.0,0,Fulfilled In-Store
NEX-101124,2025-06-05,Lagos,Surulere Hub,In-Store Retail,Computing & Peripherals,Wireless Mechanical Keyboard,1,65000,0.05,61750.0,42000,19750.0,0,Delivered On-Time
NEX-101125,2025-05-05,Lagos,Surulere Hub,Web Direct,Consumer Electronics,Dell XPS 15 Laptop,2,1650000,0.0,3300000.0,2640000,660000.0,0,Delivered On-Time
NEX-101126,2025-06-02,Lagos,Lekki Mall Outlet,Web Direct,Consumer Electronics,Dell XPS 15 Laptop,1,1650000,0.0,1650000.0,1320000,330000.0,0,Delivered On-Time
NEX-101127,2025-05-10,Lagos,Lekki Mall Outlet,Web Direct,Computing & Peripherals,Logitech MX Master 3S Mouse,1,75000,0.0,75000.0,52000,23000.0,0,Delivered On-Time
NEX-101128,2025-07-17,Port Harcourt,Trans-Amadi Commercial,Mobile App,Computing & Peripherals,Ergonomic Office Chair Pro,1,185000,0.2,148000.0,130000,18000.0,0,Delivered On-Time
NEX-101129,2025-05-06,Lagos,Victoria Island Flagship,Mobile App,Consumer Electronics,Galaxy S24 Ultra 512GB,1,1250000,0.1,1125000.0,950000,175000.0,0,Fulfilled In-Store
NEX-101130,2025-07-05,Port Harcourt,Trans-Amadi Commercial,Mobile App,Home Appliances,Chest Freezer 200L,1,245000,0.1,220500.0,195000,25500.0,0,Returned
NEX-101131,2025-05-11,Ibadan,Ring Road Complex,Web Direct,Computing & Peripherals,1TB NVMe Portable SSD,2,95000,0.05,180500.0,136000,44500.0,0,Fulfilled In-Store
NEX-101132,2025-05-07,Abuja,Wuse 2 Retail,Web Direct,Home Appliances,Smart Inverter Washing Machine 8kg,1,345000,0.1,310500.0,270000,40500.0,0,Delivered On-Time
NEX-101133,2025-06-01,Port Harcourt,Trans-Amadi Commercial,In-Store Retail,Home Appliances,Inverter Split AC 1.5HP (AC-902),1,385000,0.0,385000.0,310000,75000.0,0,Delivered On-Time
NEX-101134,2025-05-11,Lagos,Ikeja Mega-Store,Mobile App,Computing & Peripherals,Logitech MX Master 3S Mouse,1,75000,0.0,75000.0,52000,23000.0,0,Delivered On-Time
NEX-101135,2025-05-17,Kano,Nasarawa Road Branch,Corporate B2B,Home Appliances,Chest Freezer 200L,1,245000,0.05,232750.0,195000,37750.0,0,Delivered On-Time
NEX-101136,2025-05-16,Lagos,Surulere Hub,Web Direct,Consumer Electronics,Dell XPS 15 Laptop,1,1650000,0.15,1402500.0,1320000,82500.0,0,Delivered On-Time
NEX-101137,2025-06-28,Lagos,Ikeja Mega-Store,In-Store Retail,Computing & Peripherals,Logitech MX Master 3S Mouse,2,75000,0.0,150000.0,104000,46000.0,1,Returned
NEX-101138,2025-07-28,Lagos,Ikeja Mega-Store,In-Store Retail,Computing & Peripherals,Logitech MX Master 3S Mouse,3,75000,0.0,225000.0,156000,69000.0,0,Delivered On-Time
NEX-101139,2025-07-31,Lagos,Lekki Mall Outlet,Corporate B2B,Home Appliances,Chest Freezer 200L,1,245000,0.29,173759.59,195000,-21240.41,0,Delivered On-Time
NEX-101140,2025-06-15,Ibadan,Bodija Outlet,Web Direct,Computing & Peripherals,Logitech MX Master 3S Mouse,1,75000,0.05,71250.0,52000,19250.0,0,Delivered On-Time
NEX-101141,2025-07-15,Kano,Nasarawa Road Branch,In-Store Retail,Consumer Electronics,Dell XPS 15 Laptop,1,1650000,0.05,1567500.0,1320000,247500.0,0,Delivered On-Time
NEX-101142,2025-05-23,Abuja,Wuse 2 Retail,In-Store Retail,Consumer Electronics,iPhone 15 Pro Max 256GB,1,1450000,0.0,1450000.0,1150000,300000.0,0,Fulfilled In-Store
NEX-101143,2025-07-14,Abuja,Maitama Galleria,In-Store Retail,Home Appliances,Smart Inverter Washing Machine 8kg,2,345000,0.2,552000.0,540000,12000.0,0,Fulfilled In-Store
NEX-101144,2025-05-27,Lagos,Lekki Mall Outlet,Web Direct,Computing & Peripherals,Ergonomic Office Chair Pro,1,185000,0.0,185000.0,130000,55000.0,0,Delivered On-Time
NEX-101145,2025-06-26,Lagos,Victoria Island Flagship,In-Store Retail,Home Appliances,Chest Freezer 200L,2,245000,0.15,416500.0,390000,26500.0,0,Delivered On-Time
NEX-101146,2025-05-27,Abuja,Wuse 2 Retail,Corporate B2B,Consumer Electronics,Dell XPS 15 Laptop,3,1650000,0.2,3960000.0,3960000,0.0,0,Fulfilled In-Store
NEX-101147,2025-05-01,Abuja,Central Business District Store,In-Store Retail,Home Appliances,Chest Freezer 200L,1,245000,0.0,245000.0,195000,50000.0,0,Delivered On-Time
NEX-101148,2025-05-15,Port Harcourt,GRA Phase 2 Store,In-Store Retail,Home Appliances,Digital Microwave Oven 25L,1,115000,0.15,97750.0,85000,12750.0,0,Delayed Transit
NEX-101149,2025-05-15,Ibadan,Ring Road Complex,Web Direct,Consumer Electronics,Galaxy S24 Ultra 512GB,1,1250000,0.05,1187500.0,950000,237500.0,0,Delayed Transit
NEX-101150,2025-07-05,Abuja,Central Business District Store,Web Direct,Home Appliances,Inverter Split AC 1.5HP (AC-902),1,385000,0.15,327250.0,310000,17250.0,0,Delivered On-Time
NEX-101151,2025-07-11,Abuja,Wuse 2 Retail,In-Store Retail,Computing & Peripherals,27-inch 4K Gaming Monitor,1,310000,0.05,294500.0,235000,59500.0,0,Delivered On-Time
NEX-101152,2025-05-26,Lagos,Victoria Island Flagship,In-Store Retail,Consumer Electronics,Sony WH-1000XM5 Headphones,1,285000,0.0,285000.0,195000,90000.0,0,Returned
NEX-101153,2025-05-28,Lagos,Ikeja Mega-Store,In-Store Retail,Computing & Peripherals,Wireless Mechanical Keyboard,2,65000,0.0,130000.0,84000,46000.0,0,Delayed Transit
NEX-101154,2025-07-20,Abuja,Wuse 2 Retail,In-Store Retail,Computing & Peripherals,Wireless Mechanical Keyboard,2,65000,0.1,117000.0,84000,33000.0,0,Delayed Transit
NEX-101155,2025-07-02,Port Harcourt,Trans-Amadi Commercial,Web Direct,Computing & Peripherals,Logitech MX Master 3S Mouse,1,75000,0.0,75000.0,52000,23000.0,0,Fulfilled In-Store
NEX-101156,2025-06-06,Lagos,Surulere Hub,In-Store Retail,Computing & Peripherals,Logitech MX Master 3S Mouse,1,75000,0.05,71250.0,52000,19250.0,0,Delivered On-Time
NEX-101157,2025-07-29,Lagos,Victoria Island Flagship,Corporate B2B,Home Appliances,Digital Microwave Oven 25L,1,115000,0.35,74896.95,85000,-10103.05,1,Returned
NEX-101158,2025-05-28,Kano,Bompai Trade Centre,In-Store Retail,Home Appliances,Smart Inverter Washing Machine 8kg,1,345000,0.0,345000.0,270000,75000.0,0,Delivered On-Time
NEX-101159,2025-06-03,Kano,Bompai Trade Centre,In-Store Retail,Consumer Electronics,MacBook Pro 14 M3,1,1850000,0.0,1850000.0,1480000,370000.0,0,Delivered On-Time
NEX-101160,2025-05-22,Abuja,Wuse 2 Retail,In-Store Retail,Computing & Peripherals,1TB NVMe Portable SSD,1,95000,0.05,90250.0,68000,22250.0,1,Returned
NEX-101161,2025-06-18,Lagos,Lekki Mall Outlet,Mobile App,Computing & Peripherals,27-inch 4K Gaming Monitor,1,310000,0.05,294500.0,235000,59500.0,0,Delivered On-Time
NEX-101162,2025-05-21,Port Harcourt,Trans-Amadi Commercial,Corporate B2B,Consumer Electronics,MacBook Pro 14 M3,2,1850000,0.15,3145000.0,2960000,185000.0,0,Delivered On-Time
NEX-101163,2025-06-01,Ibadan,Ring Road Complex,Corporate B2B,Computing & Peripherals,27-inch 4K Gaming Monitor,1,310000,0.1,279000.0,235000,44000.0,0,Delivered On-Time
NEX-101164,2025-05-04,Lagos,Victoria Island Flagship,In-Store Retail,Computing & Peripherals,27-inch 4K Gaming Monitor,2,310000,0.0,620000.0,470000,150000.0,0,Fulfilled In-Store
NEX-101165,2025-06-04,Kano,Nasarawa Road Branch,In-Store Retail,Computing & Peripherals,Logitech MX Master 3S Mouse,1,75000,0.1,67500.0,52000,15500.0,0,Fulfilled In-Store
NEX-101166,2025-05-13,Port Harcourt,Trans-Amadi Commercial,In-Store Retail,Computing & Peripherals,Ergonomic Office Chair Pro,2,185000,0.0,370000.0,260000,110000.0,0,Delivered On-Time
NEX-101167,2025-06-28,Lagos,Lekki Mall Outlet,Mobile App,Computing & Peripherals,Logitech MX Master 3S Mouse,1,75000,0.0,75000.0,52000,23000.0,0,Delivered On-Time
NEX-101168,2025-06-05,Abuja,Wuse 2 Retail,Web Direct,Consumer Electronics,Sony WH-1000XM5 Headphones,1,285000,0.05,270750.0,195000,75750.0,0,Delivered On-Time
NEX-101169,2025-07-09,Port Harcourt,Trans-Amadi Commercial,In-Store Retail,Consumer Electronics,Sony WH-1000XM5 Headphones,2,285000,0.0,570000.0,390000,180000.0,0,Delivered On-Time
NEX-101170,2025-06-09,Lagos,Ikeja Mega-Store,In-Store Retail,Consumer Electronics,iPhone 15 Pro Max 256GB,2,1450000,0.05,2755000.0,2300000,455000.0,0,Delivered On-Time
NEX-101171,2025-07-18,Port Harcourt,GRA Phase 2 Store,In-Store Retail,Home Appliances,Smart Inverter Washing Machine 8kg,1,345000,0.1,310500.0,270000,40500.0,0,Delivered On-Time
NEX-101172,2025-07-28,Abuja,Maitama Galleria,Corporate B2B,Home Appliances,Double Door Refrigerator 320L,2,520000,0.1,936000.0,820000,116000.0,0,Delivered On-Time
NEX-101173,2025-07-23,Lagos,Surulere Hub,Web Direct,Computing & Peripherals,1TB NVMe Portable SSD,2,95000,0.2,152000.0,136000,16000.0,0,Delivered On-Time
NEX-101174,2025-07-29,Lagos,Victoria Island Flagship,Corporate B2B,Consumer Electronics,Dell XPS 15 Laptop,2,1650000,0.0,3300000.0,2640000,660000.0,0,Returned
NEX-101175,2025-05-05,Kano,Bompai Trade Centre,In-Store Retail,Computing & Peripherals,Logitech MX Master 3S Mouse,1,75000,0.15,63750.0,52000,11750.0,0,Delivered On-Time
NEX-101176,2025-05-16,Lagos,Lekki Mall Outlet,Web Direct,Computing & Peripherals,Ergonomic Office Chair Pro,1,185000,0.05,175750.0,130000,45750.0,0,Delayed Transit
NEX-101177,2025-05-19,Lagos,Victoria Island Flagship,Corporate B2B,Computing & Peripherals,Ergonomic Office Chair Pro,1,185000,0.0,185000.0,130000,55000.0,0,Fulfilled In-Store
NEX-101178,2025-05-18,Lagos,Surulere Hub,In-Store Retail,Home Appliances,Double Door Refrigerator 320L,1,520000,0.0,520000.0,410000,110000.0,0,Delivered On-Time
NEX-101179,2025-05-25,Lagos,Ikeja Mega-Store,Web Direct,Home Appliances,Inverter Split AC 1.5HP (AC-902),1,385000,0.05,365750.0,310000,55750.0,1,Returned
NEX-101180,2025-07-11,Kano,Bompai Trade Centre,Web Direct,Consumer Electronics,MacBook Pro 14 M3,1,1850000,0.15,1572500.0,1480000,92500.0,0,Delayed Transit
NEX-101181,2025-06-17,Abuja,Maitama Galleria,Mobile App,Computing & Peripherals,1TB NVMe Portable SSD,1,95000,0.0,95000.0,68000,27000.0,0,Delivered On-Time
NEX-101182,2025-05-28,Lagos,Lekki Mall Outlet,Web Direct,Consumer Electronics,Dell XPS 15 Laptop,1,1650000,0.1,1485000.0,1320000,165000.0,0,Fulfilled In-Store
NEX-101183,2025-07-15,Abuja,Wuse 2 Retail,Corporate B2B,Computing & Peripherals,Logitech MX Master 3S Mouse,1,75000,0.0,75000.0,52000,23000.0,0,Delivered On-Time
NEX-101184,2025-07-18,Lagos,Victoria Island Flagship,In-Store Retail,Consumer Electronics,MacBook Pro 14 M3,1,1850000,0.2,1480000.0,1480000,0.0,0,Fulfilled In-Store
NEX-101185,2025-06-24,Abuja,Maitama Galleria,In-Store Retail,Consumer Electronics,iPhone 15 Pro Max 256GB,1,1450000,0.0,1450000.0,1150000,300000.0,0,Delivered On-Time
NEX-101186,2025-06-09,Port Harcourt,Trans-Amadi Commercial,Web Direct,Computing & Peripherals,Wireless Mechanical Keyboard,4,65000,0.15,221000.0,168000,53000.0,0,Delayed Transit
NEX-101187,2025-06-25,Abuja,Maitama Galleria,Web Direct,Home Appliances,Inverter Split AC 1.5HP (AC-902),1,385000,0.0,385000.0,310000,75000.0,0,Delivered On-Time
NEX-101188,2025-06-16,Kano,Bompai Trade Centre,Web Direct,Consumer Electronics,Dell XPS 15 Laptop,1,1650000,0.2,1320000.0,1320000,0.0,0,Delivered On-Time
NEX-101189,2025-05-23,Ibadan,Ring Road Complex,In-Store Retail,Home Appliances,Chest Freezer 200L,1,245000,0.05,232750.0,195000,37750.0,0,Fulfilled In-Store
NEX-101190,2025-06-02,Abuja,Central Business District Store,Web Direct,Consumer Electronics,MacBook Pro 14 M3,1,1850000,0.0,1850000.0,1480000,370000.0,0,Delayed Transit
NEX-101191,2025-06-05,Abuja,Wuse 2 Retail,Corporate B2B,Computing & Peripherals,Logitech MX Master 3S Mouse,5,75000,0.05,356250.0,260000,96250.0,0,Delivered On-Time
NEX-101192,2025-07-22,Port Harcourt,GRA Phase 2 Store,In-Store Retail,Consumer Electronics,Dell XPS 15 Laptop,3,1650000,0.0,4950000.0,3960000,990000.0,0,Fulfilled In-Store
NEX-101193,2025-05-17,Lagos,Ikeja Mega-Store,In-Store Retail,Computing & Peripherals,27-inch 4K Gaming Monitor,1,310000,0.15,263500.0,235000,28500.0,0,Fulfilled In-Store
NEX-101194,2025-07-23,Abuja,Central Business District Store,In-Store Retail,Computing & Peripherals,Ergonomic Office Chair Pro,3,185000,0.0,555000.0,390000,165000.0,0,Delayed Transit
NEX-101195,2025-06-16,Abuja,Wuse 2 Retail,In-Store Retail,Computing & Peripherals,27-inch 4K Gaming Monitor,1,310000,0.1,279000.0,235000,44000.0,0,Delayed Transit
NEX-101196,2025-05-11,Lagos,Ikeja Mega-Store,In-Store Retail,Consumer Electronics,Dell XPS 15 Laptop,1,1650000,0.05,1567500.0,1320000,247500.0,0,Fulfilled In-Store
NEX-101197,2025-06-09,Lagos,Lekki Mall Outlet,In-Store Retail,Home Appliances,Chest Freezer 200L,2,245000,0.0,490000.0,390000,100000.0,0,Delivered On-Time
NEX-101198,2025-05-12,Lagos,Ikeja Mega-Store,In-Store Retail,Computing & Peripherals,27-inch 4K Gaming Monitor,2,310000,0.1,558000.0,470000,88000.0,0,Delivered On-Time
NEX-101199,2025-05-11,Kano,Nasarawa Road Branch,In-Store Retail,Computing & Peripherals,Wireless Mechanical Keyboard,2,65000,0.1,117000.0,84000,33000.0,0,Delivered On-Time
NEX-101200,2025-06-06,Lagos,Victoria Island Flagship,Web Direct,Home Appliances,Double Door Refrigerator 320L,2,520000,0.0,1040000.0,820000,220000.0,0,Returned
NEX-101201,2025-06-03,Abuja,Maitama Galleria,In-Store Retail,Home Appliances,Chest Freezer 200L,1,245000,0.1,220500.0,195000,25500.0,0,Fulfilled In-Store
NEX-101202,2025-07-27,Port Harcourt,GRA Phase 2 Store,Mobile App,Computing & Peripherals,Logitech MX Master 3S Mouse,1,75000,0.05,71250.0,52000,19250.0,0,Delivered On-Time
NEX-101203,2025-07-22,Port Harcourt,Trans-Amadi Commercial,In-Store Retail,Computing & Peripherals,1TB NVMe Portable SSD,1,95000,0.1,85500.0,68000,17500.0,0,Delivered On-Time
NEX-101204,2025-05-27,Lagos,Surulere Hub,In-Store Retail,Consumer Electronics,Dell XPS 15 Laptop,1,1650000,0.0,1650000.0,1320000,330000.0,0,Delivered On-Time
NEX-101205,2025-06-17,Abuja,Wuse 2 Retail,Web Direct,Consumer Electronics,MacBook Pro 14 M3,2,1850000,0.05,3515000.0,2960000,555000.0,0,Delivered On-Time
NEX-101206,2025-06-23,Abuja,Maitama Galleria,Web Direct,Consumer Electronics,iPhone 15 Pro Max 256GB,3,1450000,0.0,4350000.0,3450000,900000.0,0,Delivered On-Time
NEX-101207,2025-05-03,Lagos,Surulere Hub,Web Direct,Computing & Peripherals,Logitech MX Master 3S Mouse,2,75000,0.05,142500.0,104000,38500.0,0,Delayed Transit
NEX-101208,2025-07-16,Lagos,Surulere Hub,In-Store Retail,Consumer Electronics,Dell XPS 15 Laptop,1,1650000,0.0,1650000.0,1320000,330000.0,0,Delivered On-Time
NEX-101209,2025-07-15,Lagos,Victoria Island Flagship,Mobile App,Computing & Peripherals,1TB NVMe Portable SSD,1,95000,0.2,76000.0,68000,8000.0,0,Delivered On-Time
NEX-101210,2025-06-12,Port Harcourt,GRA Phase 2 Store,Mobile App,Home Appliances,Double Door Refrigerator 320L,2,520000,0.05,988000.0,820000,168000.0,0,Delivered On-Time
NEX-101211,2025-05-19,Lagos,Victoria Island Flagship,In-Store Retail,Consumer Electronics,iPhone 15 Pro Max 256GB,1,1450000,0.0,1450000.0,1150000,300000.0,0,Delivered On-Time
NEX-101212,2025-07-27,Abuja,Maitama Galleria,In-Store Retail,Consumer Electronics,MacBook Pro 14 M3,1,1850000,0.05,1757500.0,1480000,277500.0,0,Delivered On-Time
NEX-101213,2025-06-30,Abuja,Maitama Galleria,Web Direct,Consumer Electronics,Sony WH-1000XM5 Headphones,1,285000,0.1,256500.0,195000,61500.0,0,Fulfilled In-Store
NEX-101214,2025-06-06,Port Harcourt,Trans-Amadi Commercial,Web Direct,Computing & Peripherals,27-inch 4K Gaming Monitor,1,310000,0.05,294500.0,235000,59500.0,0,Delivered On-Time
NEX-101215,2025-07-17,Lagos,Victoria Island Flagship,In-Store Retail,Home Appliances,Chest Freezer 200L,2,245000,0.34,322882.24,390000,-67117.76,0,Fulfilled In-Store
NEX-101216,2025-07-22,Lagos,Surulere Hub,In-Store Retail,Consumer Electronics,MacBook Pro 14 M3,1,1850000,0.0,1850000.0,1480000,370000.0,0,Delivered On-Time
NEX-101217,2025-06-06,Lagos,Surulere Hub,In-Store Retail,Home Appliances,Double Door Refrigerator 320L,1,520000,0.05,494000.0,410000,84000.0,0,Delivered On-Time
NEX-101218,2025-05-11,Lagos,Ikeja Mega-Store,Web Direct,Home Appliances,Inverter Split AC 1.5HP (AC-902),1,385000,0.0,385000.0,310000,75000.0,0,Delayed Transit
NEX-101219,2025-05-02,Abuja,Wuse 2 Retail,In-Store Retail,Consumer Electronics,MacBook Pro 14 M3,1,1850000,0.1,1665000.0,1480000,185000.0,0,Fulfilled In-Store
NEX-101220,2025-06-27,Abuja,Maitama Galleria,Web Direct,Computing & Peripherals,Ergonomic Office Chair Pro,1,185000,0.0,185000.0,130000,55000.0,0,Fulfilled In-Store
NEX-101221,2025-07-26,Lagos,Ikeja Mega-Store,In-Store Retail,Computing & Peripherals,1TB NVMe Portable SSD,1,95000,0.05,90250.0,68000,22250.0,0,Fulfilled In-Store
NEX-101222,2025-06-25,Lagos,Lekki Mall Outlet,In-Store Retail,Home Appliances,Digital Microwave Oven 25L,1,115000,0.15,97750.0,85000,12750.0,0,Delivered On-Time
NEX-101223,2025-06-13,Abuja,Central Business District Store,Web Direct,Consumer Electronics,MacBook Pro 14 M3,1,1850000,0.0,1850000.0,1480000,370000.0,0,Delayed Transit
NEX-101224,2025-07-16,Lagos,Ikeja Mega-Store,Web Direct,Home Appliances,Double Door Refrigerator 320L,1,520000,0.33,346580.77,410000,-63419.23,0,Delivered On-Time
NEX-101225,2025-07-03,Lagos,Lekki Mall Outlet,In-Store Retail,Home Appliances,Chest Freezer 200L,1,245000,0.36,156173.5,195000,-38826.5,0,Delayed Transit
NEX-101226,2025-07-07,Abuja,Central Business District Store,In-Store Retail,Home Appliances,Inverter Split AC 1.5HP (AC-902),1,385000,0.2,308000.0,310000,-2000.0,0,Fulfilled In-Store
NEX-101227,2025-06-18,Abuja,Wuse 2 Retail,In-Store Retail,Computing & Peripherals,Ergonomic Office Chair Pro,1,185000,0.0,185000.0,130000,55000.0,0,Delivered On-Time
NEX-101228,2025-07-23,Port Harcourt,GRA Phase 2 Store,Corporate B2B,Home Appliances,Inverter Split AC 1.5HP (AC-902),2,385000,0.05,731500.0,620000,111500.0,0,Delayed Transit
NEX-101229,2025-07-09,Kano,Nasarawa Road Branch,Web Direct,Consumer Electronics,MacBook Pro 14 M3,1,1850000,0.0,1850000.0,1480000,370000.0,0,Delivered On-Time
NEX-101230,2025-07-28,Port Harcourt,Trans-Amadi Commercial,Web Direct,Consumer Electronics,Dell XPS 15 Laptop,1,1650000,0.0,1650000.0,1320000,330000.0,0,Delivered On-Time
NEX-101231,2025-05-27,Lagos,Surulere Hub,Web Direct,Home Appliances,Smart Inverter Washing Machine 8kg,1,345000,0.1,310500.0,270000,40500.0,0,Delivered On-Time
NEX-101232,2025-05-29,Lagos,Lekki Mall Outlet,In-Store Retail,Computing & Peripherals,Ergonomic Office Chair Pro,2,185000,0.05,351500.0,260000,91500.0,0,Delivered On-Time
NEX-101233,2025-07-16,Lagos,Surulere Hub,In-Store Retail,Computing & Peripherals,27-inch 4K Gaming Monitor,1,310000,0.0,310000.0,235000,75000.0,0,Delivered On-Time
NEX-101234,2025-07-03,Lagos,Victoria Island Flagship,Web Direct,Home Appliances,Digital Microwave Oven 25L,1,115000,0.37,72998.65,85000,-12001.35,0,Delayed Transit
NEX-101235,2025-07-11,Ibadan,Ring Road Complex,In-Store Retail,Computing & Peripherals,Ergonomic Office Chair Pro,1,185000,0.1,166500.0,130000,36500.0,0,Delivered On-Time
NEX-101236,2025-05-20,Abuja,Central Business District Store,Web Direct,Computing & Peripherals,Logitech MX Master 3S Mouse,1,75000,0.1,67500.0,52000,15500.0,0,Delivered On-Time
NEX-101237,2025-07-02,Ibadan,Bodija Outlet,Mobile App,Consumer Electronics,Sony WH-1000XM5 Headphones,1,285000,0.1,256500.0,195000,61500.0,0,Delivered On-Time
NEX-101238,2025-05-15,Abuja,Central Business District Store,Corporate B2B,Computing & Peripherals,Logitech MX Master 3S Mouse,1,75000,0.0,75000.0,52000,23000.0,0,Fulfilled In-Store
NEX-101239,2025-06-05,Lagos,Lekki Mall Outlet,Web Direct,Computing & Peripherals,Ergonomic Office Chair Pro,1,185000,0.05,175750.0,130000,45750.0,0,Delivered On-Time
NEX-101240,2025-06-29,Lagos,Surulere Hub,In-Store Retail,Consumer Electronics,Sony WH-1000XM5 Headphones,1,285000,0.05,270750.0,195000,75750.0,0,Delivered On-Time
NEX-101241,2025-05-23,Abuja,Central Business District Store,In-Store Retail,Computing & Peripherals,Logitech MX Master 3S Mouse,4,75000,0.0,300000.0,208000,92000.0,0,Delayed Transit
NEX-101242,2025-05-18,Abuja,Wuse 2 Retail,Mobile App,Computing & Peripherals,1TB NVMe Portable SSD,2,95000,0.15,161500.0,136000,25500.0,0,Delivered On-Time
NEX-101243,2025-07-12,Abuja,Wuse 2 Retail,In-Store Retail,Home Appliances,Inverter Split AC 1.5HP (AC-902),2,385000,0.15,654500.0,620000,34500.0,0,Delivered On-Time
NEX-101244,2025-05-25,Kano,Nasarawa Road Branch,In-Store Retail,Computing & Peripherals,Wireless Mechanical Keyboard,1,65000,0.15,55250.0,42000,13250.0,0,Delivered On-Time
NEX-101245,2025-06-07,Lagos,Ikeja Mega-Store,In-Store Retail,Home Appliances,Digital Microwave Oven 25L,1,115000,0.05,109250.0,85000,24250.0,0,Fulfilled In-Store
NEX-101246,2025-06-29,Abuja,Central Business District Store,Corporate B2B,Home Appliances,Double Door Refrigerator 320L,1,520000,0.1,468000.0,410000,58000.0,0,Delayed Transit
NEX-101247,2025-07-27,Abuja,Wuse 2 Retail,Mobile App,Home Appliances,Inverter Split AC 1.5HP (AC-902),2,385000,0.2,616000.0,620000,-4000.0,0,Delivered On-Time
NEX-101248,2025-07-31,Port Harcourt,GRA Phase 2 Store,In-Store Retail,Computing & Peripherals,27-inch 4K Gaming Monitor,1,310000,0.0,310000.0,235000,75000.0,0,Fulfilled In-Store
NEX-101249,2025-06-16,Lagos,Surulere Hub,In-Store Retail,Consumer Electronics,Galaxy S24 Ultra 512GB,1,1250000,0.0,1250000.0,950000,300000.0,0,Fulfilled In-Store
NEX-101250,2025-05-15,Port Harcourt,Trans-Amadi Commercial,In-Store Retail,Home Appliances,Double Door Refrigerator 320L,3,520000,0.1,1404000.0,1230000,174000.0,0,Delivered On-Time
NEX-101251,2025-07-22,Abuja,Maitama Galleria,Corporate B2B,Home Appliances,Double Door Refrigerator 320L,2,520000,0.0,1040000.0,820000,220000.0,0,Delivered On-Time
NEX-101252,2025-06-27,Abuja,Wuse 2 Retail,In-Store Retail,Consumer Electronics,iPhone 15 Pro Max 256GB,1,1450000,0.0,1450000.0,1150000,300000.0,0,Delivered On-Time
NEX-101253,2025-06-16,Port Harcourt,Trans-Amadi Commercial,Mobile App,Consumer Electronics,Dell XPS 15 Laptop,1,1650000,0.05,1567500.0,1320000,247500.0,0,Delivered On-Time
NEX-101254,2025-07-28,Lagos,Lekki Mall Outlet,Corporate B2B,Home Appliances,Double Door Refrigerator 320L,1,520000,0.3,363393.57,410000,-46606.43,0,Delivered On-Time
NEX-101255,2025-06-03,Lagos,Surulere Hub,In-Store Retail,Consumer Electronics,MacBook Pro 14 M3,1,1850000,0.05,1757500.0,1480000,277500.0,0,Delivered On-Time
NEX-101256,2025-06-18,Kano,Bompai Trade Centre,Web Direct,Computing & Peripherals,Logitech MX Master 3S Mouse,1,75000,0.15,63750.0,52000,11750.0,1,Returned
NEX-101257,2025-06-13,Lagos,Victoria Island Flagship,In-Store Retail,Home Appliances,Chest Freezer 200L,2,245000,0.1,441000.0,390000,51000.0,0,Delivered On-Time
NEX-101258,2025-06-28,Abuja,Wuse 2 Retail,Mobile App,Computing & Peripherals,1TB NVMe Portable SSD,3,95000,0.1,256500.0,204000,52500.0,0,Delivered On-Time
NEX-101259,2025-07-20,Lagos,Lekki Mall Outlet,Web Direct,Home Appliances,Chest Freezer 200L,4,245000,0.36,622632.64,780000,-157367.36,0,Delivered On-Time
NEX-101260,2025-05-08,Lagos,Victoria Island Flagship,In-Store Retail,Computing & Peripherals,Wireless Mechanical Keyboard,1,65000,0.05,61750.0,42000,19750.0,0,Delayed Transit
NEX-101261,2025-06-28,Lagos,Lekki Mall Outlet,Web Direct,Consumer Electronics,iPhone 15 Pro Max 256GB,2,1450000,0.15,2465000.0,2300000,165000.0,0,Delivered On-Time
NEX-101262,2025-06-08,Lagos,Victoria Island Flagship,In-Store Retail,Computing & Peripherals,Logitech MX Master 3S Mouse,1,75000,0.05,71250.0,52000,19250.0,0,Delivered On-Time
NEX-101263,2025-07-21,Lagos,Surulere Hub,In-Store Retail,Consumer Electronics,Sony WH-1000XM5 Headphones,1,285000,0.05,270750.0,195000,75750.0,0,Delivered On-Time
NEX-101264,2025-07-12,Lagos,Surulere Hub,Corporate B2B,Consumer Electronics,Sony WH-1000XM5 Headphones,2,285000,0.0,570000.0,390000,180000.0,0,Delayed Transit
NEX-101265,2025-06-28,Ibadan,Bodija Outlet,Corporate B2B,Computing & Peripherals,Ergonomic Office Chair Pro,1,185000,0.0,185000.0,130000,55000.0,0,Delivered On-Time
NEX-101266,2025-07-22,Lagos,Victoria Island Flagship,In-Store Retail,Computing & Peripherals,1TB NVMe Portable SSD,1,95000,0.05,90250.0,68000,22250.0,0,Fulfilled In-Store
NEX-101267,2025-05-24,Abuja,Maitama Galleria,Corporate B2B,Computing & Peripherals,Logitech MX Master 3S Mouse,1,75000,0.0,75000.0,52000,23000.0,0,Delayed Transit
NEX-101268,2025-05-13,Kano,Bompai Trade Centre,In-Store Retail,Computing & Peripherals,1TB NVMe Portable SSD,2,95000,0.0,190000.0,136000,54000.0,0,Delivered On-Time
NEX-101269,2025-06-09,Abuja,Maitama Galleria,Corporate B2B,Home Appliances,Inverter Split AC 1.5HP (AC-902),1,385000,0.15,327250.0,310000,17250.0,1,Returned
NEX-101270,2025-06-11,Lagos,Surulere Hub,Corporate B2B,Consumer Electronics,Dell XPS 15 Laptop,1,1650000,0.0,1650000.0,1320000,330000.0,0,Delivered On-Time
NEX-101271,2025-07-16,Port Harcourt,Trans-Amadi Commercial,In-Store Retail,Home Appliances,Digital Microwave Oven 25L,3,115000,0.1,310500.0,255000,55500.0,0,Delivered On-Time
NEX-101272,2025-06-15,Port Harcourt,Trans-Amadi Commercial,In-Store Retail,Home Appliances,Chest Freezer 200L,1,245000,0.0,245000.0,195000,50000.0,0,Delivered On-Time
NEX-101273,2025-06-22,Lagos,Victoria Island Flagship,Mobile App,Home Appliances,Inverter Split AC 1.5HP (AC-902),2,385000,0.0,770000.0,620000,150000.0,0,Delivered On-Time
NEX-101274,2025-06-17,Lagos,Surulere Hub,Corporate B2B,Home Appliances,Chest Freezer 200L,1,245000,0.0,245000.0,195000,50000.0,0,Delivered On-Time
NEX-101275,2025-06-05,Lagos,Victoria Island Flagship,In-Store Retail,Computing & Peripherals,Logitech MX Master 3S Mouse,3,75000,0.05,213750.0,156000,57750.0,0,Fulfilled In-Store
NEX-101276,2025-07-24,Lagos,Surulere Hub,In-Store Retail,Computing & Peripherals,1TB NVMe Portable SSD,1,95000,0.0,95000.0,68000,27000.0,0,Delivered On-Time
NEX-101277,2025-06-17,Lagos,Lekki Mall Outlet,In-Store Retail,Consumer Electronics,Galaxy S24 Ultra 512GB,1,1250000,0.1,1125000.0,950000,175000.0,0,Delivered On-Time
NEX-101278,2025-05-20,Abuja,Wuse 2 Retail,In-Store Retail,Consumer Electronics,Sony WH-1000XM5 Headphones,1,285000,0.05,270750.0,195000,75750.0,0,Delivered On-Time
NEX-101279,2025-07-07,Port Harcourt,GRA Phase 2 Store,In-Store Retail,Consumer Electronics,MacBook Pro 14 M3,4,1850000,0.0,7400000.0,5920000,1480000.0,0,Delayed Transit
NEX-101280,2025-05-28,Lagos,Surulere Hub,In-Store Retail,Home Appliances,Smart Inverter Washing Machine 8kg,1,345000,0.2,276000.0,270000,6000.0,0,Delayed Transit
NEX-101281,2025-05-03,Lagos,Surulere Hub,In-Store Retail,Home Appliances,Inverter Split AC 1.5HP (AC-902),2,385000,0.0,770000.0,620000,150000.0,0,Delivered On-Time
NEX-101282,2025-07-12,Lagos,Ikeja Mega-Store,Mobile App,Home Appliances,Chest Freezer 200L,1,245000,0.34,162317.02,195000,-32682.98,0,Delayed Transit
NEX-101283,2025-07-12,Lagos,Ikeja Mega-Store,Web Direct,Computing & Peripherals,27-inch 4K Gaming Monitor,1,310000,0.05,294500.0,235000,59500.0,0,Delivered On-Time
NEX-101284,2025-05-10,Port Harcourt,Trans-Amadi Commercial,Corporate B2B,Home Appliances,Digital Microwave Oven 25L,3,115000,0.2,276000.0,255000,21000.0,0,Delivered On-Time
NEX-101285,2025-05-24,Abuja,Maitama Galleria,In-Store Retail,Computing & Peripherals,Logitech MX Master 3S Mouse,3,75000,0.0,225000.0,156000,69000.0,0,Delayed Transit
NEX-101286,2025-06-19,Lagos,Victoria Island Flagship,In-Store Retail,Consumer Electronics,MacBook Pro 14 M3,2,1850000,0.05,3515000.0,2960000,555000.0,0,Delivered On-Time
NEX-101287,2025-07-23,Abuja,Wuse 2 Retail,Mobile App,Computing & Peripherals,1TB NVMe Portable SSD,1,95000,0.1,85500.0,68000,17500.0,0,Delivered On-Time
NEX-101288,2025-05-04,Abuja,Central Business District Store,Corporate B2B,Computing & Peripherals,Ergonomic Office Chair Pro,4,185000,0.0,740000.0,520000,220000.0,0,Delivered On-Time
NEX-101289,2025-05-27,Lagos,Victoria Island Flagship,In-Store Retail,Home Appliances,Double Door Refrigerator 320L,3,520000,0.0,1560000.0,1230000,330000.0,0,Delivered On-Time
NEX-101290,2025-06-26,Lagos,Surulere Hub,In-Store Retail,Computing & Peripherals,Wireless Mechanical Keyboard,1,65000,0.0,65000.0,42000,23000.0,0,Delivered On-Time
NEX-101291,2025-06-18,Abuja,Central Business District Store,In-Store Retail,Consumer Electronics,Dell XPS 15 Laptop,3,1650000,0.1,4455000.0,3960000,495000.0,0,Fulfilled In-Store
NEX-101292,2025-05-16,Ibadan,Bodija Outlet,Web Direct,Home Appliances,Digital Microwave Oven 25L,1,115000,0.2,92000.0,85000,7000.0,0,Delivered On-Time
NEX-101293,2025-06-02,Abuja,Maitama Galleria,In-Store Retail,Home Appliances,Digital Microwave Oven 25L,1,115000,0.15,97750.0,85000,12750.0,0,Fulfilled In-Store
NEX-101294,2025-05-09,Lagos,Lekki Mall Outlet,In-Store Retail,Computing & Peripherals,27-inch 4K Gaming Monitor,1,310000,0.1,279000.0,235000,44000.0,0,Delivered On-Time
NEX-101295,2025-06-05,Port Harcourt,Trans-Amadi Commercial,In-Store Retail,Consumer Electronics,iPhone 15 Pro Max 256GB,1,1450000,0.0,1450000.0,1150000,300000.0,0,Delayed Transit
NEX-101296,2025-05-05,Lagos,Victoria Island Flagship,Corporate B2B,Computing & Peripherals,Ergonomic Office Chair Pro,1,185000,0.0,185000.0,130000,55000.0,0,Delivered On-Time
NEX-101297,2025-07-06,Ibadan,Ring Road Complex,In-Store Retail,Consumer Electronics,iPhone 15 Pro Max 256GB,1,1450000,0.0,1450000.0,1150000,300000.0,0,Delivered On-Time
NEX-101298,2025-06-03,Abuja,Central Business District Store,Corporate B2B,Home Appliances,Inverter Split AC 1.5HP (AC-902),3,385000,0.0,1155000.0,930000,225000.0,0,Fulfilled In-Store
NEX-101299,2025-05-06,Abuja,Wuse 2 Retail,Web Direct,Consumer Electronics,iPhone 15 Pro Max 256GB,1,1450000,0.0,1450000.0,1150000,300000.0,0,Delivered On-Time
NEX-101300,2025-05-09,Lagos,Surulere Hub,In-Store Retail,Home Appliances,Chest Freezer 200L,1,245000,0.15,208250.0,195000,13250.0,0,Delivered On-Time
NEX-101301,2025-06-30,Abuja,Maitama Galleria,In-Store Retail,Computing & Peripherals,1TB NVMe Portable SSD,1,95000,0.05,90250.0,68000,22250.0,0,Delivered On-Time
NEX-101302,2025-07-13,Lagos,Victoria Island Flagship,Web Direct,Consumer Electronics,iPhone 15 Pro Max 256GB,1,1450000,0.1,1305000.0,1150000,155000.0,0,Delivered On-Time
NEX-101303,2025-07-18,Lagos,Victoria Island Flagship,In-Store Retail,Computing & Peripherals,Ergonomic Office Chair Pro,1,185000,0.2,148000.0,130000,18000.0,0,Delivered On-Time
NEX-101304,2025-07-13,Ibadan,Bodija Outlet,Corporate B2B,Consumer Electronics,MacBook Pro 14 M3,1,1850000,0.05,1757500.0,1480000,277500.0,0,Fulfilled In-Store
NEX-101305,2025-05-05,Port Harcourt,Trans-Amadi Commercial,Web Direct,Consumer Electronics,iPhone 15 Pro Max 256GB,1,1450000,0.05,1377500.0,1150000,227500.0,0,Delivered On-Time
NEX-101306,2025-06-20,Lagos,Surulere Hub,In-Store Retail,Home Appliances,Double Door Refrigerator 320L,1,520000,0.1,468000.0,410000,58000.0,0,Delivered On-Time
NEX-101307,2025-05-28,Abuja,Maitama Galleria,Web Direct,Consumer Electronics,MacBook Pro 14 M3,1,1850000,0.05,1757500.0,1480000,277500.0,0,Returned
NEX-101308,2025-05-24,Lagos,Surulere Hub,Corporate B2B,Home Appliances,Inverter Split AC 1.5HP (AC-902),1,385000,0.0,385000.0,310000,75000.0,0,Delivered On-Time
NEX-101309,2025-06-16,Lagos,Ikeja Mega-Store,Mobile App,Consumer Electronics,Galaxy S24 Ultra 512GB,1,1250000,0.05,1187500.0,950000,237500.0,0,Delivered On-Time
NEX-101310,2025-06-07,Lagos,Lekki Mall Outlet,In-Store Retail,Home Appliances,Chest Freezer 200L,5,245000,0.0,1225000.0,975000,250000.0,0,Delivered On-Time
NEX-101311,2025-06-20,Port Harcourt,GRA Phase 2 Store,In-Store Retail,Computing & Peripherals,Wireless Mechanical Keyboard,2,65000,0.0,130000.0,84000,46000.0,0,Delivered On-Time
NEX-101312,2025-05-20,Abuja,Wuse 2 Retail,Web Direct,Computing & Peripherals,Ergonomic Office Chair Pro,1,185000,0.05,175750.0,130000,45750.0,0,Delivered On-Time
NEX-101313,2025-05-21,Lagos,Victoria Island Flagship,Web Direct,Computing & Peripherals,Wireless Mechanical Keyboard,2,65000,0.1,117000.0,84000,33000.0,0,Fulfilled In-Store
NEX-101314,2025-07-18,Lagos,Victoria Island Flagship,In-Store Retail,Home Appliances,Smart Inverter Washing Machine 8kg,1,345000,0.33,230399.67,270000,-39600.33,0,Delivered On-Time
NEX-101315,2025-06-11,Lagos,Lekki Mall Outlet,In-Store Retail,Home Appliances,Chest Freezer 200L,1,245000,0.0,245000.0,195000,50000.0,0,Delivered On-Time
NEX-101316,2025-05-09,Lagos,Surulere Hub,In-Store Retail,Home Appliances,Double Door Refrigerator 320L,2,520000,0.1,936000.0,820000,116000.0,0,Delivered On-Time
NEX-101317,2025-05-21,Abuja,Maitama Galleria,Web Direct,Consumer Electronics,MacBook Pro 14 M3,1,1850000,0.2,1480000.0,1480000,0.0,0,Fulfilled In-Store
NEX-101318,2025-05-16,Port Harcourt,GRA Phase 2 Store,In-Store Retail,Consumer Electronics,MacBook Pro 14 M3,2,1850000,0.0,3700000.0,2960000,740000.0,0,Delivered On-Time
NEX-101319,2025-05-14,Port Harcourt,Trans-Amadi Commercial,In-Store Retail,Home Appliances,Smart Inverter Washing Machine 8kg,2,345000,0.05,655500.0,540000,115500.0,0,Delivered On-Time
NEX-101320,2025-06-13,Kano,Nasarawa Road Branch,In-Store Retail,Home Appliances,Inverter Split AC 1.5HP (AC-902),1,385000,0.0,385000.0,310000,75000.0,1,Returned
NEX-101321,2025-07-02,Port Harcourt,GRA Phase 2 Store,Web Direct,Consumer Electronics,Dell XPS 15 Laptop,4,1650000,0.15,5610000.0,5280000,330000.0,0,Fulfilled In-Store
NEX-101322,2025-07-03,Port Harcourt,Trans-Amadi Commercial,In-Store Retail,Computing & Peripherals,27-inch 4K Gaming Monitor,2,310000,0.0,620000.0,470000,150000.0,0,Delivered On-Time
NEX-101323,2025-06-02,Abuja,Maitama Galleria,In-Store Retail,Home Appliances,Smart Inverter Washing Machine 8kg,1,345000,0.0,345000.0,270000,75000.0,0,Delivered On-Time
NEX-101324,2025-07-03,Lagos,Surulere Hub,Web Direct,Consumer Electronics,Sony WH-1000XM5 Headphones,1,285000,0.1,256500.0,195000,61500.0,0,Delivered On-Time
NEX-101325,2025-07-25,Lagos,Ikeja Mega-Store,Web Direct,Computing & Peripherals,27-inch 4K Gaming Monitor,1,310000,0.0,310000.0,235000,75000.0,0,Delivered On-Time
NEX-101326,2025-07-26,Port Harcourt,Trans-Amadi Commercial,Corporate B2B,Computing & Peripherals,27-inch 4K Gaming Monitor,1,310000,0.1,279000.0,235000,44000.0,0,Delivered On-Time
NEX-101327,2025-07-06,Lagos,Surulere Hub,Corporate B2B,Computing & Peripherals,Logitech MX Master 3S Mouse,1,75000,0.0,75000.0,52000,23000.0,0,Delivered On-Time
NEX-101328,2025-06-12,Lagos,Surulere Hub,Corporate B2B,Computing & Peripherals,Logitech MX Master 3S Mouse,2,75000,0.0,150000.0,104000,46000.0,0,Delivered On-Time
NEX-101329,2025-06-01,Lagos,Ikeja Mega-Store,In-Store Retail,Computing & Peripherals,Ergonomic Office Chair Pro,2,185000,0.0,370000.0,260000,110000.0,0,Fulfilled In-Store
NEX-101330,2025-07-22,Lagos,Surulere Hub,Corporate B2B,Consumer Electronics,Sony WH-1000XM5 Headphones,2,285000,0.0,570000.0,390000,180000.0,0,Delayed Transit
NEX-101331,2025-05-30,Lagos,Lekki Mall Outlet,In-Store Retail,Computing & Peripherals,27-inch 4K Gaming Monitor,1,310000,0.0,310000.0,235000,75000.0,0,Delivered On-Time
NEX-101332,2025-06-18,Lagos,Surulere Hub,In-Store Retail,Home Appliances,Smart Inverter Washing Machine 8kg,2,345000,0.2,552000.0,540000,12000.0,0,Delivered On-Time
NEX-101333,2025-07-14,Lagos,Lekki Mall Outlet,Corporate B2B,Computing & Peripherals,Wireless Mechanical Keyboard,1,65000,0.05,61750.0,42000,19750.0,0,Delivered On-Time
NEX-101334,2025-07-16,Kano,Bompai Trade Centre,Corporate B2B,Consumer Electronics,MacBook Pro 14 M3,1,1850000,0.0,1850000.0,1480000,370000.0,0,Delivered On-Time
NEX-101335,2025-06-07,Abuja,Central Business District Store,In-Store Retail,Consumer Electronics,Sony WH-1000XM5 Headphones,2,285000,0.0,570000.0,390000,180000.0,0,Returned
NEX-101336,2025-05-04,Abuja,Wuse 2 Retail,Mobile App,Consumer Electronics,iPhone 15 Pro Max 256GB,1,1450000,0.1,1305000.0,1150000,155000.0,0,Delivered On-Time
NEX-101337,2025-05-03,Kano,Bompai Trade Centre,Corporate B2B,Home Appliances,Chest Freezer 200L,1,245000,0.05,232750.0,195000,37750.0,0,Fulfilled In-Store
NEX-101338,2025-07-14,Lagos,Surulere Hub,Web Direct,Computing & Peripherals,Ergonomic Office Chair Pro,2,185000,0.0,370000.0,260000,110000.0,0,Fulfilled In-Store
NEX-101339,2025-05-31,Lagos,Lekki Mall Outlet,In-Store Retail,Computing & Peripherals,Wireless Mechanical Keyboard,1,65000,0.1,58500.0,42000,16500.0,0,Fulfilled In-Store
NEX-101340,2025-07-14,Lagos,Surulere Hub,Web Direct,Consumer Electronics,Dell XPS 15 Laptop,1,1650000,0.0,1650000.0,1320000,330000.0,0,Returned
NEX-101341,2025-05-29,Abuja,Wuse 2 Retail,Corporate B2B,Home Appliances,Chest Freezer 200L,1,245000,0.05,232750.0,195000,37750.0,0,Returned
NEX-101342,2025-05-03,Abuja,Wuse 2 Retail,Web Direct,Home Appliances,Digital Microwave Oven 25L,2,115000,0.0,230000.0,170000,60000.0,0,Delivered On-Time
NEX-101343,2025-06-05,Abuja,Wuse 2 Retail,In-Store Retail,Computing & Peripherals,Logitech MX Master 3S Mouse,1,75000,0.1,67500.0,52000,15500.0,0,Delivered On-Time
NEX-101344,2025-07-24,Abuja,Wuse 2 Retail,Web Direct,Home Appliances,Smart Inverter Washing Machine 8kg,1,345000,0.1,310500.0,270000,40500.0,0,Delivered On-Time
NEX-101345,2025-07-09,Ibadan,Bodija Outlet,Corporate B2B,Computing & Peripherals,27-inch 4K Gaming Monitor,2,310000,0.0,620000.0,470000,150000.0,0,Returned
NEX-101346,2025-07-18,Lagos,Surulere Hub,Web Direct,Computing & Peripherals,Wireless Mechanical Keyboard,1,65000,0.05,61750.0,42000,19750.0,0,Delivered On-Time
NEX-101347,2025-05-24,Lagos,Surulere Hub,Web Direct,Home Appliances,Inverter Split AC 1.5HP (AC-902),1,385000,0.0,385000.0,310000,75000.0,0,Delayed Transit
NEX-101348,2025-06-22,Lagos,Surulere Hub,In-Store Retail,Home Appliances,Double Door Refrigerator 320L,1,520000,0.0,520000.0,410000,110000.0,0,Fulfilled In-Store
NEX-101349,2025-07-03,Lagos,Lekki Mall Outlet,In-Store Retail,Consumer Electronics,MacBook Pro 14 M3,5,1850000,0.05,8787500.0,7400000,1387500.0,0,Fulfilled In-Store
NEX-101350,2025-07-07,Lagos,Ikeja Mega-Store,Mobile App,Consumer Electronics,MacBook Pro 14 M3,1,1850000,0.0,1850000.0,1480000,370000.0,0,Delivered On-Time
NEX-101351,2025-06-11,Lagos,Ikeja Mega-Store,Corporate B2B,Computing & Peripherals,1TB NVMe Portable SSD,1,95000,0.0,95000.0,68000,27000.0,0,Delayed Transit
NEX-101352,2025-07-03,Lagos,Victoria Island Flagship,Mobile App,Consumer Electronics,iPhone 15 Pro Max 256GB,1,1450000,0.05,1377500.0,1150000,227500.0,0,Delayed Transit
NEX-101353,2025-05-23,Abuja,Maitama Galleria,In-Store Retail,Consumer Electronics,Dell XPS 15 Laptop,3,1650000,0.1,4455000.0,3960000,495000.0,0,Fulfilled In-Store
NEX-101354,2025-06-07,Lagos,Victoria Island Flagship,Web Direct,Consumer Electronics,Galaxy S24 Ultra 512GB,1,1250000,0.05,1187500.0,950000,237500.0,0,Fulfilled In-Store
NEX-101355,2025-06-28,Kano,Bompai Trade Centre,Corporate B2B,Consumer Electronics,Dell XPS 15 Laptop,1,1650000,0.0,1650000.0,1320000,330000.0,0,Returned
NEX-101356,2025-07-02,Lagos,Surulere Hub,In-Store Retail,Consumer Electronics,Sony WH-1000XM5 Headphones,2,285000,0.15,484500.0,390000,94500.0,0,Fulfilled In-Store
NEX-101357,2025-05-13,Port Harcourt,GRA Phase 2 Store,Web Direct,Home Appliances,Chest Freezer 200L,1,245000,0.1,220500.0,195000,25500.0,0,Fulfilled In-Store
NEX-101358,2025-07-22,Lagos,Lekki Mall Outlet,In-Store Retail,Consumer Electronics,MacBook Pro 14 M3,3,1850000,0.0,5550000.0,4440000,1110000.0,0,Delivered On-Time
NEX-101359,2025-05-04,Abuja,Maitama Galleria,Web Direct,Computing & Peripherals,Logitech MX Master 3S Mouse,1,75000,0.2,60000.0,52000,8000.0,0,Fulfilled In-Store
NEX-101360,2025-07-29,Lagos,Ikeja Mega-Store,In-Store Retail,Consumer Electronics,MacBook Pro 14 M3,3,1850000,0.1,4995000.0,4440000,555000.0,0,Delivered On-Time
NEX-101361,2025-06-10,Port Harcourt,GRA Phase 2 Store,In-Store Retail,Home Appliances,Digital Microwave Oven 25L,1,115000,0.2,92000.0,85000,7000.0,0,Fulfilled In-Store
NEX-101362,2025-06-25,Port Harcourt,GRA Phase 2 Store,Web Direct,Computing & Peripherals,27-inch 4K Gaming Monitor,3,310000,0.0,930000.0,705000,225000.0,0,Fulfilled In-Store
NEX-101363,2025-07-31,Lagos,Victoria Island Flagship,In-Store Retail,Computing & Peripherals,1TB NVMe Portable SSD,1,95000,0.15,80750.0,68000,12750.0,0,Delayed Transit
NEX-101364,2025-06-07,Lagos,Victoria Island Flagship,Web Direct,Home Appliances,Double Door Refrigerator 320L,5,520000,0.1,2340000.0,2050000,290000.0,0,Fulfilled In-Store
NEX-101365,2025-05-06,Lagos,Victoria Island Flagship,Web Direct,Home Appliances,Digital Microwave Oven 25L,1,115000,0.1,103500.0,85000,18500.0,0,Delivered On-Time
NEX-101366,2025-07-23,Port Harcourt,Trans-Amadi Commercial,In-Store Retail,Consumer Electronics,Sony WH-1000XM5 Headphones,2,285000,0.0,570000.0,390000,180000.0,0,Delivered On-Time
NEX-101367,2025-07-02,Lagos,Ikeja Mega-Store,Web Direct,Home Appliances,Inverter Split AC 1.5HP (AC-902),1,385000,0.32,259908.56,310000,-50091.44,0,Delivered On-Time
NEX-101368,2025-07-21,Lagos,Victoria Island Flagship,Mobile App,Home Appliances,Inverter Split AC 1.5HP (AC-902),1,385000,0.31,264595.93,310000,-45404.07,0,Delivered On-Time
NEX-101369,2025-07-27,Port Harcourt,Trans-Amadi Commercial,In-Store Retail,Home Appliances,Smart Inverter Washing Machine 8kg,2,345000,0.0,690000.0,540000,150000.0,0,Delivered On-Time
NEX-101370,2025-05-26,Ibadan,Bodija Outlet,In-Store Retail,Computing & Peripherals,27-inch 4K Gaming Monitor,1,310000,0.0,310000.0,235000,75000.0,0,Fulfilled In-Store
NEX-101371,2025-05-24,Lagos,Ikeja Mega-Store,In-Store Retail,Computing & Peripherals,Ergonomic Office Chair Pro,1,185000,0.0,185000.0,130000,55000.0,0,Delivered On-Time
NEX-101372,2025-07-04,Port Harcourt,GRA Phase 2 Store,Corporate B2B,Computing & Peripherals,Ergonomic Office Chair Pro,1,185000,0.0,185000.0,130000,55000.0,0,Fulfilled In-Store
NEX-101373,2025-06-02,Kano,Bompai Trade Centre,In-Store Retail,Computing & Peripherals,27-inch 4K Gaming Monitor,1,310000,0.0,310000.0,235000,75000.0,0,Delivered On-Time
NEX-101374,2025-05-24,Abuja,Maitama Galleria,Web Direct,Home Appliances,Inverter Split AC 1.5HP (AC-902),2,385000,0.0,770000.0,620000,150000.0,0,Delivered On-Time
NEX-101375,2025-07-11,Lagos,Lekki Mall Outlet,In-Store Retail,Computing & Peripherals,27-inch 4K Gaming Monitor,1,310000,0.05,294500.0,235000,59500.0,0,Delivered On-Time
NEX-101376,2025-06-11,Lagos,Victoria Island Flagship,Mobile App,Computing & Peripherals,Wireless Mechanical Keyboard,1,65000,0.0,65000.0,42000,23000.0,0,Delivered On-Time
NEX-101377,2025-07-12,Lagos,Victoria Island Flagship,Corporate B2B,Consumer Electronics,Dell XPS 15 Laptop,1,1650000,0.0,1650000.0,1320000,330000.0,0,Delivered On-Time
NEX-101378,2025-07-13,Abuja,Maitama Galleria,Web Direct,Home Appliances,Digital Microwave Oven 25L,3,115000,0.0,345000.0,255000,90000.0,0,Delivered On-Time
NEX-101379,2025-07-21,Abuja,Central Business District Store,In-Store Retail,Home Appliances,Double Door Refrigerator 320L,1,520000,0.05,494000.0,410000,84000.0,0,Returned
NEX-101380,2025-06-02,Kano,Bompai Trade Centre,Web Direct,Home Appliances,Smart Inverter Washing Machine 8kg,1,345000,0.05,327750.0,270000,57750.0,0,Delivered On-Time
NEX-101381,2025-05-30,Ibadan,Ring Road Complex,Corporate B2B,Home Appliances,Double Door Refrigerator 320L,3,520000,0.0,1560000.0,1230000,330000.0,0,Delayed Transit
NEX-101382,2025-06-26,Ibadan,Bodija Outlet,In-Store Retail,Home Appliances,Digital Microwave Oven 25L,1,115000,0.05,109250.0,85000,24250.0,0,Delayed Transit
NEX-101383,2025-07-12,Lagos,Lekki Mall Outlet,Mobile App,Computing & Peripherals,Logitech MX Master 3S Mouse,1,75000,0.0,75000.0,52000,23000.0,0,Delivered On-Time
NEX-101384,2025-07-09,Abuja,Maitama Galleria,Mobile App,Computing & Peripherals,Logitech MX Master 3S Mouse,1,75000,0.0,75000.0,52000,23000.0,0,Delivered On-Time
NEX-101385,2025-06-19,Ibadan,Bodija Outlet,In-Store Retail,Home Appliances,Inverter Split AC 1.5HP (AC-902),1,385000,0.0,385000.0,310000,75000.0,0,Delivered On-Time
NEX-101386,2025-07-27,Abuja,Central Business District Store,Web Direct,Computing & Peripherals,Wireless Mechanical Keyboard,1,65000,0.0,65000.0,42000,23000.0,0,Delayed Transit
NEX-101387,2025-07-02,Lagos,Ikeja Mega-Store,Web Direct,Consumer Electronics,Galaxy S24 Ultra 512GB,1,1250000,0.15,1062500.0,950000,112500.0,0,Delivered On-Time
NEX-101388,2025-05-12,Lagos,Lekki Mall Outlet,In-Store Retail,Consumer Electronics,iPhone 15 Pro Max 256GB,1,1450000,0.0,1450000.0,1150000,300000.0,0,Delivered On-Time
NEX-101389,2025-06-27,Abuja,Wuse 2 Retail,In-Store Retail,Home Appliances,Inverter Split AC 1.5HP (AC-902),2,385000,0.0,770000.0,620000,150000.0,0,Delivered On-Time
NEX-101390,2025-05-16,Abuja,Wuse 2 Retail,In-Store Retail,Computing & Peripherals,1TB NVMe Portable SSD,1,95000,0.05,90250.0,68000,22250.0,0,Fulfilled In-Store
NEX-101391,2025-06-01,Ibadan,Ring Road Complex,Mobile App,Consumer Electronics,Galaxy S24 Ultra 512GB,1,1250000,0.0,1250000.0,950000,300000.0,0,Delivered On-Time
NEX-101392,2025-05-03,Abuja,Maitama Galleria,Mobile App,Computing & Peripherals,1TB NVMe Portable SSD,1,95000,0.15,80750.0,68000,12750.0,0,Fulfilled In-Store
NEX-101393,2025-07-12,Lagos,Lekki Mall Outlet,Mobile App,Home Appliances,Inverter Split AC 1.5HP (AC-902),1,385000,0.34,253174.8,310000,-56825.2,0,Fulfilled In-Store
NEX-101394,2025-05-15,Ibadan,Ring Road Complex,Mobile App,Home Appliances,Smart Inverter Washing Machine 8kg,2,345000,0.15,586500.0,540000,46500.0,0,Delayed Transit
NEX-101395,2025-07-03,Lagos,Surulere Hub,Mobile App,Home Appliances,Smart Inverter Washing Machine 8kg,1,345000,0.31,238731.52,270000,-31268.48,0,Fulfilled In-Store
NEX-101396,2025-07-02,Lagos,Victoria Island Flagship,In-Store Retail,Consumer Electronics,MacBook Pro 14 M3,1,1850000,0.2,1480000.0,1480000,0.0,0,Delivered On-Time
NEX-101397,2025-07-24,Abuja,Central Business District Store,In-Store Retail,Consumer Electronics,iPhone 15 Pro Max 256GB,2,1450000,0.15,2465000.0,2300000,165000.0,1,Returned
NEX-101398,2025-06-08,Lagos,Surulere Hub,In-Store Retail,Consumer Electronics,MacBook Pro 14 M3,1,1850000,0.0,1850000.0,1480000,370000.0,0,Fulfilled In-Store
NEX-101399,2025-06-24,Lagos,Lekki Mall Outlet,In-Store Retail,Home Appliances,Smart Inverter Washing Machine 8kg,1,345000,0.05,327750.0,270000,57750.0,0,Fulfilled In-Store
NEX-101400,2025-07-25,Lagos,Lekki Mall Outlet,Corporate B2B,Consumer Electronics,Galaxy S24 Ultra 512GB,2,1250000,0.1,2250000.0,1900000,350000.0,0,Delivered On-Time
NEX-101401,2025-06-17,Lagos,Victoria Island Flagship,Corporate B2B,Consumer Electronics,Galaxy S24 Ultra 512GB,2,1250000,0.1,2250000.0,1900000,350000.0,0,Fulfilled In-Store
NEX-101402,2025-05-10,Lagos,Surulere Hub,Web Direct,Home Appliances,Inverter Split AC 1.5HP (AC-902),1,385000,0.0,385000.0,310000,75000.0,1,Returned
NEX-101403,2025-05-11,Lagos,Ikeja Mega-Store,In-Store Retail,Computing & Peripherals,Wireless Mechanical Keyboard,1,65000,0.1,58500.0,42000,16500.0,0,Delayed Transit
NEX-101404,2025-05-25,Abuja,Central Business District Store,Web Direct,Home Appliances,Chest Freezer 200L,2,245000,0.05,465500.0,390000,75500.0,0,Delivered On-Time
NEX-101405,2025-05-08,Lagos,Ikeja Mega-Store,In-Store Retail,Consumer Electronics,MacBook Pro 14 M3,1,1850000,0.05,1757500.0,1480000,277500.0,0,Delayed Transit
NEX-101406,2025-07-29,Port Harcourt,GRA Phase 2 Store,In-Store Retail,Home Appliances,Double Door Refrigerator 320L,1,520000,0.05,494000.0,410000,84000.0,0,Delayed Transit
NEX-101407,2025-07-04,Abuja,Central Business District Store,In-Store Retail,Home Appliances,Double Door Refrigerator 320L,1,520000,0.05,494000.0,410000,84000.0,0,Delivered On-Time
NEX-101408,2025-05-21,Lagos,Ikeja Mega-Store,In-Store Retail,Computing & Peripherals,27-inch 4K Gaming Monitor,1,310000,0.1,279000.0,235000,44000.0,0,Fulfilled In-Store
NEX-101409,2025-07-31,Lagos,Ikeja Mega-Store,In-Store Retail,Home Appliances,Chest Freezer 200L,1,245000,0.29,174785.97,195000,-20214.03,0,Fulfilled In-Store
NEX-101410,2025-06-27,Lagos,Surulere Hub,In-Store Retail,Home Appliances,Digital Microwave Oven 25L,1,115000,0.2,92000.0,85000,7000.0,0,Delivered On-Time
NEX-101411,2025-05-06,Abuja,Maitama Galleria,In-Store Retail,Home Appliances,Smart Inverter Washing Machine 8kg,3,345000,0.1,931500.0,810000,121500.0,0,Delivered On-Time
NEX-101412,2025-06-29,Abuja,Central Business District Store,Web Direct,Home Appliances,Digital Microwave Oven 25L,3,115000,0.15,293250.0,255000,38250.0,0,Delivered On-Time
NEX-101413,2025-07-20,Lagos,Lekki Mall Outlet,In-Store Retail,Computing & Peripherals,Wireless Mechanical Keyboard,1,65000,0.15,55250.0,42000,13250.0,0,Delivered On-Time
NEX-101414,2025-06-30,Lagos,Lekki Mall Outlet,In-Store Retail,Home Appliances,Digital Microwave Oven 25L,1,115000,0.1,103500.0,85000,18500.0,0,Delivered On-Time
NEX-101415,2025-05-25,Abuja,Wuse 2 Retail,In-Store Retail,Home Appliances,Double Door Refrigerator 320L,1,520000,0.05,494000.0,410000,84000.0,0,Delivered On-Time
NEX-101416,2025-06-11,Port Harcourt,Trans-Amadi Commercial,In-Store Retail,Computing & Peripherals,Logitech MX Master 3S Mouse,2,75000,0.0,150000.0,104000,46000.0,1,Returned
NEX-101417,2025-05-21,Lagos,Lekki Mall Outlet,Web Direct,Home Appliances,Chest Freezer 200L,1,245000,0.0,245000.0,195000,50000.0,0,Delayed Transit
NEX-101418,2025-07-28,Kano,Bompai Trade Centre,Web Direct,Home Appliances,Inverter Split AC 1.5HP (AC-902),1,385000,0.0,385000.0,310000,75000.0,0,Fulfilled In-Store
NEX-101419,2025-07-28,Lagos,Lekki Mall Outlet,Web Direct,Home Appliances,Smart Inverter Washing Machine 8kg,1,345000,0.34,228485.92,270000,-41514.08,0,Delivered On-Time
NEX-101420,2025-05-17,Ibadan,Ring Road Complex,Web Direct,Computing & Peripherals,Wireless Mechanical Keyboard,2,65000,0.0,130000.0,84000,46000.0,0,Fulfilled In-Store
NEX-101421,2025-06-10,Abuja,Central Business District Store,In-Store Retail,Consumer Electronics,Dell XPS 15 Laptop,1,1650000,0.05,1567500.0,1320000,247500.0,0,Fulfilled In-Store
NEX-101422,2025-06-04,Lagos,Surulere Hub,Corporate B2B,Home Appliances,Double Door Refrigerator 320L,1,520000,0.1,468000.0,410000,58000.0,0,Delivered On-Time
NEX-101423,2025-05-01,Lagos,Surulere Hub,Web Direct,Home Appliances,Smart Inverter Washing Machine 8kg,1,345000,0.0,345000.0,270000,75000.0,0,Delivered On-Time
NEX-101424,2025-07-22,Lagos,Ikeja Mega-Store,In-Store Retail,Consumer Electronics,iPhone 15 Pro Max 256GB,1,1450000,0.05,1377500.0,1150000,227500.0,0,Delivered On-Time
NEX-101425,2025-07-29,Port Harcourt,GRA Phase 2 Store,In-Store Retail,Consumer Electronics,iPhone 15 Pro Max 256GB,1,1450000,0.0,1450000.0,1150000,300000.0,0,Delivered On-Time
NEX-101426,2025-06-17,Abuja,Central Business District Store,In-Store Retail,Home Appliances,Chest Freezer 200L,1,245000,0.0,245000.0,195000,50000.0,0,Fulfilled In-Store
NEX-101427,2025-06-28,Lagos,Surulere Hub,In-Store Retail,Computing & Peripherals,Wireless Mechanical Keyboard,1,65000,0.0,65000.0,42000,23000.0,0,Delivered On-Time
NEX-101428,2025-07-01,Lagos,Lekki Mall Outlet,Corporate B2B,Home Appliances,Chest Freezer 200L,1,245000,0.32,165760.64,195000,-29239.36,0,Delivered On-Time
NEX-101429,2025-07-18,Port Harcourt,GRA Phase 2 Store,Web Direct,Home Appliances,Chest Freezer 200L,2,245000,0.0,490000.0,390000,100000.0,0,Delayed Transit
NEX-101430,2025-07-31,Lagos,Ikeja Mega-Store,Mobile App,Consumer Electronics,iPhone 15 Pro Max 256GB,1,1450000,0.0,1450000.0,1150000,300000.0,0,Delivered On-Time
NEX-101431,2025-06-16,Ibadan,Bodija Outlet,In-Store Retail,Home Appliances,Inverter Split AC 1.5HP (AC-902),1,385000,0.05,365750.0,310000,55750.0,0,Delayed Transit
NEX-101432,2025-06-20,Abuja,Wuse 2 Retail,Corporate B2B,Consumer Electronics,Sony WH-1000XM5 Headphones,1,285000,0.1,256500.0,195000,61500.0,0,Delivered On-Time
NEX-101433,2025-05-08,Abuja,Wuse 2 Retail,In-Store Retail,Computing & Peripherals,Wireless Mechanical Keyboard,1,65000,0.0,65000.0,42000,23000.0,0,Fulfilled In-Store
NEX-101434,2025-05-18,Abuja,Maitama Galleria,In-Store Retail,Computing & Peripherals,Logitech MX Master 3S Mouse,1,75000,0.1,67500.0,52000,15500.0,0,Delayed Transit
NEX-101435,2025-07-29,Lagos,Ikeja Mega-Store,In-Store Retail,Computing & Peripherals,27-inch 4K Gaming Monitor,1,310000,0.05,294500.0,235000,59500.0,1,Returned
NEX-101436,2025-07-14,Kano,Nasarawa Road Branch,In-Store Retail,Consumer Electronics,Dell XPS 15 Laptop,1,1650000,0.05,1567500.0,1320000,247500.0,0,Delivered On-Time
NEX-101437,2025-06-17,Abuja,Central Business District Store,Corporate B2B,Computing & Peripherals,Ergonomic Office Chair Pro,1,185000,0.0,185000.0,130000,55000.0,0,Delivered On-Time
NEX-101438,2025-06-06,Abuja,Maitama Galleria,Web Direct,Computing & Peripherals,1TB NVMe Portable SSD,2,95000,0.0,190000.0,136000,54000.0,0,Delivered On-Time
NEX-101439,2025-05-14,Port Harcourt,GRA Phase 2 Store,In-Store Retail,Computing & Peripherals,Ergonomic Office Chair Pro,2,185000,0.05,351500.0,260000,91500.0,0,Fulfilled In-Store
NEX-101440,2025-06-16,Abuja,Wuse 2 Retail,Web Direct,Computing & Peripherals,Ergonomic Office Chair Pro,1,185000,0.0,185000.0,130000,55000.0,1,Returned
NEX-101441,2025-06-12,Lagos,Surulere Hub,Web Direct,Home Appliances,Digital Microwave Oven 25L,1,115000,0.0,115000.0,85000,30000.0,0,Delivered On-Time
NEX-101442,2025-06-06,Port Harcourt,GRA Phase 2 Store,In-Store Retail,Consumer Electronics,Galaxy S24 Ultra 512GB,2,1250000,0.05,2375000.0,1900000,475000.0,0,Fulfilled In-Store
NEX-101443,2025-05-01,Lagos,Surulere Hub,Web Direct,Consumer Electronics,Galaxy S24 Ultra 512GB,1,1250000,0.0,1250000.0,950000,300000.0,0,Delivered On-Time
NEX-101444,2025-06-17,Lagos,Surulere Hub,Web Direct,Home Appliances,Inverter Split AC 1.5HP (AC-902),3,385000,0.0,1155000.0,930000,225000.0,0,Fulfilled In-Store
NEX-101445,2025-05-27,Lagos,Ikeja Mega-Store,Corporate B2B,Home Appliances,Double Door Refrigerator 320L,1,520000,0.0,520000.0,410000,110000.0,0,Fulfilled In-Store
NEX-101446,2025-07-14,Abuja,Maitama Galleria,In-Store Retail,Computing & Peripherals,1TB NVMe Portable SSD,1,95000,0.1,85500.0,68000,17500.0,0,Delivered On-Time
NEX-101447,2025-07-26,Lagos,Ikeja Mega-Store,In-Store Retail,Home Appliances,Digital Microwave Oven 25L,1,115000,0.28,82647.41,85000,-2352.59,0,Delayed Transit
NEX-101448,2025-06-05,Port Harcourt,Trans-Amadi Commercial,In-Store Retail,Home Appliances,Inverter Split AC 1.5HP (AC-902),1,385000,0.2,308000.0,310000,-2000.0,1,Returned
NEX-101449,2025-05-01,Ibadan,Ring Road Complex,Corporate B2B,Home Appliances,Chest Freezer 200L,4,245000,0.05,931000.0,780000,151000.0,0,Fulfilled In-Store
NEX-101450,2025-05-07,Lagos,Ikeja Mega-Store,Web Direct,Home Appliances,Digital Microwave Oven 25L,1,115000,0.0,115000.0,85000,30000.0,0,Delayed Transit
NEX-101451,2025-07-09,Lagos,Lekki Mall Outlet,In-Store Retail,Computing & Peripherals,Logitech MX Master 3S Mouse,1,75000,0.2,60000.0,52000,8000.0,0,Delivered On-Time
NEX-101452,2025-07-26,Port Harcourt,Trans-Amadi Commercial,Web Direct,Home Appliances,Smart Inverter Washing Machine 8kg,4,345000,0.0,1380000.0,1080000,300000.0,0,Delivered On-Time
NEX-101453,2025-06-15,Abuja,Maitama Galleria,Corporate B2B,Computing & Peripherals,Wireless Mechanical Keyboard,3,65000,0.0,195000.0,126000,69000.0,0,Returned
NEX-101454,2025-05-19,Abuja,Wuse 2 Retail,Web Direct,Computing & Peripherals,Wireless Mechanical Keyboard,2,65000,0.05,123500.0,84000,39500.0,0,Fulfilled In-Store
NEX-101455,2025-07-28,Lagos,Surulere Hub,Corporate B2B,Computing & Peripherals,1TB NVMe Portable SSD,1,95000,0.0,95000.0,68000,27000.0,1,Returned
NEX-101456,2025-07-25,Ibadan,Ring Road Complex,Web Direct,Home Appliances,Digital Microwave Oven 25L,1,115000,0.1,103500.0,85000,18500.0,0,Delivered On-Time
NEX-101457,2025-06-20,Abuja,Maitama Galleria,In-Store Retail,Home Appliances,Digital Microwave Oven 25L,1,115000,0.2,92000.0,85000,7000.0,0,Delayed Transit
NEX-101458,2025-05-20,Port Harcourt,GRA Phase 2 Store,Web Direct,Computing & Peripherals,27-inch 4K Gaming Monitor,1,310000,0.15,263500.0,235000,28500.0,0,Delivered On-Time
NEX-101459,2025-06-21,Lagos,Victoria Island Flagship,Web Direct,Consumer Electronics,iPhone 15 Pro Max 256GB,1,1450000,0.0,1450000.0,1150000,300000.0,0,Delivered On-Time
NEX-101460,2025-07-27,Lagos,Lekki Mall Outlet,In-Store Retail,Consumer Electronics,Sony WH-1000XM5 Headphones,3,285000,0.05,812250.0,585000,227250.0,1,Returned
NEX-101461,2025-06-13,Lagos,Victoria Island Flagship,In-Store Retail,Computing & Peripherals,1TB NVMe Portable SSD,3,95000,0.05,270750.0,204000,66750.0,0,Delayed Transit
NEX-101462,2025-05-05,Abuja,Maitama Galleria,In-Store Retail,Computing & Peripherals,Logitech MX Master 3S Mouse,2,75000,0.0,150000.0,104000,46000.0,0,Delivered On-Time
NEX-101463,2025-07-28,Abuja,Maitama Galleria,Mobile App,Computing & Peripherals,Logitech MX Master 3S Mouse,5,75000,0.0,375000.0,260000,115000.0,0,Fulfilled In-Store
NEX-101464,2025-05-12,Abuja,Wuse 2 Retail,In-Store Retail,Consumer Electronics,Galaxy S24 Ultra 512GB,1,1250000,0.1,1125000.0,950000,175000.0,0,Returned
NEX-101465,2025-05-05,Lagos,Surulere Hub,In-Store Retail,Home Appliances,Inverter Split AC 1.5HP (AC-902),1,385000,0.0,385000.0,310000,75000.0,0,Fulfilled In-Store
NEX-101466,2025-07-04,Lagos,Victoria Island Flagship,In-Store Retail,Computing & Peripherals,1TB NVMe Portable SSD,1,95000,0.15,80750.0,68000,12750.0,0,Delivered On-Time
NEX-101467,2025-07-14,Lagos,Surulere Hub,In-Store Retail,Home Appliances,Smart Inverter Washing Machine 8kg,2,345000,0.28,494052.66,540000,-45947.34,0,Delivered On-Time
NEX-101468,2025-07-27,Lagos,Ikeja Mega-Store,In-Store Retail,Home Appliances,Double Door Refrigerator 320L,1,520000,0.36,334061.51,410000,-75938.49,0,Fulfilled In-Store
NEX-101469,2025-06-18,Lagos,Victoria Island Flagship,In-Store Retail,Computing & Peripherals,1TB NVMe Portable SSD,2,95000,0.0,190000.0,136000,54000.0,0,Delayed Transit
NEX-101470,2025-05-15,Lagos,Victoria Island Flagship,In-Store Retail,Computing & Peripherals,1TB NVMe Portable SSD,1,95000,0.05,90250.0,68000,22250.0,0,Delivered On-Time
NEX-101471,2025-07-30,Abuja,Wuse 2 Retail,In-Store Retail,Computing & Peripherals,27-inch 4K Gaming Monitor,1,310000,0.0,310000.0,235000,75000.0,0,Delayed Transit
NEX-101472,2025-05-09,Lagos,Lekki Mall Outlet,Corporate B2B,Computing & Peripherals,Ergonomic Office Chair Pro,1,185000,0.05,175750.0,130000,45750.0,0,Fulfilled In-Store
NEX-101473,2025-05-18,Lagos,Victoria Island Flagship,In-Store Retail,Consumer Electronics,iPhone 15 Pro Max 256GB,1,1450000,0.2,1160000.0,1150000,10000.0,0,Delivered On-Time
NEX-101474,2025-05-09,Ibadan,Ring Road Complex,Web Direct,Consumer Electronics,Dell XPS 15 Laptop,1,1650000,0.0,1650000.0,1320000,330000.0,0,Delayed Transit
NEX-101475,2025-06-20,Lagos,Ikeja Mega-Store,Web Direct,Consumer Electronics,Galaxy S24 Ultra 512GB,1,1250000,0.0,1250000.0,950000,300000.0,0,Delivered On-Time
NEX-101476,2025-05-18,Lagos,Victoria Island Flagship,Corporate B2B,Consumer Electronics,iPhone 15 Pro Max 256GB,1,1450000,0.05,1377500.0,1150000,227500.0,0,Delivered On-Time
NEX-101477,2025-07-10,Abuja,Wuse 2 Retail,Corporate B2B,Consumer Electronics,iPhone 15 Pro Max 256GB,1,1450000,0.15,1232500.0,1150000,82500.0,0,Fulfilled In-Store
NEX-101478,2025-07-01,Abuja,Central Business District Store,Web Direct,Consumer Electronics,Sony WH-1000XM5 Headphones,2,285000,0.0,570000.0,390000,180000.0,0,Delivered On-Time
NEX-101479,2025-05-08,Port Harcourt,GRA Phase 2 Store,Corporate B2B,Home Appliances,Inverter Split AC 1.5HP (AC-902),1,385000,0.1,346500.0,310000,36500.0,0,Delivered On-Time
NEX-101480,2025-05-29,Port Harcourt,GRA Phase 2 Store,In-Store Retail,Computing & Peripherals,Logitech MX Master 3S Mouse,1,75000,0.1,67500.0,52000,15500.0,0,Delivered On-Time
NEX-101481,2025-06-06,Abuja,Central Business District Store,In-Store Retail,Consumer Electronics,Sony WH-1000XM5 Headphones,1,285000,0.0,285000.0,195000,90000.0,0,Delivered On-Time
NEX-101482,2025-07-22,Lagos,Lekki Mall Outlet,In-Store Retail,Home Appliances,Smart Inverter Washing Machine 8kg,1,345000,0.33,229932.46,270000,-40067.54,0,Delivered On-Time
NEX-101483,2025-06-30,Abuja,Maitama Galleria,Corporate B2B,Computing & Peripherals,1TB NVMe Portable SSD,1,95000,0.15,80750.0,68000,12750.0,0,Delayed Transit
NEX-101484,2025-07-13,Lagos,Lekki Mall Outlet,In-Store Retail,Home Appliances,Smart Inverter Washing Machine 8kg,1,345000,0.34,227135.35,270000,-42864.65,0,Delayed Transit
NEX-101485,2025-06-04,Kano,Nasarawa Road Branch,In-Store Retail,Home Appliances,Double Door Refrigerator 320L,1,520000,0.0,520000.0,410000,110000.0,0,Fulfilled In-Store
NEX-101486,2025-07-06,Abuja,Maitama Galleria,In-Store Retail,Home Appliances,Double Door Refrigerator 320L,2,520000,0.15,884000.0,820000,64000.0,0,Fulfilled In-Store
NEX-101487,2025-06-07,Lagos,Lekki Mall Outlet,Web Direct,Computing & Peripherals,Ergonomic Office Chair Pro,1,185000,0.05,175750.0,130000,45750.0,0,Delivered On-Time
NEX-101488,2025-06-07,Abuja,Central Business District Store,Web Direct,Computing & Peripherals,Ergonomic Office Chair Pro,1,185000,0.05,175750.0,130000,45750.0,0,Delivered On-Time
NEX-101489,2025-07-01,Port Harcourt,Trans-Amadi Commercial,Web Direct,Consumer Electronics,MacBook Pro 14 M3,1,1850000,0.0,1850000.0,1480000,370000.0,0,Fulfilled In-Store
NEX-101490,2025-06-20,Lagos,Victoria Island Flagship,Corporate B2B,Home Appliances,Digital Microwave Oven 25L,1,115000,0.2,92000.0,85000,7000.0,0,Delivered On-Time
NEX-101491,2025-07-12,Lagos,Lekki Mall Outlet,In-Store Retail,Home Appliances,Digital Microwave Oven 25L,1,115000,0.33,77321.77,85000,-7678.23,0,Delivered On-Time
NEX-101492,2025-05-24,Lagos,Ikeja Mega-Store,In-Store Retail,Consumer Electronics,MacBook Pro 14 M3,1,1850000,0.05,1757500.0,1480000,277500.0,0,Delivered On-Time
NEX-101493,2025-07-27,Lagos,Ikeja Mega-Store,Corporate B2B,Computing & Peripherals,27-inch 4K Gaming Monitor,1,310000,0.0,310000.0,235000,75000.0,0,Delivered On-Time
NEX-101494,2025-06-25,Lagos,Victoria Island Flagship,Web Direct,Computing & Peripherals,Ergonomic Office Chair Pro,3,185000,0.0,555000.0,390000,165000.0,0,Delivered On-Time
NEX-101495,2025-07-14,Lagos,Victoria Island Flagship,In-Store Retail,Home Appliances,Double Door Refrigerator 320L,1,520000,0.28,373493.09,410000,-36506.91,0,Delivered On-Time
NEX-101496,2025-07-18,Ibadan,Bodija Outlet,Corporate B2B,Consumer Electronics,Galaxy S24 Ultra 512GB,1,1250000,0.0,1250000.0,950000,300000.0,0,Delayed Transit
NEX-101497,2025-05-23,Kano,Bompai Trade Centre,In-Store Retail,Consumer Electronics,MacBook Pro 14 M3,1,1850000,0.15,1572500.0,1480000,92500.0,0,Delivered On-Time
NEX-101498,2025-05-30,Lagos,Ikeja Mega-Store,In-Store Retail,Home Appliances,Digital Microwave Oven 25L,1,115000,0.15,97750.0,85000,12750.0,0,Fulfilled In-Store
NEX-101499,2025-05-03,Abuja,Maitama Galleria,In-Store Retail,Computing & Peripherals,Logitech MX Master 3S Mouse,1,75000,0.15,63750.0,52000,11750.0,0,Delivered On-Time
NEX-101500,2025-07-04,Abuja,Maitama Galleria,Web Direct,Home Appliances,Double Door Refrigerator 320L,2,520000,0.05,988000.0,820000,168000.0,0,Delivered On-Time
NEX-101501,2025-06-21,Lagos,Lekki Mall Outlet,In-Store Retail,Home Appliances,Double Door Refrigerator 320L,2,520000,0.15,884000.0,820000,64000.0,0,Fulfilled In-Store
NEX-101502,2025-05-04,Abuja,Wuse 2 Retail,In-Store Retail,Computing & Peripherals,27-inch 4K Gaming Monitor,1,310000,0.1,279000.0,235000,44000.0,0,Delivered On-Time
NEX-101503,2025-06-18,Lagos,Surulere Hub,Web Direct,Home Appliances,Inverter Split AC 1.5HP (AC-902),1,385000,0.0,385000.0,310000,75000.0,0,Fulfilled In-Store
NEX-101504,2025-06-03,Abuja,Central Business District Store,In-Store Retail,Computing & Peripherals,1TB NVMe Portable SSD,1,95000,0.1,85500.0,68000,17500.0,0,Returned
NEX-101505,2025-06-16,Lagos,Victoria Island Flagship,In-Store Retail,Consumer Electronics,Galaxy S24 Ultra 512GB,1,1250000,0.05,1187500.0,950000,237500.0,0,Delivered On-Time
NEX-101506,2025-06-02,Abuja,Maitama Galleria,In-Store Retail,Home Appliances,Smart Inverter Washing Machine 8kg,2,345000,0.0,690000.0,540000,150000.0,0,Delivered On-Time
NEX-101507,2025-05-09,Lagos,Ikeja Mega-Store,Web Direct,Computing & Peripherals,Wireless Mechanical Keyboard,1,65000,0.05,61750.0,42000,19750.0,0,Delivered On-Time
NEX-101508,2025-05-03,Port Harcourt,GRA Phase 2 Store,Web Direct,Consumer Electronics,Galaxy S24 Ultra 512GB,2,1250000,0.0,2500000.0,1900000,600000.0,0,Delivered On-Time
NEX-101509,2025-06-29,Abuja,Maitama Galleria,Web Direct,Consumer Electronics,Dell XPS 15 Laptop,3,1650000,0.0,4950000.0,3960000,990000.0,1,Returned
NEX-101510,2025-06-04,Abuja,Central Business District Store,Web Direct,Consumer Electronics,Sony WH-1000XM5 Headphones,1,285000,0.0,285000.0,195000,90000.0,0,Delivered On-Time
NEX-101511,2025-07-17,Port Harcourt,Trans-Amadi Commercial,In-Store Retail,Home Appliances,Double Door Refrigerator 320L,2,520000,0.1,936000.0,820000,116000.0,0,Delayed Transit
NEX-101512,2025-05-06,Lagos,Surulere Hub,In-Store Retail,Home Appliances,Digital Microwave Oven 25L,1,115000,0.05,109250.0,85000,24250.0,0,Delivered On-Time
NEX-101513,2025-06-21,Kano,Bompai Trade Centre,Mobile App,Computing & Peripherals,Ergonomic Office Chair Pro,2,185000,0.05,351500.0,260000,91500.0,0,Delivered On-Time
NEX-101514,2025-06-02,Abuja,Maitama Galleria,In-Store Retail,Home Appliances,Double Door Refrigerator 320L,2,520000,0.0,1040000.0,820000,220000.0,0,Delivered On-Time
NEX-101515,2025-06-08,Lagos,Surulere Hub,In-Store Retail,Home Appliances,Smart Inverter Washing Machine 8kg,1,345000,0.05,327750.0,270000,57750.0,0,Delivered On-Time
NEX-101516,2025-07-21,Port Harcourt,Trans-Amadi Commercial,Corporate B2B,Computing & Peripherals,Wireless Mechanical Keyboard,1,65000,0.0,65000.0,42000,23000.0,0,Delivered On-Time
NEX-101517,2025-05-30,Kano,Bompai Trade Centre,In-Store Retail,Home Appliances,Digital Microwave Oven 25L,1,115000,0.0,115000.0,85000,30000.0,0,Returned
NEX-101518,2025-06-01,Ibadan,Ring Road Complex,In-Store Retail,Consumer Electronics,MacBook Pro 14 M3,1,1850000,0.0,1850000.0,1480000,370000.0,0,Delivered On-Time
NEX-101519,2025-07-16,Lagos,Surulere Hub,In-Store Retail,Home Appliances,Inverter Split AC 1.5HP (AC-902),1,385000,0.3,269751.05,310000,-40248.95,0,Delivered On-Time
NEX-101520,2025-05-13,Lagos,Lekki Mall Outlet,In-Store Retail,Computing & Peripherals,Wireless Mechanical Keyboard,1,65000,0.0,65000.0,42000,23000.0,0,Delivered On-Time
NEX-101521,2025-07-18,Abuja,Wuse 2 Retail,In-Store Retail,Home Appliances,Inverter Split AC 1.5HP (AC-902),2,385000,0.05,731500.0,620000,111500.0,0,Fulfilled In-Store
NEX-101522,2025-06-25,Port Harcourt,GRA Phase 2 Store,Web Direct,Computing & Peripherals,1TB NVMe Portable SSD,1,95000,0.2,76000.0,68000,8000.0,0,Fulfilled In-Store
NEX-101523,2025-06-12,Abuja,Maitama Galleria,Web Direct,Computing & Peripherals,Ergonomic Office Chair Pro,1,185000,0.1,166500.0,130000,36500.0,0,Delayed Transit
NEX-101524,2025-06-05,Lagos,Ikeja Mega-Store,In-Store Retail,Consumer Electronics,iPhone 15 Pro Max 256GB,1,1450000,0.05,1377500.0,1150000,227500.0,0,Fulfilled In-Store
NEX-101525,2025-05-20,Lagos,Lekki Mall Outlet,Mobile App,Consumer Electronics,Galaxy S24 Ultra 512GB,5,1250000,0.0,6250000.0,4750000,1500000.0,1,Returned
NEX-101526,2025-05-09,Lagos,Victoria Island Flagship,Mobile App,Home Appliances,Inverter Split AC 1.5HP (AC-902),1,385000,0.05,365750.0,310000,55750.0,0,Delayed Transit
NEX-101527,2025-06-17,Kano,Bompai Trade Centre,Web Direct,Computing & Peripherals,Ergonomic Office Chair Pro,1,185000,0.0,185000.0,130000,55000.0,0,Delayed Transit
NEX-101528,2025-07-31,Abuja,Wuse 2 Retail,In-Store Retail,Computing & Peripherals,Wireless Mechanical Keyboard,1,65000,0.0,65000.0,42000,23000.0,0,Delivered On-Time
NEX-101529,2025-07-05,Lagos,Surulere Hub,In-Store Retail,Computing & Peripherals,Ergonomic Office Chair Pro,2,185000,0.0,370000.0,260000,110000.0,0,Delivered On-Time
NEX-101530,2025-05-29,Kano,Nasarawa Road Branch,In-Store Retail,Consumer Electronics,Galaxy S24 Ultra 512GB,1,1250000,0.05,1187500.0,950000,237500.0,0,Delivered On-Time
NEX-101531,2025-07-12,Lagos,Ikeja Mega-Store,In-Store Retail,Computing & Peripherals,Logitech MX Master 3S Mouse,3,75000,0.05,213750.0,156000,57750.0,0,Fulfilled In-Store
NEX-101532,2025-05-08,Lagos,Surulere Hub,In-Store Retail,Home Appliances,Inverter Split AC 1.5HP (AC-902),1,385000,0.0,385000.0,310000,75000.0,0,Delivered On-Time
NEX-101533,2025-07-02,Kano,Bompai Trade Centre,Web Direct,Home Appliances,Digital Microwave Oven 25L,2,115000,0.0,230000.0,170000,60000.0,0,Delivered On-Time
NEX-101534,2025-05-21,Abuja,Wuse 2 Retail,In-Store Retail,Consumer Electronics,Galaxy S24 Ultra 512GB,1,1250000,0.1,1125000.0,950000,175000.0,1,Returned
NEX-101535,2025-07-03,Kano,Nasarawa Road Branch,Mobile App,Consumer Electronics,Sony WH-1000XM5 Headphones,1,285000,0.0,285000.0,195000,90000.0,0,Delivered On-Time
NEX-101536,2025-07-27,Kano,Bompai Trade Centre,Web Direct,Consumer Electronics,Galaxy S24 Ultra 512GB,1,1250000,0.0,1250000.0,950000,300000.0,0,Returned
NEX-101537,2025-05-11,Ibadan,Ring Road Complex,Corporate B2B,Consumer Electronics,iPhone 15 Pro Max 256GB,3,1450000,0.1,3915000.0,3450000,465000.0,0,Delivered On-Time
NEX-101538,2025-06-07,Abuja,Wuse 2 Retail,In-Store Retail,Computing & Peripherals,Ergonomic Office Chair Pro,1,185000,0.05,175750.0,130000,45750.0,0,Delivered On-Time
NEX-101539,2025-07-29,Abuja,Maitama Galleria,Web Direct,Computing & Peripherals,Ergonomic Office Chair Pro,1,185000,0.15,157250.0,130000,27250.0,0,Delayed Transit
NEX-101540,2025-06-27,Lagos,Lekki Mall Outlet,In-Store Retail,Computing & Peripherals,Logitech MX Master 3S Mouse,1,75000,0.15,63750.0,52000,11750.0,0,Fulfilled In-Store
NEX-101541,2025-07-25,Lagos,Victoria Island Flagship,In-Store Retail,Computing & Peripherals,Wireless Mechanical Keyboard,1,65000,0.0,65000.0,42000,23000.0,0,Delivered On-Time
NEX-101542,2025-06-27,Lagos,Ikeja Mega-Store,In-Store Retail,Home Appliances,Smart Inverter Washing Machine 8kg,1,345000,0.1,310500.0,270000,40500.0,0,Delivered On-Time
NEX-101543,2025-07-22,Abuja,Wuse 2 Retail,Web Direct,Computing & Peripherals,Ergonomic Office Chair Pro,3,185000,0.0,555000.0,390000,165000.0,0,Delivered On-Time
NEX-101544,2025-05-21,Lagos,Lekki Mall Outlet,In-Store Retail,Consumer Electronics,MacBook Pro 14 M3,1,1850000,0.1,1665000.0,1480000,185000.0,0,Returned
NEX-101545,2025-07-30,Kano,Bompai Trade Centre,In-Store Retail,Home Appliances,Digital Microwave Oven 25L,1,115000,0.2,92000.0,85000,7000.0,0,Fulfilled In-Store
NEX-101546,2025-05-24,Lagos,Victoria Island Flagship,Mobile App,Home Appliances,Inverter Split AC 1.5HP (AC-902),1,385000,0.2,308000.0,310000,-2000.0,1,Returned
NEX-101547,2025-05-31,Abuja,Maitama Galleria,Mobile App,Consumer Electronics,iPhone 15 Pro Max 256GB,1,1450000,0.1,1305000.0,1150000,155000.0,0,Delayed Transit
NEX-101548,2025-07-18,Lagos,Ikeja Mega-Store,In-Store Retail,Computing & Peripherals,Wireless Mechanical Keyboard,1,65000,0.0,65000.0,42000,23000.0,0,Delayed Transit
NEX-101549,2025-07-04,Lagos,Surulere Hub,Corporate B2B,Computing & Peripherals,1TB NVMe Portable SSD,3,95000,0.0,285000.0,204000,81000.0,0,Delayed Transit
NEX-101550,2025-05-06,Abuja,Wuse 2 Retail,Web Direct,Home Appliances,Chest Freezer 200L,5,245000,0.05,1163750.0,975000,188750.0,0,Delivered On-Time
NEX-101551,2025-07-15,Abuja,Central Business District Store,In-Store Retail,Home Appliances,Digital Microwave Oven 25L,3,115000,0.05,327750.0,255000,72750.0,0,Delivered On-Time
NEX-101552,2025-07-15,Lagos,Lekki Mall Outlet,In-Store Retail,Computing & Peripherals,27-inch 4K Gaming Monitor,2,310000,0.05,589000.0,470000,119000.0,0,Delivered On-Time
NEX-101553,2025-05-01,Abuja,Central Business District Store,In-Store Retail,Home Appliances,Double Door Refrigerator 320L,1,520000,0.0,520000.0,410000,110000.0,0,Fulfilled In-Store
NEX-101554,2025-06-05,Abuja,Wuse 2 Retail,Mobile App,Consumer Electronics,Dell XPS 15 Laptop,2,1650000,0.1,2970000.0,2640000,330000.0,0,Fulfilled In-Store
NEX-101555,2025-07-16,Abuja,Maitama Galleria,Mobile App,Consumer Electronics,Dell XPS 15 Laptop,1,1650000,0.0,1650000.0,1320000,330000.0,0,Delivered On-Time
NEX-101556,2025-06-19,Abuja,Maitama Galleria,In-Store Retail,Computing & Peripherals,Wireless Mechanical Keyboard,1,65000,0.0,65000.0,42000,23000.0,0,Delivered On-Time
NEX-101557,2025-07-01,Lagos,Victoria Island Flagship,Mobile App,Computing & Peripherals,Ergonomic Office Chair Pro,1,185000,0.0,185000.0,130000,55000.0,0,Delivered On-Time
NEX-101558,2025-06-24,Lagos,Victoria Island Flagship,In-Store Retail,Home Appliances,Smart Inverter Washing Machine 8kg,5,345000,0.05,1638750.0,1350000,288750.0,0,Delivered On-Time
NEX-101559,2025-05-20,Kano,Nasarawa Road Branch,Mobile App,Consumer Electronics,MacBook Pro 14 M3,4,1850000,0.0,7400000.0,5920000,1480000.0,0,Delivered On-Time
NEX-101560,2025-07-08,Abuja,Central Business District Store,In-Store Retail,Computing & Peripherals,Ergonomic Office Chair Pro,2,185000,0.0,370000.0,260000,110000.0,0,Delivered On-Time
NEX-101561,2025-05-25,Abuja,Maitama Galleria,Web Direct,Computing & Peripherals,27-inch 4K Gaming Monitor,5,310000,0.0,1550000.0,1175000,375000.0,0,Delivered On-Time
NEX-101562,2025-07-28,Abuja,Maitama Galleria,Mobile App,Computing & Peripherals,Ergonomic Office Chair Pro,1,185000,0.15,157250.0,130000,27250.0,0,Delivered On-Time
NEX-101563,2025-07-05,Port Harcourt,Trans-Amadi Commercial,In-Store Retail,Consumer Electronics,Dell XPS 15 Laptop,1,1650000,0.1,1485000.0,1320000,165000.0,0,Delivered On-Time
NEX-101564,2025-05-30,Port Harcourt,Trans-Amadi Commercial,Web Direct,Home Appliances,Digital Microwave Oven 25L,1,115000,0.0,115000.0,85000,30000.0,0,Delivered On-Time
NEX-101565,2025-05-25,Lagos,Lekki Mall Outlet,In-Store Retail,Computing & Peripherals,Ergonomic Office Chair Pro,1,185000,0.0,185000.0,130000,55000.0,0,Returned
NEX-101566,2025-06-29,Lagos,Ikeja Mega-Store,Web Direct,Computing & Peripherals,27-inch 4K Gaming Monitor,1,310000,0.05,294500.0,235000,59500.0,0,Delivered On-Time
NEX-101567,2025-06-13,Lagos,Ikeja Mega-Store,Corporate B2B,Computing & Peripherals,Ergonomic Office Chair Pro,1,185000,0.05,175750.0,130000,45750.0,0,Delivered On-Time
NEX-101568,2025-05-14,Lagos,Lekki Mall Outlet,Web Direct,Consumer Electronics,MacBook Pro 14 M3,2,1850000,0.2,2960000.0,2960000,0.0,0,Fulfilled In-Store
NEX-101569,2025-05-10,Ibadan,Bodija Outlet,In-Store Retail,Home Appliances,Smart Inverter Washing Machine 8kg,1,345000,0.0,345000.0,270000,75000.0,0,Delivered On-Time
NEX-101570,2025-05-12,Kano,Nasarawa Road Branch,In-Store Retail,Consumer Electronics,MacBook Pro 14 M3,2,1850000,0.0,3700000.0,2960000,740000.0,0,Delivered On-Time
NEX-101571,2025-07-14,Port Harcourt,GRA Phase 2 Store,In-Store Retail,Home Appliances,Chest Freezer 200L,2,245000,0.15,416500.0,390000,26500.0,0,Delayed Transit
NEX-101572,2025-07-13,Kano,Bompai Trade Centre,Mobile App,Computing & Peripherals,Ergonomic Office Chair Pro,1,185000,0.0,185000.0,130000,55000.0,0,Delivered On-Time
NEX-101573,2025-06-23,Lagos,Lekki Mall Outlet,In-Store Retail,Consumer Electronics,iPhone 15 Pro Max 256GB,1,1450000,0.15,1232500.0,1150000,82500.0,0,Delivered On-Time
NEX-101574,2025-07-01,Lagos,Lekki Mall Outlet,In-Store Retail,Consumer Electronics,MacBook Pro 14 M3,1,1850000,0.15,1572500.0,1480000,92500.0,0,Delivered On-Time
NEX-101575,2025-06-12,Lagos,Ikeja Mega-Store,Web Direct,Consumer Electronics,Sony WH-1000XM5 Headphones,1,285000,0.1,256500.0,195000,61500.0,0,Returned
NEX-101576,2025-07-27,Abuja,Maitama Galleria,In-Store Retail,Computing & Peripherals,Ergonomic Office Chair Pro,1,185000,0.1,166500.0,130000,36500.0,0,Delivered On-Time
NEX-101577,2025-05-31,Lagos,Victoria Island Flagship,Web Direct,Home Appliances,Double Door Refrigerator 320L,2,520000,0.0,1040000.0,820000,220000.0,0,Returned
NEX-101578,2025-06-22,Kano,Bompai Trade Centre,In-Store Retail,Computing & Peripherals,27-inch 4K Gaming Monitor,2,310000,0.0,620000.0,470000,150000.0,0,Delivered On-Time
NEX-101579,2025-05-15,Lagos,Victoria Island Flagship,Web Direct,Computing & Peripherals,Wireless Mechanical Keyboard,1,65000,0.1,58500.0,42000,16500.0,0,Returned
NEX-101580,2025-06-01,Lagos,Ikeja Mega-Store,In-Store Retail,Consumer Electronics,Galaxy S24 Ultra 512GB,2,1250000,0.05,2375000.0,1900000,475000.0,0,Delivered On-Time
NEX-101581,2025-05-15,Abuja,Wuse 2 Retail,In-Store Retail,Consumer Electronics,Galaxy S24 Ultra 512GB,1,1250000,0.0,1250000.0,950000,300000.0,0,Delivered On-Time
NEX-101582,2025-07-22,Port Harcourt,Trans-Amadi Commercial,In-Store Retail,Home Appliances,Digital Microwave Oven 25L,1,115000,0.05,109250.0,85000,24250.0,0,Delivered On-Time
NEX-101583,2025-07-21,Lagos,Surulere Hub,In-Store Retail,Computing & Peripherals,Wireless Mechanical Keyboard,1,65000,0.15,55250.0,42000,13250.0,0,Delivered On-Time
NEX-101584,2025-06-25,Abuja,Central Business District Store,Corporate B2B,Consumer Electronics,Sony WH-1000XM5 Headphones,1,285000,0.0,285000.0,195000,90000.0,0,Delivered On-Time
NEX-101585,2025-06-06,Lagos,Surulere Hub,Corporate B2B,Home Appliances,Chest Freezer 200L,1,245000,0.05,232750.0,195000,37750.0,0,Delivered On-Time
NEX-101586,2025-05-26,Abuja,Maitama Galleria,Corporate B2B,Home Appliances,Smart Inverter Washing Machine 8kg,1,345000,0.0,345000.0,270000,75000.0,0,Delivered On-Time
NEX-101587,2025-05-31,Abuja,Maitama Galleria,In-Store Retail,Computing & Peripherals,1TB NVMe Portable SSD,1,95000,0.0,95000.0,68000,27000.0,0,Delivered On-Time
NEX-101588,2025-06-02,Abuja,Maitama Galleria,Corporate B2B,Computing & Peripherals,Ergonomic Office Chair Pro,2,185000,0.0,370000.0,260000,110000.0,0,Fulfilled In-Store
NEX-101589,2025-05-31,Kano,Bompai Trade Centre,Corporate B2B,Computing & Peripherals,1TB NVMe Portable SSD,2,95000,0.05,180500.0,136000,44500.0,0,Fulfilled In-Store
NEX-101590,2025-07-20,Abuja,Wuse 2 Retail,In-Store Retail,Consumer Electronics,MacBook Pro 14 M3,2,1850000,0.1,3330000.0,2960000,370000.0,0,Delivered On-Time
NEX-101591,2025-07-01,Lagos,Ikeja Mega-Store,Web Direct,Computing & Peripherals,Logitech MX Master 3S Mouse,1,75000,0.1,67500.0,52000,15500.0,0,Delayed Transit
NEX-101592,2025-07-25,Port Harcourt,Trans-Amadi Commercial,In-Store Retail,Home Appliances,Chest Freezer 200L,1,245000,0.0,245000.0,195000,50000.0,0,Delivered On-Time
NEX-101593,2025-06-30,Port Harcourt,Trans-Amadi Commercial,In-Store Retail,Home Appliances,Chest Freezer 200L,1,245000,0.0,245000.0,195000,50000.0,0,Delivered On-Time
NEX-101594,2025-06-22,Kano,Nasarawa Road Branch,In-Store Retail,Computing & Peripherals,27-inch 4K Gaming Monitor,1,310000,0.2,248000.0,235000,13000.0,0,Delayed Transit
NEX-101595,2025-05-29,Port Harcourt,GRA Phase 2 Store,In-Store Retail,Consumer Electronics,MacBook Pro 14 M3,1,1850000,0.05,1757500.0,1480000,277500.0,0,Delivered On-Time
NEX-101596,2025-07-15,Kano,Nasarawa Road Branch,In-Store Retail,Consumer Electronics,Dell XPS 15 Laptop,1,1650000,0.1,1485000.0,1320000,165000.0,0,Delivered On-Time
NEX-101597,2025-07-20,Ibadan,Ring Road Complex,In-Store Retail,Computing & Peripherals,Ergonomic Office Chair Pro,1,185000,0.05,175750.0,130000,45750.0,0,Delivered On-Time
NEX-101598,2025-07-02,Port Harcourt,GRA Phase 2 Store,Corporate B2B,Home Appliances,Inverter Split AC 1.5HP (AC-902),1,385000,0.05,365750.0,310000,55750.0,0,Delivered On-Time
NEX-101599,2025-06-24,Abuja,Maitama Galleria,Corporate B2B,Computing & Peripherals,Wireless Mechanical Keyboard,1,65000,0.0,65000.0,42000,23000.0,0,Delivered On-Time
NEX-101600,2025-06-05,Lagos,Victoria Island Flagship,In-Store Retail,Consumer Electronics,iPhone 15 Pro Max 256GB,1,1450000,0.0,1450000.0,1150000,300000.0,0,Delivered On-Time
NEX-101601,2025-07-24,Lagos,Victoria Island Flagship,In-Store Retail,Computing & Peripherals,Wireless Mechanical Keyboard,1,65000,0.1,58500.0,42000,16500.0,0,Fulfilled In-Store
NEX-101602,2025-06-25,Lagos,Ikeja Mega-Store,Corporate B2B,Consumer Electronics,Sony WH-1000XM5 Headphones,1,285000,0.0,285000.0,195000,90000.0,1,Returned
NEX-101603,2025-06-23,Lagos,Victoria Island Flagship,In-Store Retail,Consumer Electronics,Sony WH-1000XM5 Headphones,1,285000,0.0,285000.0,195000,90000.0,0,Delivered On-Time
NEX-101604,2025-07-06,Port Harcourt,Trans-Amadi Commercial,Corporate B2B,Consumer Electronics,Dell XPS 15 Laptop,1,1650000,0.05,1567500.0,1320000,247500.0,0,Delivered On-Time
NEX-101605,2025-07-18,Port Harcourt,Trans-Amadi Commercial,In-Store Retail,Home Appliances,Chest Freezer 200L,1,245000,0.1,220500.0,195000,25500.0,0,Delivered On-Time
NEX-101606,2025-06-21,Lagos,Surulere Hub,Mobile App,Computing & Peripherals,27-inch 4K Gaming Monitor,2,310000,0.0,620000.0,470000,150000.0,0,Delayed Transit
NEX-101607,2025-07-08,Ibadan,Ring Road Complex,Web Direct,Home Appliances,Chest Freezer 200L,2,245000,0.1,441000.0,390000,51000.0,0,Delivered On-Time
NEX-101608,2025-05-30,Port Harcourt,GRA Phase 2 Store,Mobile App,Computing & Peripherals,1TB NVMe Portable SSD,1,95000,0.0,95000.0,68000,27000.0,0,Delivered On-Time
NEX-101609,2025-07-07,Abuja,Maitama Galleria,In-Store Retail,Computing & Peripherals,Wireless Mechanical Keyboard,2,65000,0.0,130000.0,84000,46000.0,0,Fulfilled In-Store
NEX-101610,2025-05-18,Port Harcourt,GRA Phase 2 Store,Web Direct,Consumer Electronics,Dell XPS 15 Laptop,1,1650000,0.0,1650000.0,1320000,330000.0,0,Delayed Transit
NEX-101611,2025-05-11,Port Harcourt,Trans-Amadi Commercial,In-Store Retail,Computing & Peripherals,Ergonomic Office Chair Pro,5,185000,0.0,925000.0,650000,275000.0,1,Returned
NEX-101612,2025-05-04,Port Harcourt,GRA Phase 2 Store,Corporate B2B,Computing & Peripherals,27-inch 4K Gaming Monitor,1,310000,0.0,310000.0,235000,75000.0,0,Delayed Transit
NEX-101613,2025-05-11,Lagos,Victoria Island Flagship,In-Store Retail,Consumer Electronics,Sony WH-1000XM5 Headphones,2,285000,0.05,541500.0,390000,151500.0,0,Fulfilled In-Store
NEX-101614,2025-07-17,Lagos,Victoria Island Flagship,Mobile App,Home Appliances,Digital Microwave Oven 25L,1,115000,0.36,73661.07,85000,-11338.93,0,Delivered On-Time
NEX-101615,2025-06-07,Lagos,Ikeja Mega-Store,Web Direct,Consumer Electronics,Dell XPS 15 Laptop,1,1650000,0.05,1567500.0,1320000,247500.0,0,Delivered On-Time
NEX-101616,2025-05-10,Lagos,Lekki Mall Outlet,Web Direct,Consumer Electronics,MacBook Pro 14 M3,1,1850000,0.0,1850000.0,1480000,370000.0,0,Delivered On-Time
NEX-101617,2025-07-16,Lagos,Lekki Mall Outlet,Corporate B2B,Home Appliances,Smart Inverter Washing Machine 8kg,1,345000,0.29,245340.24,270000,-24659.76,0,Delivered On-Time
NEX-101618,2025-05-20,Lagos,Ikeja Mega-Store,In-Store Retail,Consumer Electronics,MacBook Pro 14 M3,1,1850000,0.2,1480000.0,1480000,0.0,0,Delivered On-Time
NEX-101619,2025-06-09,Port Harcourt,Trans-Amadi Commercial,Web Direct,Computing & Peripherals,27-inch 4K Gaming Monitor,1,310000,0.0,310000.0,235000,75000.0,0,Delivered On-Time
NEX-101620,2025-07-18,Abuja,Wuse 2 Retail,In-Store Retail,Consumer Electronics,Dell XPS 15 Laptop,2,1650000,0.2,2640000.0,2640000,0.0,0,Delivered On-Time
NEX-101621,2025-05-17,Lagos,Lekki Mall Outlet,Corporate B2B,Consumer Electronics,Sony WH-1000XM5 Headphones,1,285000,0.05,270750.0,195000,75750.0,0,Fulfilled In-Store
NEX-101622,2025-05-01,Lagos,Lekki Mall Outlet,Mobile App,Computing & Peripherals,Wireless Mechanical Keyboard,1,65000,0.05,61750.0,42000,19750.0,0,Delivered On-Time
NEX-101623,2025-05-25,Lagos,Victoria Island Flagship,Web Direct,Consumer Electronics,Sony WH-1000XM5 Headphones,1,285000,0.0,285000.0,195000,90000.0,0,Delayed Transit
NEX-101624,2025-07-19,Abuja,Wuse 2 Retail,In-Store Retail,Computing & Peripherals,Ergonomic Office Chair Pro,1,185000,0.0,185000.0,130000,55000.0,0,Delivered On-Time
NEX-101625,2025-07-31,Lagos,Surulere Hub,In-Store Retail,Home Appliances,Smart Inverter Washing Machine 8kg,1,345000,0.37,218266.18,270000,-51733.82,0,Delivered On-Time
NEX-101626,2025-07-20,Lagos,Lekki Mall Outlet,Mobile App,Home Appliances,Smart Inverter Washing Machine 8kg,2,345000,0.28,493879.98,540000,-46120.02,0,Delivered On-Time
NEX-101627,2025-07-26,Lagos,Victoria Island Flagship,In-Store Retail,Computing & Peripherals,27-inch 4K Gaming Monitor,1,310000,0.05,294500.0,235000,59500.0,0,Fulfilled In-Store
NEX-101628,2025-06-07,Abuja,Wuse 2 Retail,Web Direct,Consumer Electronics,iPhone 15 Pro Max 256GB,2,1450000,0.0,2900000.0,2300000,600000.0,0,Delivered On-Time
NEX-101629,2025-05-23,Port Harcourt,Trans-Amadi Commercial,In-Store Retail,Consumer Electronics,Sony WH-1000XM5 Headphones,1,285000,0.05,270750.0,195000,75750.0,0,Delivered On-Time
NEX-101630,2025-06-07,Abuja,Central Business District Store,Mobile App,Home Appliances,Double Door Refrigerator 320L,1,520000,0.0,520000.0,410000,110000.0,0,Fulfilled In-Store
NEX-101631,2025-05-25,Port Harcourt,Trans-Amadi Commercial,Web Direct,Computing & Peripherals,27-inch 4K Gaming Monitor,1,310000,0.0,310000.0,235000,75000.0,0,Delivered On-Time
NEX-101632,2025-05-13,Port Harcourt,Trans-Amadi Commercial,Web Direct,Computing & Peripherals,27-inch 4K Gaming Monitor,1,310000,0.05,294500.0,235000,59500.0,0,Delivered On-Time
NEX-101633,2025-07-20,Abuja,Maitama Galleria,In-Store Retail,Home Appliances,Smart Inverter Washing Machine 8kg,5,345000,0.0,1725000.0,1350000,375000.0,0,Delivered On-Time
NEX-101634,2025-05-10,Ibadan,Bodija Outlet,Corporate B2B,Home Appliances,Digital Microwave Oven 25L,1,115000,0.2,92000.0,85000,7000.0,0,Fulfilled In-Store
NEX-101635,2025-07-07,Kano,Nasarawa Road Branch,Mobile App,Consumer Electronics,Galaxy S24 Ultra 512GB,5,1250000,0.0,6250000.0,4750000,1500000.0,0,Fulfilled In-Store
NEX-101636,2025-05-15,Abuja,Wuse 2 Retail,Web Direct,Consumer Electronics,iPhone 15 Pro Max 256GB,1,1450000,0.0,1450000.0,1150000,300000.0,0,Delivered On-Time
NEX-101637,2025-06-06,Port Harcourt,GRA Phase 2 Store,Mobile App,Home Appliances,Inverter Split AC 1.5HP (AC-902),3,385000,0.05,1097250.0,930000,167250.0,0,Delayed Transit
NEX-101638,2025-06-14,Lagos,Ikeja Mega-Store,In-Store Retail,Computing & Peripherals,27-inch 4K Gaming Monitor,2,310000,0.15,527000.0,470000,57000.0,0,Delivered On-Time
NEX-101639,2025-05-14,Abuja,Central Business District Store,In-Store Retail,Computing & Peripherals,Logitech MX Master 3S Mouse,1,75000,0.0,75000.0,52000,23000.0,0,Returned
NEX-101640,2025-05-25,Lagos,Victoria Island Flagship,Mobile App,Computing & Peripherals,1TB NVMe Portable SSD,1,95000,0.0,95000.0,68000,27000.0,0,Delivered On-Time
NEX-101641,2025-06-23,Lagos,Lekki Mall Outlet,Mobile App,Computing & Peripherals,Ergonomic Office Chair Pro,1,185000,0.05,175750.0,130000,45750.0,0,Delivered On-Time
NEX-101642,2025-06-16,Abuja,Maitama Galleria,In-Store Retail,Home Appliances,Digital Microwave Oven 25L,1,115000,0.1,103500.0,85000,18500.0,0,Delayed Transit
NEX-101643,2025-05-15,Port Harcourt,Trans-Amadi Commercial,Corporate B2B,Consumer Electronics,Galaxy S24 Ultra 512GB,3,1250000,0.15,3187500.0,2850000,337500.0,0,Fulfilled In-Store
NEX-101644,2025-06-16,Lagos,Ikeja Mega-Store,Corporate B2B,Consumer Electronics,Sony WH-1000XM5 Headphones,1,285000,0.05,270750.0,195000,75750.0,0,Delayed Transit
NEX-101645,2025-05-13,Ibadan,Ring Road Complex,In-Store Retail,Home Appliances,Smart Inverter Washing Machine 8kg,1,345000,0.0,345000.0,270000,75000.0,0,Delivered On-Time
NEX-101646,2025-05-14,Abuja,Maitama Galleria,In-Store Retail,Computing & Peripherals,Wireless Mechanical Keyboard,1,65000,0.2,52000.0,42000,10000.0,0,Delivered On-Time
NEX-101647,2025-05-06,Lagos,Lekki Mall Outlet,Corporate B2B,Consumer Electronics,Dell XPS 15 Laptop,5,1650000,0.1,7425000.0,6600000,825000.0,0,Delivered On-Time
NEX-101648,2025-07-25,Kano,Nasarawa Road Branch,In-Store Retail,Consumer Electronics,iPhone 15 Pro Max 256GB,1,1450000,0.05,1377500.0,1150000,227500.0,0,Delivered On-Time
NEX-101649,2025-06-17,Abuja,Wuse 2 Retail,In-Store Retail,Consumer Electronics,Dell XPS 15 Laptop,1,1650000,0.05,1567500.0,1320000,247500.0,0,Fulfilled In-Store
NEX-101650,2025-06-06,Abuja,Central Business District Store,Web Direct,Home Appliances,Smart Inverter Washing Machine 8kg,1,345000,0.0,345000.0,270000,75000.0,0,Delayed Transit
NEX-101651,2025-07-19,Ibadan,Bodija Outlet,Corporate B2B,Computing & Peripherals,Logitech MX Master 3S Mouse,2,75000,0.05,142500.0,104000,38500.0,0,Delayed Transit
NEX-101652,2025-07-16,Port Harcourt,Trans-Amadi Commercial,In-Store Retail,Computing & Peripherals,Ergonomic Office Chair Pro,1,185000,0.1,166500.0,130000,36500.0,0,Delayed Transit
NEX-101653,2025-07-12,Lagos,Lekki Mall Outlet,Web Direct,Home Appliances,Inverter Split AC 1.5HP (AC-902),2,385000,0.37,486074.94,620000,-133925.06,0,Fulfilled In-Store
NEX-101654,2025-05-25,Ibadan,Ring Road Complex,In-Store Retail,Consumer Electronics,MacBook Pro 14 M3,2,1850000,0.1,3330000.0,2960000,370000.0,0,Delivered On-Time
NEX-101655,2025-05-08,Lagos,Ikeja Mega-Store,Mobile App,Home Appliances,Double Door Refrigerator 320L,1,520000,0.0,520000.0,410000,110000.0,0,Returned
NEX-101656,2025-05-04,Abuja,Central Business District Store,Web Direct,Home Appliances,Chest Freezer 200L,3,245000,0.1,661500.0,585000,76500.0,0,Delivered On-Time
NEX-101657,2025-07-25,Abuja,Maitama Galleria,Web Direct,Computing & Peripherals,Wireless Mechanical Keyboard,1,65000,0.05,61750.0,42000,19750.0,1,Returned
NEX-101658,2025-06-06,Port Harcourt,Trans-Amadi Commercial,Mobile App,Computing & Peripherals,27-inch 4K Gaming Monitor,5,310000,0.15,1317500.0,1175000,142500.0,0,Delivered On-Time
NEX-101659,2025-05-04,Abuja,Central Business District Store,In-Store Retail,Home Appliances,Chest Freezer 200L,1,245000,0.0,245000.0,195000,50000.0,0,Fulfilled In-Store
NEX-101660,2025-06-18,Abuja,Maitama Galleria,In-Store Retail,Consumer Electronics,iPhone 15 Pro Max 256GB,1,1450000,0.05,1377500.0,1150000,227500.0,0,Delayed Transit
NEX-101661,2025-07-27,Kano,Nasarawa Road Branch,Corporate B2B,Home Appliances,Chest Freezer 200L,1,245000,0.15,208250.0,195000,13250.0,0,Fulfilled In-Store
NEX-101662,2025-06-04,Lagos,Victoria Island Flagship,In-Store Retail,Home Appliances,Chest Freezer 200L,1,245000,0.15,208250.0,195000,13250.0,0,Fulfilled In-Store
NEX-101663,2025-05-22,Abuja,Central Business District Store,In-Store Retail,Computing & Peripherals,1TB NVMe Portable SSD,1,95000,0.0,95000.0,68000,27000.0,0,Delivered On-Time
NEX-101664,2025-05-08,Lagos,Surulere Hub,Web Direct,Consumer Electronics,Galaxy S24 Ultra 512GB,1,1250000,0.1,1125000.0,950000,175000.0,0,Returned
NEX-101665,2025-05-04,Lagos,Ikeja Mega-Store,In-Store Retail,Consumer Electronics,Dell XPS 15 Laptop,1,1650000,0.0,1650000.0,1320000,330000.0,0,Delivered On-Time
NEX-101666,2025-06-11,Lagos,Surulere Hub,Corporate B2B,Computing & Peripherals,1TB NVMe Portable SSD,1,95000,0.05,90250.0,68000,22250.0,0,Delivered On-Time
NEX-101667,2025-05-19,Lagos,Lekki Mall Outlet,In-Store Retail,Home Appliances,Smart Inverter Washing Machine 8kg,1,345000,0.05,327750.0,270000,57750.0,0,Delivered On-Time
NEX-101668,2025-05-21,Lagos,Surulere Hub,Corporate B2B,Computing & Peripherals,Logitech MX Master 3S Mouse,2,75000,0.0,150000.0,104000,46000.0,0,Delivered On-Time
NEX-101669,2025-05-03,Abuja,Central Business District Store,Web Direct,Home Appliances,Digital Microwave Oven 25L,3,115000,0.15,293250.0,255000,38250.0,0,Delivered On-Time
NEX-101670,2025-07-17,Lagos,Lekki Mall Outlet,In-Store Retail,Computing & Peripherals,1TB NVMe Portable SSD,1,95000,0.2,76000.0,68000,8000.0,0,Delivered On-Time
NEX-101671,2025-05-12,Ibadan,Bodija Outlet,In-Store Retail,Consumer Electronics,iPhone 15 Pro Max 256GB,1,1450000,0.2,1160000.0,1150000,10000.0,0,Delivered On-Time
NEX-101672,2025-05-11,Abuja,Central Business District Store,Corporate B2B,Consumer Electronics,Galaxy S24 Ultra 512GB,1,1250000,0.0,1250000.0,950000,300000.0,0,Delivered On-Time
NEX-101673,2025-06-24,Lagos,Lekki Mall Outlet,In-Store Retail,Home Appliances,Chest Freezer 200L,1,245000,0.0,245000.0,195000,50000.0,0,Delivered On-Time
NEX-101674,2025-05-10,Kano,Bompai Trade Centre,In-Store Retail,Computing & Peripherals,27-inch 4K Gaming Monitor,2,310000,0.0,620000.0,470000,150000.0,0,Delivered On-Time
NEX-101675,2025-06-20,Lagos,Ikeja Mega-Store,Mobile App,Consumer Electronics,Sony WH-1000XM5 Headphones,1,285000,0.2,228000.0,195000,33000.0,0,Delivered On-Time
NEX-101676,2025-06-02,Port Harcourt,Trans-Amadi Commercial,In-Store Retail,Consumer Electronics,iPhone 15 Pro Max 256GB,3,1450000,0.1,3915000.0,3450000,465000.0,0,Delivered On-Time
NEX-101677,2025-05-24,Lagos,Victoria Island Flagship,Web Direct,Home Appliances,Chest Freezer 200L,1,245000,0.0,245000.0,195000,50000.0,0,Delivered On-Time
NEX-101678,2025-06-23,Lagos,Lekki Mall Outlet,Web Direct,Home Appliances,Chest Freezer 200L,1,245000,0.1,220500.0,195000,25500.0,0,Delivered On-Time
NEX-101679,2025-07-09,Lagos,Ikeja Mega-Store,Corporate B2B,Consumer Electronics,Dell XPS 15 Laptop,1,1650000,0.0,1650000.0,1320000,330000.0,1,Returned
NEX-101680,2025-06-27,Ibadan,Ring Road Complex,In-Store Retail,Computing & Peripherals,1TB NVMe Portable SSD,1,95000,0.05,90250.0,68000,22250.0,0,Fulfilled In-Store
NEX-101681,2025-05-16,Abuja,Wuse 2 Retail,In-Store Retail,Home Appliances,Double Door Refrigerator 320L,3,520000,0.05,1482000.0,1230000,252000.0,0,Fulfilled In-Store
NEX-101682,2025-05-02,Lagos,Ikeja Mega-Store,In-Store Retail,Consumer Electronics,Galaxy S24 Ultra 512GB,1,1250000,0.0,1250000.0,950000,300000.0,0,Delivered On-Time
NEX-101683,2025-07-26,Lagos,Surulere Hub,Web Direct,Computing & Peripherals,Ergonomic Office Chair Pro,1,185000,0.0,185000.0,130000,55000.0,0,Fulfilled In-Store
NEX-101684,2025-07-27,Lagos,Victoria Island Flagship,Web Direct,Computing & Peripherals,Wireless Mechanical Keyboard,1,65000,0.05,61750.0,42000,19750.0,0,Delivered On-Time
NEX-101685,2025-06-28,Port Harcourt,GRA Phase 2 Store,Web Direct,Computing & Peripherals,Ergonomic Office Chair Pro,1,185000,0.05,175750.0,130000,45750.0,0,Fulfilled In-Store
NEX-101686,2025-05-03,Ibadan,Ring Road Complex,Corporate B2B,Consumer Electronics,MacBook Pro 14 M3,2,1850000,0.2,2960000.0,2960000,0.0,0,Delivered On-Time
NEX-101687,2025-07-09,Lagos,Lekki Mall Outlet,Web Direct,Home Appliances,Double Door Refrigerator 320L,1,520000,0.34,342908.92,410000,-67091.08,0,Delayed Transit
NEX-101688,2025-07-10,Abuja,Wuse 2 Retail,In-Store Retail,Home Appliances,Digital Microwave Oven 25L,1,115000,0.05,109250.0,85000,24250.0,0,Fulfilled In-Store
NEX-101689,2025-05-05,Abuja,Maitama Galleria,In-Store Retail,Consumer Electronics,iPhone 15 Pro Max 256GB,3,1450000,0.0,4350000.0,3450000,900000.0,0,Delivered On-Time
NEX-101690,2025-07-24,Lagos,Surulere Hub,In-Store Retail,Consumer Electronics,Dell XPS 15 Laptop,1,1650000,0.05,1567500.0,1320000,247500.0,0,Delivered On-Time
NEX-101691,2025-07-08,Abuja,Wuse 2 Retail,In-Store Retail,Computing & Peripherals,1TB NVMe Portable SSD,3,95000,0.05,270750.0,204000,66750.0,0,Delivered On-Time
NEX-101692,2025-05-17,Lagos,Victoria Island Flagship,In-Store Retail,Computing & Peripherals,27-inch 4K Gaming Monitor,2,310000,0.05,589000.0,470000,119000.0,0,Delivered On-Time
NEX-101693,2025-07-22,Lagos,Victoria Island Flagship,In-Store Retail,Computing & Peripherals,Ergonomic Office Chair Pro,3,185000,0.05,527250.0,390000,137250.0,0,Fulfilled In-Store
NEX-101694,2025-06-19,Lagos,Lekki Mall Outlet,Web Direct,Computing & Peripherals,27-inch 4K Gaming Monitor,1,310000,0.0,310000.0,235000,75000.0,0,Delivered On-Time
NEX-101695,2025-06-13,Kano,Bompai Trade Centre,In-Store Retail,Computing & Peripherals,Logitech MX Master 3S Mouse,1,75000,0.0,75000.0,52000,23000.0,0,Fulfilled In-Store
NEX-101696,2025-07-18,Lagos,Victoria Island Flagship,Web Direct,Consumer Electronics,Dell XPS 15 Laptop,2,1650000,0.1,2970000.0,2640000,330000.0,0,Fulfilled In-Store
NEX-101697,2025-05-29,Kano,Nasarawa Road Branch,Web Direct,Computing & Peripherals,27-inch 4K Gaming Monitor,1,310000,0.0,310000.0,235000,75000.0,0,Delayed Transit
NEX-101698,2025-06-11,Lagos,Lekki Mall Outlet,Web Direct,Home Appliances,Double Door Refrigerator 320L,3,520000,0.0,1560000.0,1230000,330000.0,0,Delivered On-Time
NEX-101699,2025-06-21,Ibadan,Ring Road Complex,Corporate B2B,Consumer Electronics,MacBook Pro 14 M3,1,1850000,0.1,1665000.0,1480000,185000.0,0,Delivered On-Time
NEX-101700,2025-07-04,Lagos,Surulere Hub,In-Store Retail,Consumer Electronics,Sony WH-1000XM5 Headphones,1,285000,0.2,228000.0,195000,33000.0,0,Delivered On-Time
NEX-101701,2025-05-03,Abuja,Maitama Galleria,Corporate B2B,Home Appliances,Smart Inverter Washing Machine 8kg,1,345000,0.0,345000.0,270000,75000.0,0,Delivered On-Time
NEX-101702,2025-07-26,Kano,Nasarawa Road Branch,Mobile App,Consumer Electronics,Sony WH-1000XM5 Headphones,1,285000,0.0,285000.0,195000,90000.0,0,Fulfilled In-Store
NEX-101703,2025-06-12,Abuja,Maitama Galleria,Corporate B2B,Consumer Electronics,MacBook Pro 14 M3,1,1850000,0.0,1850000.0,1480000,370000.0,0,Delivered On-Time
NEX-101704,2025-06-11,Port Harcourt,GRA Phase 2 Store,In-Store Retail,Computing & Peripherals,Wireless Mechanical Keyboard,1,65000,0.15,55250.0,42000,13250.0,0,Delivered On-Time
NEX-101705,2025-07-07,Lagos,Surulere Hub,In-Store Retail,Home Appliances,Inverter Split AC 1.5HP (AC-902),1,385000,0.34,253300.32,310000,-56699.68,0,Delivered On-Time
NEX-101706,2025-07-22,Port Harcourt,Trans-Amadi Commercial,Mobile App,Consumer Electronics,Galaxy S24 Ultra 512GB,2,1250000,0.0,2500000.0,1900000,600000.0,0,Delivered On-Time
NEX-101707,2025-05-16,Abuja,Wuse 2 Retail,In-Store Retail,Consumer Electronics,Dell XPS 15 Laptop,2,1650000,0.0,3300000.0,2640000,660000.0,0,Delivered On-Time
NEX-101708,2025-05-17,Lagos,Lekki Mall Outlet,In-Store Retail,Consumer Electronics,MacBook Pro 14 M3,1,1850000,0.15,1572500.0,1480000,92500.0,0,Delivered On-Time
NEX-101709,2025-06-11,Kano,Bompai Trade Centre,Corporate B2B,Home Appliances,Chest Freezer 200L,1,245000,0.0,245000.0,195000,50000.0,0,Delivered On-Time
NEX-101710,2025-06-13,Abuja,Wuse 2 Retail,Corporate B2B,Home Appliances,Chest Freezer 200L,1,245000,0.1,220500.0,195000,25500.0,0,Delivered On-Time
NEX-101711,2025-06-10,Port Harcourt,Trans-Amadi Commercial,In-Store Retail,Consumer Electronics,MacBook Pro 14 M3,4,1850000,0.15,6290000.0,5920000,370000.0,0,Fulfilled In-Store
NEX-101712,2025-06-24,Ibadan,Ring Road Complex,In-Store Retail,Consumer Electronics,Galaxy S24 Ultra 512GB,1,1250000,0.1,1125000.0,950000,175000.0,0,Delivered On-Time
NEX-101713,2025-07-22,Kano,Nasarawa Road Branch,Mobile App,Consumer Electronics,Galaxy S24 Ultra 512GB,2,1250000,0.15,2125000.0,1900000,225000.0,0,Delivered On-Time
NEX-101714,2025-06-13,Abuja,Wuse 2 Retail,In-Store Retail,Computing & Peripherals,Logitech MX Master 3S Mouse,1,75000,0.0,75000.0,52000,23000.0,0,Delivered On-Time
NEX-101715,2025-07-06,Abuja,Maitama Galleria,In-Store Retail,Computing & Peripherals,Logitech MX Master 3S Mouse,1,75000,0.2,60000.0,52000,8000.0,0,Fulfilled In-Store
NEX-101716,2025-06-24,Lagos,Surulere Hub,Web Direct,Home Appliances,Digital Microwave Oven 25L,1,115000,0.0,115000.0,85000,30000.0,0,Delivered On-Time
NEX-101717,2025-07-30,Lagos,Lekki Mall Outlet,In-Store Retail,Consumer Electronics,Dell XPS 15 Laptop,1,1650000,0.1,1485000.0,1320000,165000.0,0,Fulfilled In-Store
NEX-101718,2025-05-14,Port Harcourt,GRA Phase 2 Store,Corporate B2B,Consumer Electronics,iPhone 15 Pro Max 256GB,1,1450000,0.15,1232500.0,1150000,82500.0,0,Delayed Transit
NEX-101719,2025-07-19,Lagos,Surulere Hub,Web Direct,Consumer Electronics,Dell XPS 15 Laptop,1,1650000,0.0,1650000.0,1320000,330000.0,0,Delayed Transit
NEX-101720,2025-06-29,Lagos,Victoria Island Flagship,Corporate B2B,Home Appliances,Chest Freezer 200L,2,245000,0.05,465500.0,390000,75500.0,0,Delivered On-Time
NEX-101721,2025-06-14,Abuja,Maitama Galleria,In-Store Retail,Home Appliances,Chest Freezer 200L,1,245000,0.05,232750.0,195000,37750.0,0,Fulfilled In-Store
NEX-101722,2025-05-05,Lagos,Ikeja Mega-Store,Web Direct,Computing & Peripherals,Logitech MX Master 3S Mouse,1,75000,0.05,71250.0,52000,19250.0,0,Delivered On-Time
NEX-101723,2025-05-07,Abuja,Central Business District Store,Web Direct,Consumer Electronics,Sony WH-1000XM5 Headphones,1,285000,0.05,270750.0,195000,75750.0,0,Delivered On-Time
NEX-101724,2025-07-31,Port Harcourt,GRA Phase 2 Store,Mobile App,Consumer Electronics,MacBook Pro 14 M3,1,1850000,0.0,1850000.0,1480000,370000.0,0,Fulfilled In-Store
NEX-101725,2025-05-28,Port Harcourt,GRA Phase 2 Store,Mobile App,Computing & Peripherals,Logitech MX Master 3S Mouse,2,75000,0.05,142500.0,104000,38500.0,0,Delayed Transit
NEX-101726,2025-05-31,Abuja,Central Business District Store,In-Store Retail,Consumer Electronics,MacBook Pro 14 M3,1,1850000,0.1,1665000.0,1480000,185000.0,0,Delivered On-Time
NEX-101727,2025-07-09,Lagos,Lekki Mall Outlet,In-Store Retail,Consumer Electronics,Sony WH-1000XM5 Headphones,2,285000,0.05,541500.0,390000,151500.0,0,Delivered On-Time
NEX-101728,2025-05-21,Port Harcourt,Trans-Amadi Commercial,In-Store Retail,Consumer Electronics,Dell XPS 15 Laptop,1,1650000,0.15,1402500.0,1320000,82500.0,0,Returned
NEX-101729,2025-07-03,Abuja,Wuse 2 Retail,In-Store Retail,Home Appliances,Chest Freezer 200L,2,245000,0.15,416500.0,390000,26500.0,0,Delivered On-Time
NEX-101730,2025-05-23,Lagos,Victoria Island Flagship,In-Store Retail,Consumer Electronics,Dell XPS 15 Laptop,1,1650000,0.05,1567500.0,1320000,247500.0,0,Delivered On-Time
NEX-101731,2025-07-02,Port Harcourt,Trans-Amadi Commercial,In-Store Retail,Computing & Peripherals,1TB NVMe Portable SSD,1,95000,0.0,95000.0,68000,27000.0,0,Fulfilled In-Store
NEX-101732,2025-05-13,Lagos,Lekki Mall Outlet,In-Store Retail,Computing & Peripherals,27-inch 4K Gaming Monitor,1,310000,0.0,310000.0,235000,75000.0,0,Delivered On-Time
NEX-101733,2025-07-10,Abuja,Wuse 2 Retail,Corporate B2B,Computing & Peripherals,1TB NVMe Portable SSD,1,95000,0.05,90250.0,68000,22250.0,0,Delivered On-Time
NEX-101734,2025-07-30,Kano,Bompai Trade Centre,In-Store Retail,Computing & Peripherals,1TB NVMe Portable SSD,1,95000,0.0,95000.0,68000,27000.0,0,Fulfilled In-Store
NEX-101735,2025-05-06,Lagos,Lekki Mall Outlet,Mobile App,Consumer Electronics,Sony WH-1000XM5 Headphones,1,285000,0.1,256500.0,195000,61500.0,0,Delivered On-Time
NEX-101736,2025-05-15,Abuja,Maitama Galleria,Corporate B2B,Consumer Electronics,iPhone 15 Pro Max 256GB,2,1450000,0.05,2755000.0,2300000,455000.0,0,Delivered On-Time
NEX-101737,2025-05-20,Abuja,Central Business District Store,Corporate B2B,Computing & Peripherals,1TB NVMe Portable SSD,2,95000,0.05,180500.0,136000,44500.0,0,Delivered On-Time
NEX-101738,2025-06-05,Abuja,Wuse 2 Retail,Web Direct,Consumer Electronics,Dell XPS 15 Laptop,2,1650000,0.15,2805000.0,2640000,165000.0,0,Returned
NEX-101739,2025-05-11,Lagos,Surulere Hub,In-Store Retail,Consumer Electronics,iPhone 15 Pro Max 256GB,1,1450000,0.05,1377500.0,1150000,227500.0,0,Delivered On-Time
NEX-101740,2025-05-21,Lagos,Surulere Hub,In-Store Retail,Computing & Peripherals,Wireless Mechanical Keyboard,1,65000,0.05,61750.0,42000,19750.0,0,Delivered On-Time
NEX-101741,2025-05-15,Lagos,Ikeja Mega-Store,In-Store Retail,Consumer Electronics,Galaxy S24 Ultra 512GB,1,1250000,0.1,1125000.0,950000,175000.0,0,Delayed Transit
NEX-101742,2025-07-24,Port Harcourt,Trans-Amadi Commercial,Mobile App,Consumer Electronics,Dell XPS 15 Laptop,2,1650000,0.0,3300000.0,2640000,660000.0,0,Delivered On-Time
NEX-101743,2025-06-18,Lagos,Ikeja Mega-Store,Web Direct,Home Appliances,Smart Inverter Washing Machine 8kg,2,345000,0.0,690000.0,540000,150000.0,0,Delivered On-Time
NEX-101744,2025-05-13,Lagos,Ikeja Mega-Store,Corporate B2B,Computing & Peripherals,Logitech MX Master 3S Mouse,1,75000,0.0,75000.0,52000,23000.0,0,Delivered On-Time
NEX-101745,2025-07-25,Lagos,Victoria Island Flagship,In-Store Retail,Home Appliances,Digital Microwave Oven 25L,1,115000,0.36,73140.1,85000,-11859.9,0,Delayed Transit
NEX-101746,2025-06-16,Ibadan,Bodija Outlet,Web Direct,Consumer Electronics,Galaxy S24 Ultra 512GB,2,1250000,0.0,2500000.0,1900000,600000.0,0,Delivered On-Time
NEX-101747,2025-05-17,Port Harcourt,Trans-Amadi Commercial,Corporate B2B,Consumer Electronics,iPhone 15 Pro Max 256GB,4,1450000,0.0,5800000.0,4600000,1200000.0,0,Delivered On-Time
NEX-101748,2025-06-15,Abuja,Wuse 2 Retail,In-Store Retail,Home Appliances,Double Door Refrigerator 320L,1,520000,0.0,520000.0,410000,110000.0,0,Fulfilled In-Store
NEX-101749,2025-05-20,Lagos,Surulere Hub,Mobile App,Home Appliances,Inverter Split AC 1.5HP (AC-902),1,385000,0.0,385000.0,310000,75000.0,0,Delivered On-Time
NEX-101750,2025-05-08,Lagos,Ikeja Mega-Store,In-Store Retail,Computing & Peripherals,27-inch 4K Gaming Monitor,1,310000,0.15,263500.0,235000,28500.0,1,Returned
NEX-101751,2025-05-17,Kano,Nasarawa Road Branch,In-Store Retail,Home Appliances,Double Door Refrigerator 320L,2,520000,0.05,988000.0,820000,168000.0,0,Delivered On-Time
NEX-101752,2025-07-30,Kano,Nasarawa Road Branch,In-Store Retail,Consumer Electronics,Galaxy S24 Ultra 512GB,1,1250000,0.15,1062500.0,950000,112500.0,0,Delivered On-Time
NEX-101753,2025-07-21,Abuja,Maitama Galleria,Corporate B2B,Home Appliances,Chest Freezer 200L,1,245000,0.0,245000.0,195000,50000.0,0,Returned
NEX-101754,2025-06-17,Lagos,Victoria Island Flagship,Mobile App,Home Appliances,Digital Microwave Oven 25L,2,115000,0.0,230000.0,170000,60000.0,0,Delivered On-Time
NEX-101755,2025-05-01,Lagos,Ikeja Mega-Store,Corporate B2B,Computing & Peripherals,27-inch 4K Gaming Monitor,1,310000,0.0,310000.0,235000,75000.0,0,Fulfilled In-Store
NEX-101756,2025-07-10,Lagos,Surulere Hub,In-Store Retail,Consumer Electronics,Sony WH-1000XM5 Headphones,1,285000,0.05,270750.0,195000,75750.0,0,Delivered On-Time
NEX-101757,2025-07-25,Lagos,Ikeja Mega-Store,In-Store Retail,Consumer Electronics,Galaxy S24 Ultra 512GB,4,1250000,0.1,4500000.0,3800000,700000.0,0,Delivered On-Time
NEX-101758,2025-05-06,Lagos,Ikeja Mega-Store,In-Store Retail,Home Appliances,Double Door Refrigerator 320L,1,520000,0.2,416000.0,410000,6000.0,0,Delivered On-Time
NEX-101759,2025-07-07,Ibadan,Bodija Outlet,In-Store Retail,Home Appliances,Double Door Refrigerator 320L,1,520000,0.0,520000.0,410000,110000.0,1,Returned
NEX-101760,2025-06-14,Abuja,Wuse 2 Retail,Web Direct,Home Appliances,Digital Microwave Oven 25L,2,115000,0.05,218500.0,170000,48500.0,0,Delivered On-Time
NEX-101761,2025-07-11,Lagos,Victoria Island Flagship,Mobile App,Consumer Electronics,Dell XPS 15 Laptop,1,1650000,0.1,1485000.0,1320000,165000.0,0,Delivered On-Time
NEX-101762,2025-06-02,Port Harcourt,Trans-Amadi Commercial,In-Store Retail,Consumer Electronics,Galaxy S24 Ultra 512GB,1,1250000,0.0,1250000.0,950000,300000.0,0,Delivered On-Time
NEX-101763,2025-06-30,Lagos,Ikeja Mega-Store,Mobile App,Home Appliances,Digital Microwave Oven 25L,1,115000,0.0,115000.0,85000,30000.0,0,Delivered On-Time
NEX-101764,2025-05-09,Port Harcourt,GRA Phase 2 Store,In-Store Retail,Home Appliances,Digital Microwave Oven 25L,1,115000,0.0,115000.0,85000,30000.0,1,Returned
NEX-101765,2025-07-14,Lagos,Ikeja Mega-Store,Corporate B2B,Computing & Peripherals,Ergonomic Office Chair Pro,1,185000,0.0,185000.0,130000,55000.0,0,Delayed Transit
NEX-101766,2025-06-10,Port Harcourt,GRA Phase 2 Store,In-Store Retail,Computing & Peripherals,1TB NVMe Portable SSD,1,95000,0.05,90250.0,68000,22250.0,0,Delivered On-Time
NEX-101767,2025-07-03,Kano,Bompai Trade Centre,Corporate B2B,Computing & Peripherals,Logitech MX Master 3S Mouse,1,75000,0.05,71250.0,52000,19250.0,0,Delivered On-Time
NEX-101768,2025-07-27,Lagos,Surulere Hub,In-Store Retail,Computing & Peripherals,Ergonomic Office Chair Pro,1,185000,0.15,157250.0,130000,27250.0,0,Delivered On-Time
NEX-101769,2025-07-02,Lagos,Ikeja Mega-Store,In-Store Retail,Computing & Peripherals,Ergonomic Office Chair Pro,1,185000,0.1,166500.0,130000,36500.0,0,Delivered On-Time
NEX-101770,2025-05-27,Port Harcourt,Trans-Amadi Commercial,Web Direct,Consumer Electronics,Dell XPS 15 Laptop,1,1650000,0.0,1650000.0,1320000,330000.0,0,Fulfilled In-Store
NEX-101771,2025-05-22,Kano,Nasarawa Road Branch,In-Store Retail,Home Appliances,Inverter Split AC 1.5HP (AC-902),1,385000,0.1,346500.0,310000,36500.0,0,Delivered On-Time
NEX-101772,2025-05-12,Lagos,Victoria Island Flagship,Web Direct,Computing & Peripherals,27-inch 4K Gaming Monitor,1,310000,0.05,294500.0,235000,59500.0,0,Fulfilled In-Store
NEX-101773,2025-07-09,Ibadan,Ring Road Complex,In-Store Retail,Computing & Peripherals,1TB NVMe Portable SSD,1,95000,0.05,90250.0,68000,22250.0,0,Fulfilled In-Store
NEX-101774,2025-06-27,Kano,Nasarawa Road Branch,In-Store Retail,Home Appliances,Inverter Split AC 1.5HP (AC-902),2,385000,0.05,731500.0,620000,111500.0,0,Returned
NEX-101775,2025-07-24,Abuja,Central Business District Store,Mobile App,Home Appliances,Smart Inverter Washing Machine 8kg,1,345000,0.0,345000.0,270000,75000.0,0,Delivered On-Time
NEX-101776,2025-06-15,Abuja,Wuse 2 Retail,Mobile App,Computing & Peripherals,Logitech MX Master 3S Mouse,4,75000,0.0,300000.0,208000,92000.0,0,Delivered On-Time
NEX-101777,2025-05-08,Port Harcourt,Trans-Amadi Commercial,Web Direct,Home Appliances,Digital Microwave Oven 25L,1,115000,0.05,109250.0,85000,24250.0,0,Delivered On-Time
NEX-101778,2025-05-25,Lagos,Ikeja Mega-Store,In-Store Retail,Home Appliances,Inverter Split AC 1.5HP (AC-902),2,385000,0.05,731500.0,620000,111500.0,0,Delivered On-Time
NEX-101779,2025-07-03,Abuja,Wuse 2 Retail,In-Store Retail,Consumer Electronics,Dell XPS 15 Laptop,1,1650000,0.05,1567500.0,1320000,247500.0,0,Delivered On-Time
NEX-101780,2025-06-20,Abuja,Wuse 2 Retail,Mobile App,Home Appliances,Inverter Split AC 1.5HP (AC-902),1,385000,0.05,365750.0,310000,55750.0,0,Delivered On-Time
NEX-101781,2025-05-12,Port Harcourt,Trans-Amadi Commercial,In-Store Retail,Home Appliances,Inverter Split AC 1.5HP (AC-902),1,385000,0.05,365750.0,310000,55750.0,0,Delivered On-Time
NEX-101782,2025-07-26,Kano,Nasarawa Road Branch,In-Store Retail,Home Appliances,Smart Inverter Washing Machine 8kg,1,345000,0.15,293250.0,270000,23250.0,0,Fulfilled In-Store
NEX-101783,2025-07-24,Abuja,Maitama Galleria,In-Store Retail,Computing & Peripherals,27-inch 4K Gaming Monitor,3,310000,0.15,790500.0,705000,85500.0,0,Delivered On-Time
NEX-101784,2025-07-18,Lagos,Victoria Island Flagship,Web Direct,Computing & Peripherals,Logitech MX Master 3S Mouse,1,75000,0.05,71250.0,52000,19250.0,0,Delivered On-Time
NEX-101785,2025-05-02,Lagos,Lekki Mall Outlet,In-Store Retail,Consumer Electronics,iPhone 15 Pro Max 256GB,5,1450000,0.0,7250000.0,5750000,1500000.0,0,Fulfilled In-Store
NEX-101786,2025-06-22,Lagos,Victoria Island Flagship,In-Store Retail,Computing & Peripherals,Wireless Mechanical Keyboard,1,65000,0.0,65000.0,42000,23000.0,0,Delivered On-Time
NEX-101787,2025-05-06,Kano,Nasarawa Road Branch,Mobile App,Home Appliances,Digital Microwave Oven 25L,1,115000,0.2,92000.0,85000,7000.0,0,Delayed Transit
NEX-101788,2025-05-09,Lagos,Ikeja Mega-Store,In-Store Retail,Consumer Electronics,iPhone 15 Pro Max 256GB,5,1450000,0.0,7250000.0,5750000,1500000.0,0,Returned
NEX-101789,2025-06-01,Lagos,Victoria Island Flagship,Mobile App,Consumer Electronics,Sony WH-1000XM5 Headphones,1,285000,0.0,285000.0,195000,90000.0,0,Fulfilled In-Store
NEX-101790,2025-06-13,Lagos,Victoria Island Flagship,In-Store Retail,Home Appliances,Smart Inverter Washing Machine 8kg,1,345000,0.0,345000.0,270000,75000.0,0,Fulfilled In-Store
NEX-101791,2025-05-03,Kano,Bompai Trade Centre,Mobile App,Home Appliances,Smart Inverter Washing Machine 8kg,1,345000,0.0,345000.0,270000,75000.0,0,Delivered On-Time
NEX-101792,2025-07-23,Lagos,Victoria Island Flagship,Web Direct,Home Appliances,Inverter Split AC 1.5HP (AC-902),2,385000,0.32,522337.9,620000,-97662.1,0,Delivered On-Time
NEX-101793,2025-07-01,Kano,Nasarawa Road Branch,Corporate B2B,Consumer Electronics,MacBook Pro 14 M3,1,1850000,0.05,1757500.0,1480000,277500.0,0,Delivered On-Time
NEX-101794,2025-07-09,Ibadan,Ring Road Complex,Corporate B2B,Home Appliances,Chest Freezer 200L,1,245000,0.0,245000.0,195000,50000.0,0,Delivered On-Time
NEX-101795,2025-05-14,Port Harcourt,Trans-Amadi Commercial,Web Direct,Home Appliances,Digital Microwave Oven 25L,3,115000,0.05,327750.0,255000,72750.0,0,Delivered On-Time
NEX-101796,2025-06-01,Abuja,Wuse 2 Retail,In-Store Retail,Computing & Peripherals,1TB NVMe Portable SSD,1,95000,0.15,80750.0,68000,12750.0,0,Delivered On-Time
NEX-101797,2025-05-12,Lagos,Lekki Mall Outlet,Mobile App,Computing & Peripherals,27-inch 4K Gaming Monitor,1,310000,0.05,294500.0,235000,59500.0,0,Delayed Transit
NEX-101798,2025-05-08,Port Harcourt,Trans-Amadi Commercial,Mobile App,Consumer Electronics,Sony WH-1000XM5 Headphones,3,285000,0.0,855000.0,585000,270000.0,0,Delivered On-Time
NEX-101799,2025-06-24,Abuja,Central Business District Store,In-Store Retail,Computing & Peripherals,1TB NVMe Portable SSD,2,95000,0.05,180500.0,136000,44500.0,0,Delivered On-Time
NEX-101800,2025-06-01,Lagos,Victoria Island Flagship,In-Store Retail,Computing & Peripherals,Ergonomic Office Chair Pro,1,185000,0.05,175750.0,130000,45750.0,0,Delivered On-Time
NEX-101801,2025-05-04,Abuja,Wuse 2 Retail,Web Direct,Consumer Electronics,MacBook Pro 14 M3,1,1850000,0.05,1757500.0,1480000,277500.0,0,Delivered On-Time
NEX-101802,2025-06-18,Ibadan,Bodija Outlet,Corporate B2B,Computing & Peripherals,1TB NVMe Portable SSD,1,95000,0.0,95000.0,68000,27000.0,0,Delivered On-Time
NEX-101803,2025-06-25,Lagos,Ikeja Mega-Store,Corporate B2B,Home Appliances,Smart Inverter Washing Machine 8kg,1,345000,0.0,345000.0,270000,75000.0,0,Delivered On-Time
NEX-101804,2025-05-04,Abuja,Maitama Galleria,Corporate B2B,Consumer Electronics,iPhone 15 Pro Max 256GB,2,1450000,0.1,2610000.0,2300000,310000.0,1,Returned
NEX-101805,2025-06-17,Lagos,Surulere Hub,Corporate B2B,Consumer Electronics,iPhone 15 Pro Max 256GB,2,1450000,0.0,2900000.0,2300000,600000.0,0,Delivered On-Time
NEX-101806,2025-07-20,Lagos,Lekki Mall Outlet,In-Store Retail,Consumer Electronics,Galaxy S24 Ultra 512GB,1,1250000,0.05,1187500.0,950000,237500.0,0,Delivered On-Time
NEX-101807,2025-05-23,Lagos,Victoria Island Flagship,Mobile App,Home Appliances,Digital Microwave Oven 25L,4,115000,0.05,437000.0,340000,97000.0,0,Delivered On-Time
NEX-101808,2025-05-18,Port Harcourt,GRA Phase 2 Store,In-Store Retail,Consumer Electronics,Galaxy S24 Ultra 512GB,1,1250000,0.1,1125000.0,950000,175000.0,0,Delivered On-Time
NEX-101809,2025-07-04,Port Harcourt,Trans-Amadi Commercial,Web Direct,Computing & Peripherals,Logitech MX Master 3S Mouse,5,75000,0.0,375000.0,260000,115000.0,0,Delivered On-Time
NEX-101810,2025-05-14,Abuja,Wuse 2 Retail,Mobile App,Home Appliances,Digital Microwave Oven 25L,5,115000,0.0,575000.0,425000,150000.0,0,Delivered On-Time
NEX-101811,2025-07-16,Kano,Bompai Trade Centre,In-Store Retail,Consumer Electronics,MacBook Pro 14 M3,1,1850000,0.2,1480000.0,1480000,0.0,0,Delivered On-Time
NEX-101812,2025-05-22,Abuja,Maitama Galleria,In-Store Retail,Computing & Peripherals,27-inch 4K Gaming Monitor,3,310000,0.0,930000.0,705000,225000.0,0,Delivered On-Time
NEX-101813,2025-07-01,Lagos,Surulere Hub,In-Store Retail,Computing & Peripherals,Logitech MX Master 3S Mouse,2,75000,0.05,142500.0,104000,38500.0,0,Delivered On-Time
NEX-101814,2025-07-21,Lagos,Lekki Mall Outlet,Mobile App,Consumer Electronics,MacBook Pro 14 M3,1,1850000,0.05,1757500.0,1480000,277500.0,0,Delivered On-Time
NEX-101815,2025-06-11,Kano,Bompai Trade Centre,Corporate B2B,Home Appliances,Inverter Split AC 1.5HP (AC-902),1,385000,0.15,327250.0,310000,17250.0,0,Delayed Transit
NEX-101816,2025-06-06,Abuja,Maitama Galleria,Web Direct,Consumer Electronics,Galaxy S24 Ultra 512GB,1,1250000,0.15,1062500.0,950000,112500.0,0,Delayed Transit
NEX-101817,2025-06-27,Lagos,Surulere Hub,Web Direct,Computing & Peripherals,27-inch 4K Gaming Monitor,1,310000,0.15,263500.0,235000,28500.0,0,Delivered On-Time
NEX-101818,2025-07-25,Lagos,Victoria Island Flagship,In-Store Retail,Consumer Electronics,iPhone 15 Pro Max 256GB,2,1450000,0.05,2755000.0,2300000,455000.0,0,Delivered On-Time
NEX-101819,2025-05-10,Kano,Bompai Trade Centre,Web Direct,Computing & Peripherals,1TB NVMe Portable SSD,1,95000,0.1,85500.0,68000,17500.0,0,Delivered On-Time
NEX-101820,2025-06-01,Port Harcourt,Trans-Amadi Commercial,In-Store Retail,Computing & Peripherals,Wireless Mechanical Keyboard,1,65000,0.05,61750.0,42000,19750.0,0,Delivered On-Time
NEX-101821,2025-07-09,Abuja,Central Business District Store,In-Store Retail,Consumer Electronics,MacBook Pro 14 M3,2,1850000,0.15,3145000.0,2960000,185000.0,1,Returned
NEX-101822,2025-07-29,Port Harcourt,GRA Phase 2 Store,Web Direct,Computing & Peripherals,Logitech MX Master 3S Mouse,1,75000,0.05,71250.0,52000,19250.0,0,Delivered On-Time
NEX-101823,2025-06-24,Lagos,Victoria Island Flagship,In-Store Retail,Home Appliances,Smart Inverter Washing Machine 8kg,1,345000,0.0,345000.0,270000,75000.0,0,Delivered On-Time
NEX-101824,2025-07-08,Kano,Nasarawa Road Branch,In-Store Retail,Computing & Peripherals,Wireless Mechanical Keyboard,1,65000,0.1,58500.0,42000,16500.0,0,Delayed Transit
NEX-101825,2025-07-23,Port Harcourt,Trans-Amadi Commercial,In-Store Retail,Computing & Peripherals,27-inch 4K Gaming Monitor,1,310000,0.05,294500.0,235000,59500.0,0,Delayed Transit
NEX-101826,2025-07-08,Port Harcourt,Trans-Amadi Commercial,Mobile App,Computing & Peripherals,1TB NVMe Portable SSD,2,95000,0.15,161500.0,136000,25500.0,0,Delivered On-Time
NEX-101827,2025-06-09,Ibadan,Bodija Outlet,In-Store Retail,Computing & Peripherals,Wireless Mechanical Keyboard,2,65000,0.0,130000.0,84000,46000.0,0,Delayed Transit
NEX-101828,2025-06-02,Lagos,Ikeja Mega-Store,Corporate B2B,Computing & Peripherals,1TB NVMe Portable SSD,1,95000,0.2,76000.0,68000,8000.0,0,Delivered On-Time
NEX-101829,2025-05-17,Kano,Nasarawa Road Branch,Web Direct,Consumer Electronics,Dell XPS 15 Laptop,1,1650000,0.05,1567500.0,1320000,247500.0,0,Returned
NEX-101830,2025-07-22,Abuja,Maitama Galleria,In-Store Retail,Consumer Electronics,Dell XPS 15 Laptop,1,1650000,0.0,1650000.0,1320000,330000.0,0,Fulfilled In-Store
NEX-101831,2025-07-31,Abuja,Central Business District Store,In-Store Retail,Consumer Electronics,Galaxy S24 Ultra 512GB,2,1250000,0.0,2500000.0,1900000,600000.0,0,Fulfilled In-Store
NEX-101832,2025-05-03,Lagos,Surulere Hub,In-Store Retail,Home Appliances,Inverter Split AC 1.5HP (AC-902),1,385000,0.0,385000.0,310000,75000.0,0,Delivered On-Time
NEX-101833,2025-07-11,Kano,Bompai Trade Centre,Web Direct,Consumer Electronics,Galaxy S24 Ultra 512GB,1,1250000,0.1,1125000.0,950000,175000.0,0,Delivered On-Time
NEX-101834,2025-05-12,Lagos,Victoria Island Flagship,Corporate B2B,Home Appliances,Smart Inverter Washing Machine 8kg,1,345000,0.05,327750.0,270000,57750.0,0,Delivered On-Time
NEX-101835,2025-05-07,Port Harcourt,Trans-Amadi Commercial,In-Store Retail,Computing & Peripherals,Wireless Mechanical Keyboard,1,65000,0.0,65000.0,42000,23000.0,0,Delivered On-Time
NEX-101836,2025-07-26,Port Harcourt,GRA Phase 2 Store,In-Store Retail,Computing & Peripherals,27-inch 4K Gaming Monitor,1,310000,0.1,279000.0,235000,44000.0,0,Delivered On-Time
NEX-101837,2025-06-05,Ibadan,Bodija Outlet,In-Store Retail,Consumer Electronics,MacBook Pro 14 M3,1,1850000,0.05,1757500.0,1480000,277500.0,0,Returned
NEX-101838,2025-07-25,Lagos,Lekki Mall Outlet,In-Store Retail,Consumer Electronics,Sony WH-1000XM5 Headphones,3,285000,0.0,855000.0,585000,270000.0,0,Delivered On-Time
NEX-101839,2025-05-29,Ibadan,Ring Road Complex,Corporate B2B,Computing & Peripherals,Ergonomic Office Chair Pro,1,185000,0.05,175750.0,130000,45750.0,0,Delivered On-Time
NEX-101840,2025-07-19,Abuja,Wuse 2 Retail,Web Direct,Home Appliances,Chest Freezer 200L,2,245000,0.0,490000.0,390000,100000.0,0,Delivered On-Time
NEX-101841,2025-05-19,Lagos,Surulere Hub,In-Store Retail,Computing & Peripherals,Logitech MX Master 3S Mouse,2,75000,0.05,142500.0,104000,38500.0,0,Delivered On-Time
NEX-101842,2025-07-06,Kano,Nasarawa Road Branch,In-Store Retail,Computing & Peripherals,Logitech MX Master 3S Mouse,2,75000,0.0,150000.0,104000,46000.0,1,Returned
NEX-101843,2025-06-24,Lagos,Surulere Hub,Corporate B2B,Computing & Peripherals,Logitech MX Master 3S Mouse,3,75000,0.0,225000.0,156000,69000.0,0,Delivered On-Time
NEX-101844,2025-05-12,Lagos,Lekki Mall Outlet,In-Store Retail,Computing & Peripherals,1TB NVMe Portable SSD,1,95000,0.1,85500.0,68000,17500.0,0,Delivered On-Time
NEX-101845,2025-05-11,Abuja,Central Business District Store,Corporate B2B,Computing & Peripherals,Ergonomic Office Chair Pro,3,185000,0.15,471750.0,390000,81750.0,0,Delivered On-Time
NEX-101846,2025-07-05,Lagos,Ikeja Mega-Store,In-Store Retail,Home Appliances,Smart Inverter Washing Machine 8kg,2,345000,0.35,450503.46,540000,-89496.54,0,Delivered On-Time
NEX-101847,2025-07-17,Lagos,Ikeja Mega-Store,In-Store Retail,Computing & Peripherals,1TB NVMe Portable SSD,1,95000,0.0,95000.0,68000,27000.0,0,Delivered On-Time
NEX-101848,2025-05-18,Lagos,Victoria Island Flagship,In-Store Retail,Computing & Peripherals,Logitech MX Master 3S Mouse,1,75000,0.05,71250.0,52000,19250.0,0,Fulfilled In-Store
NEX-101849,2025-06-03,Port Harcourt,Trans-Amadi Commercial,In-Store Retail,Consumer Electronics,Galaxy S24 Ultra 512GB,2,1250000,0.0,2500000.0,1900000,600000.0,0,Delivered On-Time
NEX-101850,2025-05-06,Lagos,Victoria Island Flagship,In-Store Retail,Computing & Peripherals,Wireless Mechanical Keyboard,1,65000,0.15,55250.0,42000,13250.0,0,Delivered On-Time
NEX-101851,2025-07-13,Lagos,Ikeja Mega-Store,In-Store Retail,Home Appliances,Double Door Refrigerator 320L,3,520000,0.37,983037.69,1230000,-246962.31,0,Returned
NEX-101852,2025-06-28,Lagos,Victoria Island Flagship,In-Store Retail,Home Appliances,Double Door Refrigerator 320L,1,520000,0.15,442000.0,410000,32000.0,0,Fulfilled In-Store
NEX-101853,2025-06-05,Lagos,Ikeja Mega-Store,In-Store Retail,Computing & Peripherals,1TB NVMe Portable SSD,1,95000,0.05,90250.0,68000,22250.0,0,Delivered On-Time
NEX-101854,2025-05-18,Ibadan,Ring Road Complex,In-Store Retail,Computing & Peripherals,Ergonomic Office Chair Pro,1,185000,0.0,185000.0,130000,55000.0,0,Fulfilled In-Store
NEX-101855,2025-07-22,Abuja,Central Business District Store,In-Store Retail,Computing & Peripherals,Ergonomic Office Chair Pro,4,185000,0.05,703000.0,520000,183000.0,0,Fulfilled In-Store
NEX-101856,2025-05-14,Ibadan,Ring Road Complex,In-Store Retail,Home Appliances,Inverter Split AC 1.5HP (AC-902),2,385000,0.0,770000.0,620000,150000.0,0,Fulfilled In-Store
NEX-101857,2025-06-26,Lagos,Victoria Island Flagship,In-Store Retail,Consumer Electronics,Sony WH-1000XM5 Headphones,1,285000,0.0,285000.0,195000,90000.0,0,Delivered On-Time
NEX-101858,2025-07-01,Lagos,Ikeja Mega-Store,Corporate B2B,Computing & Peripherals,Ergonomic Office Chair Pro,1,185000,0.0,185000.0,130000,55000.0,0,Fulfilled In-Store
NEX-101859,2025-05-19,Port Harcourt,Trans-Amadi Commercial,In-Store Retail,Computing & Peripherals,1TB NVMe Portable SSD,1,95000,0.15,80750.0,68000,12750.0,0,Delivered On-Time
NEX-101860,2025-06-05,Ibadan,Ring Road Complex,In-Store Retail,Computing & Peripherals,27-inch 4K Gaming Monitor,4,310000,0.1,1116000.0,940000,176000.0,0,Delivered On-Time
NEX-101861,2025-06-30,Lagos,Lekki Mall Outlet,Corporate B2B,Consumer Electronics,iPhone 15 Pro Max 256GB,3,1450000,0.1,3915000.0,3450000,465000.0,0,Delivered On-Time
NEX-101862,2025-05-06,Lagos,Surulere Hub,In-Store Retail,Consumer Electronics,Galaxy S24 Ultra 512GB,1,1250000,0.0,1250000.0,950000,300000.0,0,Fulfilled In-Store
NEX-101863,2025-06-16,Lagos,Victoria Island Flagship,In-Store Retail,Consumer Electronics,Sony WH-1000XM5 Headphones,1,285000,0.0,285000.0,195000,90000.0,0,Delivered On-Time
NEX-101864,2025-05-05,Port Harcourt,Trans-Amadi Commercial,In-Store Retail,Computing & Peripherals,Wireless Mechanical Keyboard,5,65000,0.2,260000.0,210000,50000.0,0,Fulfilled In-Store
NEX-101865,2025-07-04,Lagos,Lekki Mall Outlet,Mobile App,Home Appliances,Double Door Refrigerator 320L,1,520000,0.38,323367.34,410000,-86632.66,0,Returned
NEX-101866,2025-06-08,Lagos,Victoria Island Flagship,Web Direct,Home Appliances,Smart Inverter Washing Machine 8kg,1,345000,0.1,310500.0,270000,40500.0,0,Delayed Transit
NEX-101867,2025-06-20,Lagos,Lekki Mall Outlet,In-Store Retail,Home Appliances,Digital Microwave Oven 25L,1,115000,0.05,109250.0,85000,24250.0,0,Delivered On-Time
NEX-101868,2025-05-05,Abuja,Maitama Galleria,Mobile App,Home Appliances,Inverter Split AC 1.5HP (AC-902),1,385000,0.05,365750.0,310000,55750.0,0,Delivered On-Time
NEX-101869,2025-07-16,Lagos,Victoria Island Flagship,In-Store Retail,Consumer Electronics,Galaxy S24 Ultra 512GB,1,1250000,0.05,1187500.0,950000,237500.0,0,Delayed Transit
NEX-101870,2025-07-27,Lagos,Lekki Mall Outlet,Corporate B2B,Computing & Peripherals,Logitech MX Master 3S Mouse,1,75000,0.0,75000.0,52000,23000.0,0,Delivered On-Time
NEX-101871,2025-05-04,Lagos,Lekki Mall Outlet,Mobile App,Home Appliances,Smart Inverter Washing Machine 8kg,1,345000,0.0,345000.0,270000,75000.0,0,Delivered On-Time
NEX-101872,2025-05-11,Abuja,Central Business District Store,In-Store Retail,Home Appliances,Chest Freezer 200L,1,245000,0.2,196000.0,195000,1000.0,1,Returned
NEX-101873,2025-07-29,Kano,Nasarawa Road Branch,In-Store Retail,Home Appliances,Double Door Refrigerator 320L,2,520000,0.15,884000.0,820000,64000.0,0,Delivered On-Time
NEX-101874,2025-07-23,Abuja,Wuse 2 Retail,In-Store Retail,Computing & Peripherals,1TB NVMe Portable SSD,1,95000,0.0,95000.0,68000,27000.0,0,Fulfilled In-Store
NEX-101875,2025-05-13,Port Harcourt,GRA Phase 2 Store,Corporate B2B,Home Appliances,Chest Freezer 200L,1,245000,0.15,208250.0,195000,13250.0,0,Delivered On-Time
NEX-101876,2025-06-16,Abuja,Central Business District Store,Web Direct,Consumer Electronics,Galaxy S24 Ultra 512GB,1,1250000,0.0,1250000.0,950000,300000.0,0,Delayed Transit
NEX-101877,2025-06-08,Port Harcourt,GRA Phase 2 Store,In-Store Retail,Computing & Peripherals,27-inch 4K Gaming Monitor,1,310000,0.0,310000.0,235000,75000.0,0,Fulfilled In-Store
NEX-101878,2025-06-24,Lagos,Lekki Mall Outlet,In-Store Retail,Computing & Peripherals,Ergonomic Office Chair Pro,1,185000,0.15,157250.0,130000,27250.0,0,Returned
NEX-101879,2025-06-13,Kano,Nasarawa Road Branch,Mobile App,Home Appliances,Smart Inverter Washing Machine 8kg,2,345000,0.0,690000.0,540000,150000.0,0,Delivered On-Time
NEX-101880,2025-05-19,Lagos,Surulere Hub,In-Store Retail,Consumer Electronics,Sony WH-1000XM5 Headphones,4,285000,0.05,1083000.0,780000,303000.0,0,Delayed Transit
NEX-101881,2025-06-20,Abuja,Wuse 2 Retail,In-Store Retail,Computing & Peripherals,Logitech MX Master 3S Mouse,2,75000,0.05,142500.0,104000,38500.0,0,Delayed Transit
NEX-101882,2025-05-31,Ibadan,Bodija Outlet,Web Direct,Consumer Electronics,iPhone 15 Pro Max 256GB,1,1450000,0.05,1377500.0,1150000,227500.0,0,Delivered On-Time
NEX-101883,2025-06-17,Kano,Nasarawa Road Branch,In-Store Retail,Home Appliances,Digital Microwave Oven 25L,1,115000,0.1,103500.0,85000,18500.0,0,Delivered On-Time
NEX-101884,2025-05-28,Lagos,Lekki Mall Outlet,Corporate B2B,Consumer Electronics,Sony WH-1000XM5 Headphones,1,285000,0.0,285000.0,195000,90000.0,0,Fulfilled In-Store
NEX-101885,2025-05-24,Lagos,Surulere Hub,Web Direct,Consumer Electronics,Dell XPS 15 Laptop,1,1650000,0.0,1650000.0,1320000,330000.0,0,Delayed Transit
NEX-101886,2025-05-20,Lagos,Victoria Island Flagship,In-Store Retail,Consumer Electronics,Galaxy S24 Ultra 512GB,1,1250000,0.1,1125000.0,950000,175000.0,0,Delayed Transit
NEX-101887,2025-06-23,Port Harcourt,GRA Phase 2 Store,In-Store Retail,Consumer Electronics,Dell XPS 15 Laptop,1,1650000,0.0,1650000.0,1320000,330000.0,0,Delivered On-Time
NEX-101888,2025-05-15,Lagos,Surulere Hub,In-Store Retail,Consumer Electronics,Dell XPS 15 Laptop,3,1650000,0.0,4950000.0,3960000,990000.0,0,Returned
NEX-101889,2025-06-28,Lagos,Surulere Hub,In-Store Retail,Computing & Peripherals,Wireless Mechanical Keyboard,1,65000,0.05,61750.0,42000,19750.0,0,Delivered On-Time
NEX-101890,2025-05-22,Lagos,Victoria Island Flagship,Mobile App,Consumer Electronics,Sony WH-1000XM5 Headphones,1,285000,0.15,242250.0,195000,47250.0,0,Fulfilled In-Store
NEX-101891,2025-05-19,Abuja,Maitama Galleria,Web Direct,Consumer Electronics,MacBook Pro 14 M3,1,1850000,0.05,1757500.0,1480000,277500.0,1,Returned
NEX-101892,2025-05-01,Kano,Nasarawa Road Branch,In-Store Retail,Home Appliances,Double Door Refrigerator 320L,1,520000,0.1,468000.0,410000,58000.0,1,Returned
NEX-101893,2025-07-29,Ibadan,Ring Road Complex,Web Direct,Computing & Peripherals,Wireless Mechanical Keyboard,1,65000,0.15,55250.0,42000,13250.0,0,Delivered On-Time
NEX-101894,2025-07-13,Kano,Nasarawa Road Branch,Web Direct,Computing & Peripherals,27-inch 4K Gaming Monitor,1,310000,0.1,279000.0,235000,44000.0,0,Delivered On-Time
NEX-101895,2025-06-17,Lagos,Ikeja Mega-Store,Web Direct,Home Appliances,Chest Freezer 200L,2,245000,0.05,465500.0,390000,75500.0,0,Delayed Transit
NEX-101896,2025-05-13,Lagos,Ikeja Mega-Store,Web Direct,Home Appliances,Double Door Refrigerator 320L,1,520000,0.1,468000.0,410000,58000.0,0,Fulfilled In-Store
NEX-101897,2025-05-09,Abuja,Maitama Galleria,Web Direct,Consumer Electronics,Dell XPS 15 Laptop,3,1650000,0.05,4702500.0,3960000,742500.0,0,Delivered On-Time
NEX-101898,2025-06-12,Ibadan,Bodija Outlet,Corporate B2B,Computing & Peripherals,27-inch 4K Gaming Monitor,5,310000,0.0,1550000.0,1175000,375000.0,0,Delivered On-Time
NEX-101899,2025-05-01,Lagos,Victoria Island Flagship,Web Direct,Computing & Peripherals,Wireless Mechanical Keyboard,1,65000,0.1,58500.0,42000,16500.0,0,Delayed Transit
NEX-101900,2025-05-20,Lagos,Ikeja Mega-Store,In-Store Retail,Home Appliances,Smart Inverter Washing Machine 8kg,1,345000,0.1,310500.0,270000,40500.0,0,Fulfilled In-Store
NEX-101901,2025-05-15,Lagos,Lekki Mall Outlet,Web Direct,Computing & Peripherals,Wireless Mechanical Keyboard,2,65000,0.05,123500.0,84000,39500.0,0,Delayed Transit
NEX-101902,2025-05-17,Lagos,Victoria Island Flagship,Mobile App,Home Appliances,Double Door Refrigerator 320L,1,520000,0.0,520000.0,410000,110000.0,0,Delivered On-Time
NEX-101903,2025-05-17,Abuja,Central Business District Store,In-Store Retail,Computing & Peripherals,Wireless Mechanical Keyboard,1,65000,0.1,58500.0,42000,16500.0,0,Delivered On-Time
NEX-101904,2025-06-12,Kano,Bompai Trade Centre,In-Store Retail,Consumer Electronics,Galaxy S24 Ultra 512GB,1,1250000,0.1,1125000.0,950000,175000.0,0,Fulfilled In-Store
NEX-101905,2025-05-30,Ibadan,Bodija Outlet,In-Store Retail,Home Appliances,Digital Microwave Oven 25L,3,115000,0.0,345000.0,255000,90000.0,0,Delivered On-Time
NEX-101906,2025-05-10,Abuja,Wuse 2 Retail,In-Store Retail,Computing & Peripherals,27-inch 4K Gaming Monitor,1,310000,0.15,263500.0,235000,28500.0,0,Delayed Transit
NEX-101907,2025-06-30,Lagos,Ikeja Mega-Store,Corporate B2B,Consumer Electronics,Dell XPS 15 Laptop,2,1650000,0.05,3135000.0,2640000,495000.0,0,Fulfilled In-Store
NEX-101908,2025-06-03,Lagos,Lekki Mall Outlet,In-Store Retail,Home Appliances,Digital Microwave Oven 25L,1,115000,0.05,109250.0,85000,24250.0,0,Delivered On-Time
NEX-101909,2025-05-16,Lagos,Ikeja Mega-Store,Web Direct,Home Appliances,Digital Microwave Oven 25L,1,115000,0.0,115000.0,85000,30000.0,0,Fulfilled In-Store
NEX-101910,2025-06-20,Abuja,Central Business District Store,In-Store Retail,Computing & Peripherals,Logitech MX Master 3S Mouse,3,75000,0.0,225000.0,156000,69000.0,0,Delivered On-Time
NEX-101911,2025-06-16,Lagos,Lekki Mall Outlet,Corporate B2B,Home Appliances,Smart Inverter Washing Machine 8kg,1,345000,0.0,345000.0,270000,75000.0,0,Returned
NEX-101912,2025-07-27,Lagos,Victoria Island Flagship,Web Direct,Computing & Peripherals,Logitech MX Master 3S Mouse,1,75000,0.0,75000.0,52000,23000.0,0,Delivered On-Time
NEX-101913,2025-05-25,Lagos,Victoria Island Flagship,In-Store Retail,Home Appliances,Inverter Split AC 1.5HP (AC-902),1,385000,0.2,308000.0,310000,-2000.0,0,Fulfilled In-Store
NEX-101914,2025-07-25,Lagos,Lekki Mall Outlet,Mobile App,Computing & Peripherals,Ergonomic Office Chair Pro,1,185000,0.0,185000.0,130000,55000.0,0,Fulfilled In-Store
NEX-101915,2025-07-21,Kano,Nasarawa Road Branch,Web Direct,Home Appliances,Chest Freezer 200L,4,245000,0.05,931000.0,780000,151000.0,0,Fulfilled In-Store
NEX-101916,2025-05-19,Abuja,Wuse 2 Retail,In-Store Retail,Computing & Peripherals,27-inch 4K Gaming Monitor,1,310000,0.05,294500.0,235000,59500.0,0,Delivered On-Time
NEX-101917,2025-07-11,Lagos,Victoria Island Flagship,Corporate B2B,Computing & Peripherals,Ergonomic Office Chair Pro,3,185000,0.2,444000.0,390000,54000.0,0,Delivered On-Time
NEX-101918,2025-05-08,Lagos,Victoria Island Flagship,In-Store Retail,Home Appliances,Double Door Refrigerator 320L,3,520000,0.0,1560000.0,1230000,330000.0,0,Delivered On-Time
NEX-101919,2025-07-30,Port Harcourt,Trans-Amadi Commercial,In-Store Retail,Home Appliances,Smart Inverter Washing Machine 8kg,1,345000,0.05,327750.0,270000,57750.0,0,Fulfilled In-Store
NEX-101920,2025-07-12,Abuja,Maitama Galleria,In-Store Retail,Home Appliances,Digital Microwave Oven 25L,1,115000,0.15,97750.0,85000,12750.0,0,Delivered On-Time
NEX-101921,2025-07-21,Lagos,Victoria Island Flagship,In-Store Retail,Consumer Electronics,Sony WH-1000XM5 Headphones,1,285000,0.05,270750.0,195000,75750.0,0,Delivered On-Time
NEX-101922,2025-07-16,Port Harcourt,Trans-Amadi Commercial,Mobile App,Consumer Electronics,Sony WH-1000XM5 Headphones,1,285000,0.0,285000.0,195000,90000.0,0,Delivered On-Time
NEX-101923,2025-06-17,Lagos,Ikeja Mega-Store,Web Direct,Computing & Peripherals,Ergonomic Office Chair Pro,1,185000,0.1,166500.0,130000,36500.0,0,Delivered On-Time
NEX-101924,2025-05-19,Lagos,Lekki Mall Outlet,Web Direct,Home Appliances,Smart Inverter Washing Machine 8kg,2,345000,0.0,690000.0,540000,150000.0,0,Delivered On-Time
NEX-101925,2025-06-28,Kano,Bompai Trade Centre,In-Store Retail,Home Appliances,Chest Freezer 200L,5,245000,0.0,1225000.0,975000,250000.0,0,Fulfilled In-Store
NEX-101926,2025-06-06,Lagos,Lekki Mall Outlet,Web Direct,Computing & Peripherals,Wireless Mechanical Keyboard,1,65000,0.15,55250.0,42000,13250.0,0,Fulfilled In-Store
NEX-101927,2025-06-08,Port Harcourt,Trans-Amadi Commercial,In-Store Retail,Consumer Electronics,Sony WH-1000XM5 Headphones,1,285000,0.0,285000.0,195000,90000.0,0,Delivered On-Time
NEX-101928,2025-07-27,Kano,Nasarawa Road Branch,Web Direct,Computing & Peripherals,27-inch 4K Gaming Monitor,1,310000,0.05,294500.0,235000,59500.0,0,Delivered On-Time
NEX-101929,2025-05-16,Lagos,Surulere Hub,In-Store Retail,Computing & Peripherals,Ergonomic Office Chair Pro,1,185000,0.0,185000.0,130000,55000.0,0,Delayed Transit
NEX-101930,2025-05-23,Lagos,Surulere Hub,In-Store Retail,Computing & Peripherals,Logitech MX Master 3S Mouse,1,75000,0.05,71250.0,52000,19250.0,0,Delivered On-Time
NEX-101931,2025-07-22,Ibadan,Ring Road Complex,Web Direct,Home Appliances,Smart Inverter Washing Machine 8kg,2,345000,0.1,621000.0,540000,81000.0,0,Delivered On-Time
NEX-101932,2025-06-27,Lagos,Surulere Hub,In-Store Retail,Home Appliances,Digital Microwave Oven 25L,1,115000,0.05,109250.0,85000,24250.0,0,Fulfilled In-Store
NEX-101933,2025-07-22,Port Harcourt,Trans-Amadi Commercial,Corporate B2B,Home Appliances,Chest Freezer 200L,1,245000,0.15,208250.0,195000,13250.0,0,Delayed Transit
NEX-101934,2025-07-24,Ibadan,Ring Road Complex,In-Store Retail,Consumer Electronics,Sony WH-1000XM5 Headphones,2,285000,0.0,570000.0,390000,180000.0,0,Delivered On-Time
NEX-101935,2025-06-10,Abuja,Central Business District Store,In-Store Retail,Consumer Electronics,Dell XPS 15 Laptop,1,1650000,0.2,1320000.0,1320000,0.0,0,Delivered On-Time
NEX-101936,2025-05-28,Port Harcourt,GRA Phase 2 Store,In-Store Retail,Consumer Electronics,Galaxy S24 Ultra 512GB,1,1250000,0.0,1250000.0,950000,300000.0,0,Delivered On-Time
NEX-101937,2025-05-20,Abuja,Maitama Galleria,In-Store Retail,Computing & Peripherals,27-inch 4K Gaming Monitor,1,310000,0.0,310000.0,235000,75000.0,0,Fulfilled In-Store
NEX-101938,2025-06-01,Lagos,Lekki Mall Outlet,Mobile App,Home Appliances,Double Door Refrigerator 320L,3,520000,0.0,1560000.0,1230000,330000.0,0,Delayed Transit
NEX-101939,2025-06-26,Lagos,Victoria Island Flagship,Corporate B2B,Computing & Peripherals,1TB NVMe Portable SSD,1,95000,0.0,95000.0,68000,27000.0,0,Delayed Transit
NEX-101940,2025-05-29,Port Harcourt,GRA Phase 2 Store,In-Store Retail,Home Appliances,Digital Microwave Oven 25L,1,115000,0.0,115000.0,85000,30000.0,1,Returned
NEX-101941,2025-05-07,Abuja,Maitama Galleria,In-Store Retail,Consumer Electronics,Sony WH-1000XM5 Headphones,1,285000,0.1,256500.0,195000,61500.0,0,Delivered On-Time
NEX-101942,2025-05-21,Port Harcourt,GRA Phase 2 Store,In-Store Retail,Consumer Electronics,Galaxy S24 Ultra 512GB,1,1250000,0.0,1250000.0,950000,300000.0,0,Delayed Transit
NEX-101943,2025-07-10,Lagos,Victoria Island Flagship,Web Direct,Home Appliances,Digital Microwave Oven 25L,3,115000,0.36,222109.44,255000,-32890.56,0,Delivered On-Time
NEX-101944,2025-06-21,Abuja,Maitama Galleria,In-Store Retail,Home Appliances,Double Door Refrigerator 320L,1,520000,0.2,416000.0,410000,6000.0,0,Returned
NEX-101945,2025-05-20,Lagos,Victoria Island Flagship,Mobile App,Computing & Peripherals,27-inch 4K Gaming Monitor,1,310000,0.1,279000.0,235000,44000.0,0,Returned
NEX-101946,2025-06-14,Abuja,Wuse 2 Retail,Corporate B2B,Computing & Peripherals,Wireless Mechanical Keyboard,2,65000,0.05,123500.0,84000,39500.0,0,Fulfilled In-Store
NEX-101947,2025-05-23,Port Harcourt,Trans-Amadi Commercial,In-Store Retail,Home Appliances,Double Door Refrigerator 320L,2,520000,0.05,988000.0,820000,168000.0,0,Delivered On-Time
NEX-101948,2025-07-23,Lagos,Surulere Hub,In-Store Retail,Computing & Peripherals,Logitech MX Master 3S Mouse,2,75000,0.0,150000.0,104000,46000.0,0,Delivered On-Time
NEX-101949,2025-05-08,Lagos,Surulere Hub,In-Store Retail,Consumer Electronics,Galaxy S24 Ultra 512GB,1,1250000,0.0,1250000.0,950000,300000.0,0,Fulfilled In-Store
NEX-101950,2025-05-16,Abuja,Maitama Galleria,In-Store Retail,Computing & Peripherals,27-inch 4K Gaming Monitor,1,310000,0.0,310000.0,235000,75000.0,0,Delivered On-Time
NEX-101951,2025-06-06,Abuja,Central Business District Store,Web Direct,Computing & Peripherals,Logitech MX Master 3S Mouse,1,75000,0.0,75000.0,52000,23000.0,0,Delivered On-Time
NEX-101952,2025-06-30,Lagos,Lekki Mall Outlet,In-Store Retail,Consumer Electronics,iPhone 15 Pro Max 256GB,3,1450000,0.05,4132500.0,3450000,682500.0,0,Delivered On-Time
NEX-101953,2025-06-04,Lagos,Lekki Mall Outlet,In-Store Retail,Home Appliances,Inverter Split AC 1.5HP (AC-902),1,385000,0.05,365750.0,310000,55750.0,0,Delivered On-Time
NEX-101954,2025-05-28,Abuja,Maitama Galleria,Web Direct,Home Appliances,Double Door Refrigerator 320L,1,520000,0.1,468000.0,410000,58000.0,0,Delivered On-Time
NEX-101955,2025-05-22,Lagos,Victoria Island Flagship,Web Direct,Consumer Electronics,Dell XPS 15 Laptop,2,1650000,0.05,3135000.0,2640000,495000.0,0,Delayed Transit
NEX-101956,2025-05-20,Lagos,Victoria Island Flagship,Web Direct,Computing & Peripherals,Logitech MX Master 3S Mouse,3,75000,0.05,213750.0,156000,57750.0,0,Delivered On-Time
NEX-101957,2025-06-28,Lagos,Surulere Hub,In-Store Retail,Consumer Electronics,Sony WH-1000XM5 Headphones,1,285000,0.05,270750.0,195000,75750.0,0,Delayed Transit
NEX-101958,2025-05-24,Lagos,Surulere Hub,Web Direct,Consumer Electronics,Sony WH-1000XM5 Headphones,4,285000,0.05,1083000.0,780000,303000.0,0,Delivered On-Time
NEX-101959,2025-06-30,Abuja,Maitama Galleria,In-Store Retail,Computing & Peripherals,Wireless Mechanical Keyboard,3,65000,0.05,185250.0,126000,59250.0,0,Delayed Transit
NEX-101960,2025-06-09,Lagos,Ikeja Mega-Store,Web Direct,Home Appliances,Smart Inverter Washing Machine 8kg,1,345000,0.0,345000.0,270000,75000.0,0,Delayed Transit
NEX-101961,2025-07-14,Abuja,Central Business District Store,In-Store Retail,Consumer Electronics,Galaxy S24 Ultra 512GB,1,1250000,0.05,1187500.0,950000,237500.0,0,Delivered On-Time
NEX-101962,2025-06-14,Abuja,Maitama Galleria,In-Store Retail,Home Appliances,Chest Freezer 200L,1,245000,0.1,220500.0,195000,25500.0,0,Delivered On-Time
NEX-101963,2025-05-07,Lagos,Surulere Hub,Mobile App,Home Appliances,Digital Microwave Oven 25L,1,115000,0.05,109250.0,85000,24250.0,0,Delivered On-Time
NEX-101964,2025-06-08,Abuja,Wuse 2 Retail,In-Store Retail,Home Appliances,Inverter Split AC 1.5HP (AC-902),1,385000,0.0,385000.0,310000,75000.0,0,Delivered On-Time
NEX-101965,2025-05-05,Lagos,Lekki Mall Outlet,In-Store Retail,Home Appliances,Double Door Refrigerator 320L,1,520000,0.05,494000.0,410000,84000.0,0,Delivered On-Time
NEX-101966,2025-06-19,Ibadan,Bodija Outlet,Web Direct,Home Appliances,Digital Microwave Oven 25L,1,115000,0.15,97750.0,85000,12750.0,0,Delivered On-Time
NEX-101967,2025-07-12,Abuja,Central Business District Store,In-Store Retail,Consumer Electronics,MacBook Pro 14 M3,1,1850000,0.1,1665000.0,1480000,185000.0,0,Delivered On-Time
NEX-101968,2025-05-21,Abuja,Maitama Galleria,In-Store Retail,Consumer Electronics,Sony WH-1000XM5 Headphones,1,285000,0.2,228000.0,195000,33000.0,0,Delayed Transit
NEX-101969,2025-07-07,Abuja,Wuse 2 Retail,Corporate B2B,Home Appliances,Chest Freezer 200L,1,245000,0.15,208250.0,195000,13250.0,0,Delivered On-Time
NEX-101970,2025-06-08,Ibadan,Bodija Outlet,Corporate B2B,Home Appliances,Double Door Refrigerator 320L,1,520000,0.0,520000.0,410000,110000.0,0,Fulfilled In-Store
NEX-101971,2025-07-18,Lagos,Victoria Island Flagship,Corporate B2B,Consumer Electronics,MacBook Pro 14 M3,1,1850000,0.05,1757500.0,1480000,277500.0,0,Fulfilled In-Store
NEX-101972,2025-06-22,Lagos,Victoria Island Flagship,In-Store Retail,Consumer Electronics,Dell XPS 15 Laptop,1,1650000,0.0,1650000.0,1320000,330000.0,0,Delivered On-Time
NEX-101973,2025-05-28,Ibadan,Bodija Outlet,In-Store Retail,Consumer Electronics,Galaxy S24 Ultra 512GB,4,1250000,0.2,4000000.0,3800000,200000.0,0,Delivered On-Time
NEX-101974,2025-05-08,Abuja,Central Business District Store,Corporate B2B,Consumer Electronics,Sony WH-1000XM5 Headphones,1,285000,0.15,242250.0,195000,47250.0,0,Delivered On-Time
NEX-101975,2025-07-20,Port Harcourt,Trans-Amadi Commercial,In-Store Retail,Home Appliances,Chest Freezer 200L,1,245000,0.1,220500.0,195000,25500.0,1,Returned
NEX-101976,2025-06-08,Lagos,Surulere Hub,Corporate B2B,Home Appliances,Inverter Split AC 1.5HP (AC-902),1,385000,0.05,365750.0,310000,55750.0,0,Fulfilled In-Store
NEX-101977,2025-05-19,Kano,Bompai Trade Centre,In-Store Retail,Consumer Electronics,iPhone 15 Pro Max 256GB,2,1450000,0.05,2755000.0,2300000,455000.0,0,Fulfilled In-Store
NEX-101978,2025-07-07,Port Harcourt,Trans-Amadi Commercial,In-Store Retail,Computing & Peripherals,Ergonomic Office Chair Pro,1,185000,0.1,166500.0,130000,36500.0,0,Delivered On-Time
NEX-101979,2025-06-25,Ibadan,Ring Road Complex,Mobile App,Computing & Peripherals,Wireless Mechanical Keyboard,3,65000,0.0,195000.0,126000,69000.0,0,Delivered On-Time
NEX-101980,2025-06-03,Abuja,Maitama Galleria,In-Store Retail,Consumer Electronics,Galaxy S24 Ultra 512GB,1,1250000,0.05,1187500.0,950000,237500.0,0,Fulfilled In-Store
NEX-101981,2025-06-07,Kano,Nasarawa Road Branch,Corporate B2B,Consumer Electronics,iPhone 15 Pro Max 256GB,1,1450000,0.0,1450000.0,1150000,300000.0,0,Delivered On-Time
NEX-101982,2025-06-03,Lagos,Ikeja Mega-Store,In-Store Retail,Consumer Electronics,Sony WH-1000XM5 Headphones,2,285000,0.0,570000.0,390000,180000.0,0,Delayed Transit
NEX-101983,2025-07-24,Lagos,Ikeja Mega-Store,In-Store Retail,Computing & Peripherals,Ergonomic Office Chair Pro,2,185000,0.15,314500.0,260000,54500.0,0,Delivered On-Time
NEX-101984,2025-07-14,Ibadan,Ring Road Complex,Corporate B2B,Computing & Peripherals,27-inch 4K Gaming Monitor,1,310000,0.2,248000.0,235000,13000.0,0,Delivered On-Time
NEX-101985,2025-06-29,Lagos,Ikeja Mega-Store,In-Store Retail,Home Appliances,Inverter Split AC 1.5HP (AC-902),1,385000,0.05,365750.0,310000,55750.0,0,Delivered On-Time
NEX-101986,2025-05-07,Lagos,Lekki Mall Outlet,In-Store Retail,Home Appliances,Double Door Refrigerator 320L,1,520000,0.0,520000.0,410000,110000.0,0,Fulfilled In-Store
NEX-101987,2025-05-21,Lagos,Victoria Island Flagship,Web Direct,Consumer Electronics,Dell XPS 15 Laptop,2,1650000,0.0,3300000.0,2640000,660000.0,1,Returned
NEX-101988,2025-07-13,Ibadan,Ring Road Complex,In-Store Retail,Consumer Electronics,iPhone 15 Pro Max 256GB,1,1450000,0.0,1450000.0,1150000,300000.0,0,Delivered On-Time
NEX-101989,2025-07-28,Lagos,Surulere Hub,Corporate B2B,Home Appliances,Inverter Split AC 1.5HP (AC-902),1,385000,0.32,260765.58,310000,-49234.42,0,Delayed Transit
NEX-101990,2025-06-14,Port Harcourt,Trans-Amadi Commercial,In-Store Retail,Computing & Peripherals,27-inch 4K Gaming Monitor,1,310000,0.05,294500.0,235000,59500.0,0,Delivered On-Time
NEX-101991,2025-05-23,Kano,Bompai Trade Centre,Corporate B2B,Consumer Electronics,iPhone 15 Pro Max 256GB,1,1450000,0.0,1450000.0,1150000,300000.0,0,Fulfilled In-Store
NEX-101992,2025-05-06,Lagos,Lekki Mall Outlet,In-Store Retail,Computing & Peripherals,27-inch 4K Gaming Monitor,1,310000,0.1,279000.0,235000,44000.0,0,Delayed Transit
NEX-101993,2025-05-17,Lagos,Lekki Mall Outlet,In-Store Retail,Computing & Peripherals,Logitech MX Master 3S Mouse,3,75000,0.0,225000.0,156000,69000.0,0,Delivered On-Time
NEX-101994,2025-05-14,Port Harcourt,Trans-Amadi Commercial,Web Direct,Computing & Peripherals,Logitech MX Master 3S Mouse,1,75000,0.0,75000.0,52000,23000.0,0,Fulfilled In-Store
NEX-101995,2025-07-16,Ibadan,Ring Road Complex,Mobile App,Consumer Electronics,Sony WH-1000XM5 Headphones,1,285000,0.05,270750.0,195000,75750.0,0,Fulfilled In-Store
NEX-101996,2025-05-20,Port Harcourt,Trans-Amadi Commercial,Web Direct,Home Appliances,Chest Freezer 200L,2,245000,0.0,490000.0,390000,100000.0,0,Delivered On-Time
NEX-101997,2025-07-14,Port Harcourt,Trans-Amadi Commercial,In-Store Retail,Computing & Peripherals,Ergonomic Office Chair Pro,2,185000,0.15,314500.0,260000,54500.0,0,Delivered On-Time
NEX-101998,2025-06-01,Abuja,Wuse 2 Retail,In-Store Retail,Computing & Peripherals,27-inch 4K Gaming Monitor,2,310000,0.0,620000.0,470000,150000.0,0,Returned
NEX-101999,2025-05-16,Abuja,Wuse 2 Retail,In-Store Retail,Computing & Peripherals,Ergonomic Office Chair Pro,5,185000,0.05,878750.0,650000,228750.0,0,Delayed Transit
NEX-102000,2025-05-07,Abuja,Central Business District Store,In-Store Retail,Consumer Electronics,Sony WH-1000XM5 Headphones,1,285000,0.0,285000.0,195000,90000.0,0,Delivered On-Time
NEX-102001,2025-05-20,Lagos,Lekki Mall Outlet,Web Direct,Consumer Electronics,Dell XPS 15 Laptop,1,1650000,0.15,1402500.0,1320000,82500.0,0,Delivered On-Time
NEX-102002,2025-05-23,Lagos,Surulere Hub,Mobile App,Computing & Peripherals,Ergonomic Office Chair Pro,1,185000,0.05,175750.0,130000,45750.0,0,Delivered On-Time
NEX-102003,2025-06-07,Lagos,Ikeja Mega-Store,In-Store Retail,Home Appliances,Smart Inverter Washing Machine 8kg,1,345000,0.0,345000.0,270000,75000.0,0,Delivered On-Time
NEX-102004,2025-05-25,Kano,Nasarawa Road Branch,Web Direct,Consumer Electronics,iPhone 15 Pro Max 256GB,4,1450000,0.0,5800000.0,4600000,1200000.0,0,Fulfilled In-Store
NEX-102005,2025-05-03,Lagos,Surulere Hub,Web Direct,Computing & Peripherals,Ergonomic Office Chair Pro,1,185000,0.05,175750.0,130000,45750.0,0,Delivered On-Time
NEX-102006,2025-06-17,Abuja,Maitama Galleria,Corporate B2B,Computing & Peripherals,Ergonomic Office Chair Pro,1,185000,0.1,166500.0,130000,36500.0,0,Fulfilled In-Store
NEX-102007,2025-06-27,Abuja,Wuse 2 Retail,Web Direct,Consumer Electronics,Sony WH-1000XM5 Headphones,1,285000,0.05,270750.0,195000,75750.0,0,Fulfilled In-Store
NEX-102008,2025-06-10,Lagos,Lekki Mall Outlet,In-Store Retail,Home Appliances,Digital Microwave Oven 25L,1,115000,0.0,115000.0,85000,30000.0,0,Delivered On-Time
NEX-102009,2025-05-03,Lagos,Surulere Hub,In-Store Retail,Consumer Electronics,iPhone 15 Pro Max 256GB,2,1450000,0.0,2900000.0,2300000,600000.0,0,Delivered On-Time
NEX-102010,2025-05-21,Lagos,Lekki Mall Outlet,In-Store Retail,Home Appliances,Digital Microwave Oven 25L,1,115000,0.0,115000.0,85000,30000.0,0,Fulfilled In-Store
NEX-102011,2025-07-29,Abuja,Central Business District Store,In-Store Retail,Home Appliances,Double Door Refrigerator 320L,1,520000,0.0,520000.0,410000,110000.0,0,Delivered On-Time
NEX-102012,2025-05-24,Lagos,Surulere Hub,In-Store Retail,Computing & Peripherals,Ergonomic Office Chair Pro,1,185000,0.0,185000.0,130000,55000.0,0,Delivered On-Time
NEX-102013,2025-05-25,Lagos,Ikeja Mega-Store,In-Store Retail,Computing & Peripherals,27-inch 4K Gaming Monitor,1,310000,0.05,294500.0,235000,59500.0,0,Delivered On-Time
NEX-102014,2025-05-21,Lagos,Ikeja Mega-Store,In-Store Retail,Consumer Electronics,Galaxy S24 Ultra 512GB,3,1250000,0.0,3750000.0,2850000,900000.0,0,Delayed Transit
NEX-102015,2025-07-05,Abuja,Central Business District Store,Web Direct,Computing & Peripherals,Wireless Mechanical Keyboard,2,65000,0.05,123500.0,84000,39500.0,0,Returned
NEX-102016,2025-06-08,Kano,Nasarawa Road Branch,Corporate B2B,Consumer Electronics,Dell XPS 15 Laptop,1,1650000,0.05,1567500.0,1320000,247500.0,0,Delivered On-Time
NEX-102017,2025-06-09,Port Harcourt,GRA Phase 2 Store,In-Store Retail,Home Appliances,Double Door Refrigerator 320L,1,520000,0.05,494000.0,410000,84000.0,0,Delivered On-Time
NEX-102018,2025-07-07,Abuja,Maitama Galleria,Web Direct,Computing & Peripherals,Logitech MX Master 3S Mouse,1,75000,0.0,75000.0,52000,23000.0,0,Delayed Transit
NEX-102019,2025-05-16,Abuja,Wuse 2 Retail,In-Store Retail,Home Appliances,Double Door Refrigerator 320L,1,520000,0.0,520000.0,410000,110000.0,0,Fulfilled In-Store
NEX-102020,2025-05-23,Lagos,Victoria Island Flagship,In-Store Retail,Computing & Peripherals,27-inch 4K Gaming Monitor,1,310000,0.0,310000.0,235000,75000.0,0,Delivered On-Time
NEX-102021,2025-05-15,Lagos,Surulere Hub,Mobile App,Computing & Peripherals,27-inch 4K Gaming Monitor,1,310000,0.15,263500.0,235000,28500.0,0,Fulfilled In-Store
NEX-102022,2025-06-22,Abuja,Wuse 2 Retail,Mobile App,Home Appliances,Chest Freezer 200L,1,245000,0.0,245000.0,195000,50000.0,0,Delayed Transit
NEX-102023,2025-05-15,Port Harcourt,GRA Phase 2 Store,In-Store Retail,Home Appliances,Digital Microwave Oven 25L,1,115000,0.1,103500.0,85000,18500.0,0,Delayed Transit
NEX-102024,2025-05-08,Lagos,Victoria Island Flagship,Web Direct,Computing & Peripherals,Ergonomic Office Chair Pro,1,185000,0.0,185000.0,130000,55000.0,0,Delivered On-Time
NEX-102025,2025-07-20,Lagos,Victoria Island Flagship,In-Store Retail,Computing & Peripherals,Wireless Mechanical Keyboard,1,65000,0.0,65000.0,42000,23000.0,0,Delayed Transit
NEX-102026,2025-06-23,Port Harcourt,GRA Phase 2 Store,Web Direct,Computing & Peripherals,1TB NVMe Portable SSD,1,95000,0.05,90250.0,68000,22250.0,0,Delivered On-Time
NEX-102027,2025-06-28,Port Harcourt,GRA Phase 2 Store,Corporate B2B,Consumer Electronics,Dell XPS 15 Laptop,5,1650000,0.0,8250000.0,6600000,1650000.0,0,Delayed Transit
NEX-102028,2025-06-19,Abuja,Central Business District Store,In-Store Retail,Home Appliances,Digital Microwave Oven 25L,3,115000,0.0,345000.0,255000,90000.0,0,Delivered On-Time
NEX-102029,2025-07-20,Ibadan,Bodija Outlet,In-Store Retail,Home Appliances,Inverter Split AC 1.5HP (AC-902),1,385000,0.05,365750.0,310000,55750.0,0,Delivered On-Time
NEX-102030,2025-05-10,Lagos,Victoria Island Flagship,In-Store Retail,Consumer Electronics,Dell XPS 15 Laptop,1,1650000,0.05,1567500.0,1320000,247500.0,0,Delayed Transit
NEX-102031,2025-05-29,Lagos,Victoria Island Flagship,In-Store Retail,Computing & Peripherals,27-inch 4K Gaming Monitor,1,310000,0.0,310000.0,235000,75000.0,0,Delayed Transit
NEX-102032,2025-07-29,Lagos,Surulere Hub,In-Store Retail,Consumer Electronics,Galaxy S24 Ultra 512GB,1,1250000,0.05,1187500.0,950000,237500.0,0,Delivered On-Time
NEX-102033,2025-05-01,Abuja,Wuse 2 Retail,Web Direct,Computing & Peripherals,Ergonomic Office Chair Pro,1,185000,0.0,185000.0,130000,55000.0,0,Delayed Transit
NEX-102034,2025-06-22,Lagos,Ikeja Mega-Store,In-Store Retail,Computing & Peripherals,Logitech MX Master 3S Mouse,1,75000,0.05,71250.0,52000,19250.0,0,Delayed Transit
NEX-102035,2025-06-14,Abuja,Central Business District Store,Web Direct,Consumer Electronics,iPhone 15 Pro Max 256GB,2,1450000,0.0,2900000.0,2300000,600000.0,0,Fulfilled In-Store
NEX-102036,2025-07-08,Lagos,Victoria Island Flagship,Web Direct,Home Appliances,Chest Freezer 200L,2,245000,0.29,346020.08,390000,-43979.92,0,Delivered On-Time
NEX-102037,2025-07-04,Abuja,Central Business District Store,In-Store Retail,Consumer Electronics,Dell XPS 15 Laptop,1,1650000,0.0,1650000.0,1320000,330000.0,0,Fulfilled In-Store
NEX-102038,2025-06-08,Kano,Nasarawa Road Branch,In-Store Retail,Computing & Peripherals,Logitech MX Master 3S Mouse,1,75000,0.05,71250.0,52000,19250.0,0,Returned
NEX-102039,2025-06-08,Lagos,Surulere Hub,Web Direct,Home Appliances,Digital Microwave Oven 25L,1,115000,0.0,115000.0,85000,30000.0,0,Delivered On-Time
NEX-102040,2025-07-27,Abuja,Maitama Galleria,Web Direct,Computing & Peripherals,1TB NVMe Portable SSD,2,95000,0.0,190000.0,136000,54000.0,0,Returned
NEX-102041,2025-05-25,Port Harcourt,Trans-Amadi Commercial,In-Store Retail,Home Appliances,Double Door Refrigerator 320L,1,520000,0.05,494000.0,410000,84000.0,0,Delivered On-Time
NEX-102042,2025-06-21,Port Harcourt,GRA Phase 2 Store,Mobile App,Home Appliances,Chest Freezer 200L,1,245000,0.0,245000.0,195000,50000.0,0,Fulfilled In-Store
NEX-102043,2025-05-22,Abuja,Wuse 2 Retail,Corporate B2B,Consumer Electronics,MacBook Pro 14 M3,4,1850000,0.0,7400000.0,5920000,1480000.0,0,Delivered On-Time
NEX-102044,2025-06-21,Lagos,Surulere Hub,In-Store Retail,Home Appliances,Smart Inverter Washing Machine 8kg,1,345000,0.15,293250.0,270000,23250.0,1,Returned
NEX-102045,2025-06-04,Abuja,Maitama Galleria,In-Store Retail,Consumer Electronics,iPhone 15 Pro Max 256GB,1,1450000,0.15,1232500.0,1150000,82500.0,0,Delivered On-Time
NEX-102046,2025-07-25,Port Harcourt,Trans-Amadi Commercial,In-Store Retail,Computing & Peripherals,1TB NVMe Portable SSD,1,95000,0.05,90250.0,68000,22250.0,0,Delivered On-Time
NEX-102047,2025-05-14,Abuja,Maitama Galleria,Mobile App,Consumer Electronics,Galaxy S24 Ultra 512GB,1,1250000,0.2,1000000.0,950000,50000.0,0,Fulfilled In-Store
NEX-102048,2025-05-07,Lagos,Ikeja Mega-Store,Web Direct,Computing & Peripherals,Logitech MX Master 3S Mouse,2,75000,0.0,150000.0,104000,46000.0,0,Fulfilled In-Store
NEX-102049,2025-07-16,Lagos,Victoria Island Flagship,In-Store Retail,Home Appliances,Digital Microwave Oven 25L,1,115000,0.34,76383.48,85000,-8616.52,0,Delivered On-Time
NEX-102050,2025-06-26,Ibadan,Bodija Outlet,In-Store Retail,Computing & Peripherals,27-inch 4K Gaming Monitor,1,310000,0.05,294500.0,235000,59500.0,0,Delivered On-Time
NEX-102051,2025-05-16,Abuja,Central Business District Store,In-Store Retail,Computing & Peripherals,27-inch 4K Gaming Monitor,1,310000,0.05,294500.0,235000,59500.0,0,Delivered On-Time
NEX-102052,2025-07-28,Lagos,Victoria Island Flagship,In-Store Retail,Home Appliances,Smart Inverter Washing Machine 8kg,3,345000,0.31,719111.28,810000,-90888.72,0,Fulfilled In-Store
NEX-102053,2025-06-20,Abuja,Wuse 2 Retail,In-Store Retail,Home Appliances,Chest Freezer 200L,3,245000,0.0,735000.0,585000,150000.0,0,Delivered On-Time
NEX-102054,2025-05-05,Lagos,Victoria Island Flagship,In-Store Retail,Home Appliances,Chest Freezer 200L,1,245000,0.15,208250.0,195000,13250.0,0,Fulfilled In-Store
NEX-102055,2025-05-23,Lagos,Victoria Island Flagship,In-Store Retail,Consumer Electronics,MacBook Pro 14 M3,1,1850000,0.15,1572500.0,1480000,92500.0,0,Delivered On-Time
NEX-102056,2025-05-04,Lagos,Lekki Mall Outlet,In-Store Retail,Home Appliances,Smart Inverter Washing Machine 8kg,1,345000,0.05,327750.0,270000,57750.0,0,Delivered On-Time
NEX-102057,2025-07-16,Lagos,Victoria Island Flagship,In-Store Retail,Consumer Electronics,Dell XPS 15 Laptop,1,1650000,0.0,1650000.0,1320000,330000.0,0,Returned
NEX-102058,2025-06-06,Lagos,Lekki Mall Outlet,In-Store Retail,Consumer Electronics,Dell XPS 15 Laptop,1,1650000,0.1,1485000.0,1320000,165000.0,0,Delayed Transit
NEX-102059,2025-05-12,Ibadan,Ring Road Complex,Mobile App,Home Appliances,Double Door Refrigerator 320L,3,520000,0.05,1482000.0,1230000,252000.0,0,Delivered On-Time
NEX-102060,2025-05-21,Lagos,Lekki Mall Outlet,Web Direct,Computing & Peripherals,Wireless Mechanical Keyboard,1,65000,0.05,61750.0,42000,19750.0,0,Delivered On-Time
NEX-102061,2025-06-11,Lagos,Lekki Mall Outlet,In-Store Retail,Home Appliances,Double Door Refrigerator 320L,2,520000,0.0,1040000.0,820000,220000.0,0,Returned
NEX-102062,2025-06-11,Abuja,Wuse 2 Retail,In-Store Retail,Consumer Electronics,Galaxy S24 Ultra 512GB,1,1250000,0.0,1250000.0,950000,300000.0,0,Delivered On-Time
NEX-102063,2025-06-09,Abuja,Maitama Galleria,In-Store Retail,Home Appliances,Smart Inverter Washing Machine 8kg,1,345000,0.1,310500.0,270000,40500.0,0,Delivered On-Time
NEX-102064,2025-05-19,Lagos,Lekki Mall Outlet,In-Store Retail,Home Appliances,Inverter Split AC 1.5HP (AC-902),1,385000,0.0,385000.0,310000,75000.0,0,Delivered On-Time
NEX-102065,2025-05-26,Lagos,Victoria Island Flagship,In-Store Retail,Consumer Electronics,Sony WH-1000XM5 Headphones,1,285000,0.0,285000.0,195000,90000.0,0,Delivered On-Time
NEX-102066,2025-06-23,Lagos,Ikeja Mega-Store,Web Direct,Consumer Electronics,Dell XPS 15 Laptop,3,1650000,0.2,3960000.0,3960000,0.0,0,Delivered On-Time
NEX-102067,2025-06-30,Abuja,Central Business District Store,Corporate B2B,Computing & Peripherals,27-inch 4K Gaming Monitor,1,310000,0.0,310000.0,235000,75000.0,0,Delivered On-Time
NEX-102068,2025-06-06,Port Harcourt,Trans-Amadi Commercial,In-Store Retail,Computing & Peripherals,27-inch 4K Gaming Monitor,1,310000,0.0,310000.0,235000,75000.0,0,Delivered On-Time
NEX-102069,2025-07-24,Lagos,Lekki Mall Outlet,Web Direct,Home Appliances,Chest Freezer 200L,1,245000,0.33,163858.84,195000,-31141.16,0,Delivered On-Time
NEX-102070,2025-07-27,Abuja,Maitama Galleria,In-Store Retail,Home Appliances,Digital Microwave Oven 25L,1,115000,0.05,109250.0,85000,24250.0,0,Fulfilled In-Store
NEX-102071,2025-07-15,Port Harcourt,GRA Phase 2 Store,Mobile App,Consumer Electronics,iPhone 15 Pro Max 256GB,2,1450000,0.0,2900000.0,2300000,600000.0,0,Delivered On-Time
NEX-102072,2025-06-18,Abuja,Maitama Galleria,In-Store Retail,Home Appliances,Inverter Split AC 1.5HP (AC-902),1,385000,0.05,365750.0,310000,55750.0,0,Delayed Transit
NEX-102073,2025-05-15,Lagos,Lekki Mall Outlet,In-Store Retail,Computing & Peripherals,27-inch 4K Gaming Monitor,1,310000,0.0,310000.0,235000,75000.0,0,Delayed Transit
NEX-102074,2025-05-21,Lagos,Ikeja Mega-Store,Web Direct,Home Appliances,Chest Freezer 200L,1,245000,0.0,245000.0,195000,50000.0,0,Delivered On-Time
NEX-102075,2025-07-05,Port Harcourt,Trans-Amadi Commercial,Web Direct,Computing & Peripherals,1TB NVMe Portable SSD,2,95000,0.05,180500.0,136000,44500.0,0,Delivered On-Time
NEX-102076,2025-06-17,Port Harcourt,Trans-Amadi Commercial,In-Store Retail,Computing & Peripherals,1TB NVMe Portable SSD,1,95000,0.05,90250.0,68000,22250.0,0,Delayed Transit
NEX-102077,2025-07-15,Lagos,Victoria Island Flagship,In-Store Retail,Computing & Peripherals,1TB NVMe Portable SSD,1,95000,0.05,90250.0,68000,22250.0,0,Delayed Transit
NEX-102078,2025-07-20,Port Harcourt,GRA Phase 2 Store,In-Store Retail,Computing & Peripherals,Wireless Mechanical Keyboard,1,65000,0.15,55250.0,42000,13250.0,0,Delivered On-Time
NEX-102079,2025-05-02,Kano,Bompai Trade Centre,Mobile App,Home Appliances,Smart Inverter Washing Machine 8kg,2,345000,0.1,621000.0,540000,81000.0,0,Delivered On-Time
NEX-102080,2025-07-03,Port Harcourt,GRA Phase 2 Store,Web Direct,Home Appliances,Chest Freezer 200L,1,245000,0.0,245000.0,195000,50000.0,0,Delivered On-Time
NEX-102081,2025-07-07,Abuja,Maitama Galleria,Corporate B2B,Consumer Electronics,Galaxy S24 Ultra 512GB,1,1250000,0.05,1187500.0,950000,237500.0,0,Fulfilled In-Store
NEX-102082,2025-05-11,Lagos,Lekki Mall Outlet,Web Direct,Consumer Electronics,Dell XPS 15 Laptop,1,1650000,0.15,1402500.0,1320000,82500.0,0,Delivered On-Time
NEX-102083,2025-05-22,Port Harcourt,Trans-Amadi Commercial,In-Store Retail,Consumer Electronics,MacBook Pro 14 M3,1,1850000,0.05,1757500.0,1480000,277500.0,0,Delivered On-Time
NEX-102084,2025-05-27,Lagos,Lekki Mall Outlet,In-Store Retail,Computing & Peripherals,Ergonomic Office Chair Pro,2,185000,0.05,351500.0,260000,91500.0,1,Returned
NEX-102085,2025-05-02,Port Harcourt,Trans-Amadi Commercial,In-Store Retail,Computing & Peripherals,Logitech MX Master 3S Mouse,1,75000,0.1,67500.0,52000,15500.0,0,Delivered On-Time
NEX-102086,2025-07-14,Lagos,Victoria Island Flagship,Mobile App,Computing & Peripherals,Wireless Mechanical Keyboard,2,65000,0.2,104000.0,84000,20000.0,0,Delayed Transit
NEX-102087,2025-06-10,Lagos,Victoria Island Flagship,Web Direct,Consumer Electronics,Dell XPS 15 Laptop,1,1650000,0.05,1567500.0,1320000,247500.0,0,Fulfilled In-Store
NEX-102088,2025-07-04,Port Harcourt,GRA Phase 2 Store,In-Store Retail,Consumer Electronics,iPhone 15 Pro Max 256GB,1,1450000,0.1,1305000.0,1150000,155000.0,0,Delivered On-Time
NEX-102089,2025-06-13,Ibadan,Bodija Outlet,In-Store Retail,Home Appliances,Double Door Refrigerator 320L,3,520000,0.0,1560000.0,1230000,330000.0,0,Delivered On-Time
NEX-102090,2025-07-16,Lagos,Victoria Island Flagship,In-Store Retail,Consumer Electronics,Dell XPS 15 Laptop,1,1650000,0.0,1650000.0,1320000,330000.0,0,Delivered On-Time
NEX-102091,2025-06-25,Lagos,Lekki Mall Outlet,In-Store Retail,Consumer Electronics,Galaxy S24 Ultra 512GB,1,1250000,0.15,1062500.0,950000,112500.0,0,Delivered On-Time
NEX-102092,2025-07-02,Abuja,Maitama Galleria,In-Store Retail,Consumer Electronics,Galaxy S24 Ultra 512GB,1,1250000,0.0,1250000.0,950000,300000.0,0,Delayed Transit
NEX-102093,2025-07-24,Lagos,Victoria Island Flagship,In-Store Retail,Consumer Electronics,Sony WH-1000XM5 Headphones,1,285000,0.0,285000.0,195000,90000.0,0,Returned
NEX-102094,2025-07-23,Lagos,Ikeja Mega-Store,In-Store Retail,Consumer Electronics,MacBook Pro 14 M3,1,1850000,0.0,1850000.0,1480000,370000.0,0,Delivered On-Time
NEX-102095,2025-07-30,Abuja,Central Business District Store,In-Store Retail,Consumer Electronics,Dell XPS 15 Laptop,5,1650000,0.05,7837500.0,6600000,1237500.0,0,Delayed Transit
NEX-102096,2025-05-27,Lagos,Lekki Mall Outlet,In-Store Retail,Home Appliances,Inverter Split AC 1.5HP (AC-902),4,385000,0.2,1232000.0,1240000,-8000.0,1,Returned
NEX-102097,2025-07-09,Lagos,Surulere Hub,Mobile App,Consumer Electronics,MacBook Pro 14 M3,1,1850000,0.0,1850000.0,1480000,370000.0,0,Fulfilled In-Store
NEX-102098,2025-07-05,Kano,Bompai Trade Centre,Web Direct,Computing & Peripherals,Ergonomic Office Chair Pro,1,185000,0.05,175750.0,130000,45750.0,0,Delivered On-Time
NEX-102099,2025-05-28,Kano,Bompai Trade Centre,Web Direct,Consumer Electronics,Sony WH-1000XM5 Headphones,1,285000,0.0,285000.0,195000,90000.0,0,Fulfilled In-Store
NEX-102100,2025-07-17,Abuja,Wuse 2 Retail,Mobile App,Computing & Peripherals,Wireless Mechanical Keyboard,1,65000,0.05,61750.0,42000,19750.0,0,Fulfilled In-Store
NEX-102101,2025-07-05,Abuja,Maitama Galleria,Corporate B2B,Home Appliances,Inverter Split AC 1.5HP (AC-902),2,385000,0.0,770000.0,620000,150000.0,0,Delivered On-Time
NEX-102102,2025-06-28,Lagos,Surulere Hub,In-Store Retail,Home Appliances,Double Door Refrigerator 320L,1,520000,0.2,416000.0,410000,6000.0,0,Returned
NEX-102103,2025-05-16,Port Harcourt,Trans-Amadi Commercial,Corporate B2B,Home Appliances,Inverter Split AC 1.5HP (AC-902),1,385000,0.15,327250.0,310000,17250.0,0,Fulfilled In-Store
NEX-102104,2025-05-09,Abuja,Central Business District Store,Web Direct,Home Appliances,Smart Inverter Washing Machine 8kg,4,345000,0.0,1380000.0,1080000,300000.0,0,Delivered On-Time
NEX-102105,2025-06-30,Lagos,Lekki Mall Outlet,In-Store Retail,Computing & Peripherals,27-inch 4K Gaming Monitor,1,310000,0.05,294500.0,235000,59500.0,0,Returned
NEX-102106,2025-05-25,Abuja,Wuse 2 Retail,Corporate B2B,Consumer Electronics,iPhone 15 Pro Max 256GB,1,1450000,0.0,1450000.0,1150000,300000.0,0,Fulfilled In-Store
NEX-102107,2025-05-06,Kano,Nasarawa Road Branch,Web Direct,Consumer Electronics,iPhone 15 Pro Max 256GB,3,1450000,0.05,4132500.0,3450000,682500.0,0,Delivered On-Time
NEX-102108,2025-06-29,Lagos,Lekki Mall Outlet,Corporate B2B,Consumer Electronics,Galaxy S24 Ultra 512GB,1,1250000,0.05,1187500.0,950000,237500.0,0,Fulfilled In-Store
NEX-102109,2025-06-04,Lagos,Victoria Island Flagship,In-Store Retail,Home Appliances,Double Door Refrigerator 320L,2,520000,0.05,988000.0,820000,168000.0,0,Delivered On-Time
NEX-102110,2025-07-18,Lagos,Victoria Island Flagship,In-Store Retail,Home Appliances,Chest Freezer 200L,4,245000,0.28,702840.2,780000,-77159.8,0,Delivered On-Time
NEX-102111,2025-05-20,Port Harcourt,Trans-Amadi Commercial,Corporate B2B,Computing & Peripherals,Logitech MX Master 3S Mouse,1,75000,0.0,75000.0,52000,23000.0,0,Delivered On-Time
NEX-102112,2025-06-08,Port Harcourt,GRA Phase 2 Store,In-Store Retail,Home Appliances,Double Door Refrigerator 320L,1,520000,0.0,520000.0,410000,110000.0,0,Delayed Transit
NEX-102113,2025-05-05,Lagos,Surulere Hub,Web Direct,Consumer Electronics,Sony WH-1000XM5 Headphones,1,285000,0.05,270750.0,195000,75750.0,0,Delivered On-Time
NEX-102114,2025-07-28,Abuja,Central Business District Store,Mobile App,Consumer Electronics,Galaxy S24 Ultra 512GB,1,1250000,0.0,1250000.0,950000,300000.0,0,Delivered On-Time
NEX-102115,2025-06-23,Port Harcourt,GRA Phase 2 Store,Web Direct,Consumer Electronics,Sony WH-1000XM5 Headphones,4,285000,0.05,1083000.0,780000,303000.0,1,Returned
NEX-102116,2025-07-17,Lagos,Ikeja Mega-Store,In-Store Retail,Consumer Electronics,iPhone 15 Pro Max 256GB,1,1450000,0.1,1305000.0,1150000,155000.0,0,Delivered On-Time
NEX-102117,2025-06-29,Lagos,Surulere Hub,In-Store Retail,Consumer Electronics,Sony WH-1000XM5 Headphones,1,285000,0.0,285000.0,195000,90000.0,0,Fulfilled In-Store
NEX-102118,2025-07-12,Lagos,Surulere Hub,Corporate B2B,Computing & Peripherals,Logitech MX Master 3S Mouse,1,75000,0.0,75000.0,52000,23000.0,1,Returned
NEX-102119,2025-06-10,Kano,Bompai Trade Centre,Web Direct,Consumer Electronics,Sony WH-1000XM5 Headphones,1,285000,0.0,285000.0,195000,90000.0,0,Returned
NEX-102120,2025-06-30,Port Harcourt,Trans-Amadi Commercial,In-Store Retail,Consumer Electronics,Sony WH-1000XM5 Headphones,1,285000,0.2,228000.0,195000,33000.0,0,Fulfilled In-Store
NEX-102121,2025-06-07,Kano,Nasarawa Road Branch,In-Store Retail,Consumer Electronics,Galaxy S24 Ultra 512GB,1,1250000,0.0,1250000.0,950000,300000.0,0,Delivered On-Time
NEX-102122,2025-07-15,Lagos,Ikeja Mega-Store,In-Store Retail,Computing & Peripherals,27-inch 4K Gaming Monitor,1,310000,0.0,310000.0,235000,75000.0,0,Fulfilled In-Store
NEX-102123,2025-06-30,Kano,Bompai Trade Centre,Web Direct,Consumer Electronics,iPhone 15 Pro Max 256GB,1,1450000,0.05,1377500.0,1150000,227500.0,0,Delivered On-Time
NEX-102124,2025-05-17,Abuja,Central Business District Store,Web Direct,Computing & Peripherals,Ergonomic Office Chair Pro,2,185000,0.0,370000.0,260000,110000.0,0,Delivered On-Time
NEX-102125,2025-06-14,Port Harcourt,Trans-Amadi Commercial,Web Direct,Home Appliances,Inverter Split AC 1.5HP (AC-902),1,385000,0.0,385000.0,310000,75000.0,1,Returned
NEX-102126,2025-06-10,Ibadan,Ring Road Complex,In-Store Retail,Home Appliances,Chest Freezer 200L,3,245000,0.2,588000.0,585000,3000.0,0,Delayed Transit
NEX-102127,2025-07-08,Kano,Bompai Trade Centre,In-Store Retail,Home Appliances,Chest Freezer 200L,1,245000,0.0,245000.0,195000,50000.0,0,Returned
NEX-102128,2025-05-02,Abuja,Maitama Galleria,In-Store Retail,Home Appliances,Inverter Split AC 1.5HP (AC-902),1,385000,0.0,385000.0,310000,75000.0,0,Delivered On-Time
NEX-102129,2025-05-12,Ibadan,Ring Road Complex,Web Direct,Home Appliances,Smart Inverter Washing Machine 8kg,1,345000,0.05,327750.0,270000,57750.0,0,Delivered On-Time
NEX-102130,2025-05-07,Lagos,Victoria Island Flagship,In-Store Retail,Computing & Peripherals,Wireless Mechanical Keyboard,2,65000,0.1,117000.0,84000,33000.0,0,Delivered On-Time
NEX-102131,2025-06-04,Abuja,Maitama Galleria,In-Store Retail,Consumer Electronics,Dell XPS 15 Laptop,1,1650000,0.0,1650000.0,1320000,330000.0,0,Delivered On-Time
NEX-102132,2025-06-05,Lagos,Victoria Island Flagship,Web Direct,Consumer Electronics,iPhone 15 Pro Max 256GB,1,1450000,0.0,1450000.0,1150000,300000.0,0,Delivered On-Time
NEX-102133,2025-05-19,Kano,Bompai Trade Centre,Mobile App,Consumer Electronics,iPhone 15 Pro Max 256GB,2,1450000,0.0,2900000.0,2300000,600000.0,1,Returned
NEX-102134,2025-06-18,Lagos,Lekki Mall Outlet,Web Direct,Home Appliances,Digital Microwave Oven 25L,1,115000,0.0,115000.0,85000,30000.0,1,Returned
NEX-102135,2025-07-13,Port Harcourt,GRA Phase 2 Store,In-Store Retail,Consumer Electronics,Sony WH-1000XM5 Headphones,2,285000,0.0,570000.0,390000,180000.0,0,Fulfilled In-Store
NEX-102136,2025-06-19,Abuja,Wuse 2 Retail,Web Direct,Consumer Electronics,iPhone 15 Pro Max 256GB,1,1450000,0.0,1450000.0,1150000,300000.0,0,Fulfilled In-Store
NEX-102137,2025-07-26,Abuja,Wuse 2 Retail,Web Direct,Computing & Peripherals,1TB NVMe Portable SSD,1,95000,0.0,95000.0,68000,27000.0,0,Delivered On-Time
NEX-102138,2025-07-09,Ibadan,Ring Road Complex,Mobile App,Computing & Peripherals,Logitech MX Master 3S Mouse,1,75000,0.0,75000.0,52000,23000.0,0,Delivered On-Time
NEX-102139,2025-07-16,Port Harcourt,Trans-Amadi Commercial,Web Direct,Consumer Electronics,Sony WH-1000XM5 Headphones,1,285000,0.0,285000.0,195000,90000.0,0,Returned
NEX-102140,2025-05-11,Kano,Nasarawa Road Branch,In-Store Retail,Computing & Peripherals,1TB NVMe Portable SSD,1,95000,0.0,95000.0,68000,27000.0,0,Delivered On-Time
NEX-102141,2025-07-13,Ibadan,Bodija Outlet,In-Store Retail,Consumer Electronics,iPhone 15 Pro Max 256GB,1,1450000,0.1,1305000.0,1150000,155000.0,0,Delivered On-Time
NEX-102142,2025-05-27,Lagos,Victoria Island Flagship,In-Store Retail,Home Appliances,Inverter Split AC 1.5HP (AC-902),1,385000,0.0,385000.0,310000,75000.0,0,Delivered On-Time
NEX-102143,2025-06-06,Abuja,Wuse 2 Retail,In-Store Retail,Home Appliances,Digital Microwave Oven 25L,1,115000,0.1,103500.0,85000,18500.0,0,Delivered On-Time
NEX-102144,2025-06-04,Kano,Nasarawa Road Branch,Corporate B2B,Computing & Peripherals,1TB NVMe Portable SSD,3,95000,0.05,270750.0,204000,66750.0,0,Delivered On-Time
NEX-102145,2025-05-29,Abuja,Wuse 2 Retail,Mobile App,Home Appliances,Inverter Split AC 1.5HP (AC-902),1,385000,0.15,327250.0,310000,17250.0,1,Returned
NEX-102146,2025-07-04,Kano,Bompai Trade Centre,In-Store Retail,Home Appliances,Double Door Refrigerator 320L,1,520000,0.1,468000.0,410000,58000.0,0,Returned
NEX-102147,2025-06-22,Lagos,Victoria Island Flagship,In-Store Retail,Home Appliances,Inverter Split AC 1.5HP (AC-902),1,385000,0.0,385000.0,310000,75000.0,0,Returned
NEX-102148,2025-07-11,Ibadan,Bodija Outlet,In-Store Retail,Consumer Electronics,Sony WH-1000XM5 Headphones,3,285000,0.05,812250.0,585000,227250.0,0,Returned
NEX-102149,2025-06-14,Abuja,Maitama Galleria,Web Direct,Home Appliances,Inverter Split AC 1.5HP (AC-902),3,385000,0.0,1155000.0,930000,225000.0,0,Delivered On-Time
NEX-102150,2025-06-03,Lagos,Ikeja Mega-Store,In-Store Retail,Consumer Electronics,Dell XPS 15 Laptop,1,1650000,0.0,1650000.0,1320000,330000.0,0,Delivered On-Time
NEX-102151,2025-05-23,Lagos,Victoria Island Flagship,Web Direct,Computing & Peripherals,Logitech MX Master 3S Mouse,1,75000,0.0,75000.0,52000,23000.0,1,Returned
NEX-102152,2025-07-08,Port Harcourt,GRA Phase 2 Store,In-Store Retail,Home Appliances,Digital Microwave Oven 25L,2,115000,0.0,230000.0,170000,60000.0,0,Fulfilled In-Store
NEX-102153,2025-06-03,Lagos,Ikeja Mega-Store,Mobile App,Home Appliances,Double Door Refrigerator 320L,3,520000,0.2,1248000.0,1230000,18000.0,0,Delivered On-Time
NEX-102154,2025-07-21,Lagos,Ikeja Mega-Store,In-Store Retail,Consumer Electronics,MacBook Pro 14 M3,1,1850000,0.0,1850000.0,1480000,370000.0,0,Fulfilled In-Store
NEX-102155,2025-05-27,Ibadan,Bodija Outlet,In-Store Retail,Consumer Electronics,MacBook Pro 14 M3,1,1850000,0.05,1757500.0,1480000,277500.0,0,Delivered On-Time
NEX-102156,2025-06-22,Abuja,Central Business District Store,Mobile App,Consumer Electronics,iPhone 15 Pro Max 256GB,2,1450000,0.05,2755000.0,2300000,455000.0,0,Delivered On-Time
NEX-102157,2025-05-01,Abuja,Maitama Galleria,Web Direct,Home Appliances,Smart Inverter Washing Machine 8kg,3,345000,0.1,931500.0,810000,121500.0,0,Fulfilled In-Store
NEX-102158,2025-06-05,Ibadan,Bodija Outlet,Corporate B2B,Home Appliances,Chest Freezer 200L,1,245000,0.15,208250.0,195000,13250.0,0,Delayed Transit
NEX-102159,2025-06-30,Abuja,Central Business District Store,Web Direct,Computing & Peripherals,27-inch 4K Gaming Monitor,1,310000,0.0,310000.0,235000,75000.0,1,Returned
NEX-102160,2025-05-14,Port Harcourt,Trans-Amadi Commercial,Web Direct,Home Appliances,Smart Inverter Washing Machine 8kg,4,345000,0.0,1380000.0,1080000,300000.0,0,Delivered On-Time
NEX-102161,2025-05-27,Lagos,Lekki Mall Outlet,Web Direct,Computing & Peripherals,Logitech MX Master 3S Mouse,1,75000,0.15,63750.0,52000,11750.0,0,Delivered On-Time
NEX-102162,2025-07-21,Lagos,Lekki Mall Outlet,Web Direct,Home Appliances,Double Door Refrigerator 320L,1,520000,0.34,344508.73,410000,-65491.27,0,Returned
NEX-102163,2025-07-24,Abuja,Maitama Galleria,Web Direct,Consumer Electronics,Galaxy S24 Ultra 512GB,1,1250000,0.1,1125000.0,950000,175000.0,0,Delivered On-Time
NEX-102164,2025-07-10,Lagos,Victoria Island Flagship,In-Store Retail,Consumer Electronics,Sony WH-1000XM5 Headphones,1,285000,0.0,285000.0,195000,90000.0,0,Fulfilled In-Store
NEX-102165,2025-07-04,Kano,Nasarawa Road Branch,Web Direct,Computing & Peripherals,1TB NVMe Portable SSD,1,95000,0.1,85500.0,68000,17500.0,0,Returned
NEX-102166,2025-06-21,Lagos,Ikeja Mega-Store,In-Store Retail,Consumer Electronics,Galaxy S24 Ultra 512GB,5,1250000,0.0,6250000.0,4750000,1500000.0,0,Fulfilled In-Store
NEX-102167,2025-06-09,Lagos,Lekki Mall Outlet,In-Store Retail,Computing & Peripherals,Wireless Mechanical Keyboard,1,65000,0.0,65000.0,42000,23000.0,0,Delivered On-Time
NEX-102168,2025-07-18,Port Harcourt,Trans-Amadi Commercial,In-Store Retail,Consumer Electronics,Sony WH-1000XM5 Headphones,1,285000,0.1,256500.0,195000,61500.0,0,Delivered On-Time
NEX-102169,2025-05-07,Ibadan,Ring Road Complex,In-Store Retail,Computing & Peripherals,Wireless Mechanical Keyboard,1,65000,0.0,65000.0,42000,23000.0,0,Delayed Transit
NEX-102170,2025-05-07,Lagos,Lekki Mall Outlet,In-Store Retail,Consumer Electronics,iPhone 15 Pro Max 256GB,1,1450000,0.15,1232500.0,1150000,82500.0,0,Delivered On-Time
NEX-102171,2025-07-28,Abuja,Central Business District Store,Web Direct,Home Appliances,Chest Freezer 200L,1,245000,0.1,220500.0,195000,25500.0,0,Delayed Transit
NEX-102172,2025-06-19,Kano,Nasarawa Road Branch,Corporate B2B,Home Appliances,Chest Freezer 200L,4,245000,0.2,784000.0,780000,4000.0,0,Delivered On-Time
NEX-102173,2025-07-14,Abuja,Wuse 2 Retail,In-Store Retail,Computing & Peripherals,Ergonomic Office Chair Pro,2,185000,0.15,314500.0,260000,54500.0,0,Delivered On-Time
NEX-102174,2025-06-26,Lagos,Lekki Mall Outlet,Web Direct,Computing & Peripherals,27-inch 4K Gaming Monitor,1,310000,0.15,263500.0,235000,28500.0,0,Delayed Transit
NEX-102175,2025-06-26,Abuja,Central Business District Store,In-Store Retail,Home Appliances,Chest Freezer 200L,2,245000,0.1,441000.0,390000,51000.0,0,Fulfilled In-Store
NEX-102176,2025-05-14,Lagos,Ikeja Mega-Store,Corporate B2B,Home Appliances,Double Door Refrigerator 320L,1,520000,0.0,520000.0,410000,110000.0,0,Fulfilled In-Store
NEX-102177,2025-07-21,Ibadan,Bodija Outlet,In-Store Retail,Consumer Electronics,Dell XPS 15 Laptop,1,1650000,0.0,1650000.0,1320000,330000.0,0,Delivered On-Time
NEX-102178,2025-06-23,Abuja,Central Business District Store,Corporate B2B,Consumer Electronics,iPhone 15 Pro Max 256GB,2,1450000,0.05,2755000.0,2300000,455000.0,0,Delayed Transit
NEX-102179,2025-06-16,Port Harcourt,Trans-Amadi Commercial,Corporate B2B,Computing & Peripherals,27-inch 4K Gaming Monitor,1,310000,0.05,294500.0,235000,59500.0,0,Delivered On-Time
NEX-102180,2025-05-18,Lagos,Surulere Hub,Mobile App,Consumer Electronics,Galaxy S24 Ultra 512GB,1,1250000,0.0,1250000.0,950000,300000.0,0,Delayed Transit
NEX-102181,2025-06-18,Abuja,Maitama Galleria,In-Store Retail,Computing & Peripherals,Logitech MX Master 3S Mouse,1,75000,0.1,67500.0,52000,15500.0,0,Delivered On-Time
NEX-102182,2025-06-25,Abuja,Central Business District Store,In-Store Retail,Home Appliances,Double Door Refrigerator 320L,1,520000,0.0,520000.0,410000,110000.0,0,Delivered On-Time
NEX-102183,2025-06-08,Port Harcourt,Trans-Amadi Commercial,In-Store Retail,Home Appliances,Inverter Split AC 1.5HP (AC-902),1,385000,0.0,385000.0,310000,75000.0,0,Returned
NEX-102184,2025-07-23,Abuja,Maitama Galleria,Corporate B2B,Consumer Electronics,MacBook Pro 14 M3,2,1850000,0.1,3330000.0,2960000,370000.0,0,Delayed Transit
NEX-102185,2025-05-29,Abuja,Maitama Galleria,Web Direct,Home Appliances,Chest Freezer 200L,1,245000,0.0,245000.0,195000,50000.0,0,Delivered On-Time
NEX-102186,2025-06-24,Abuja,Central Business District Store,Corporate B2B,Home Appliances,Double Door Refrigerator 320L,1,520000,0.0,520000.0,410000,110000.0,0,Delivered On-Time
NEX-102187,2025-06-16,Port Harcourt,Trans-Amadi Commercial,Web Direct,Home Appliances,Double Door Refrigerator 320L,1,520000,0.15,442000.0,410000,32000.0,0,Delivered On-Time
NEX-102188,2025-06-09,Abuja,Central Business District Store,In-Store Retail,Consumer Electronics,Galaxy S24 Ultra 512GB,3,1250000,0.0,3750000.0,2850000,900000.0,0,Delivered On-Time
NEX-102189,2025-05-20,Abuja,Wuse 2 Retail,Corporate B2B,Consumer Electronics,MacBook Pro 14 M3,1,1850000,0.05,1757500.0,1480000,277500.0,0,Fulfilled In-Store
NEX-102190,2025-05-15,Lagos,Ikeja Mega-Store,Mobile App,Home Appliances,Smart Inverter Washing Machine 8kg,2,345000,0.0,690000.0,540000,150000.0,0,Fulfilled In-Store
NEX-102191,2025-07-03,Abuja,Maitama Galleria,In-Store Retail,Consumer Electronics,Sony WH-1000XM5 Headphones,2,285000,0.05,541500.0,390000,151500.0,0,Fulfilled In-Store
NEX-102192,2025-06-29,Lagos,Surulere Hub,In-Store Retail,Home Appliances,Smart Inverter Washing Machine 8kg,1,345000,0.1,310500.0,270000,40500.0,0,Fulfilled In-Store
NEX-102193,2025-06-24,Port Harcourt,Trans-Amadi Commercial,In-Store Retail,Home Appliances,Inverter Split AC 1.5HP (AC-902),1,385000,0.0,385000.0,310000,75000.0,1,Returned
NEX-102194,2025-06-29,Lagos,Surulere Hub,Corporate B2B,Computing & Peripherals,Logitech MX Master 3S Mouse,1,75000,0.05,71250.0,52000,19250.0,0,Delayed Transit
NEX-102195,2025-05-08,Lagos,Surulere Hub,In-Store Retail,Consumer Electronics,Dell XPS 15 Laptop,1,1650000,0.0,1650000.0,1320000,330000.0,0,Fulfilled In-Store
NEX-102196,2025-06-08,Abuja,Maitama Galleria,Web Direct,Computing & Peripherals,Wireless Mechanical Keyboard,1,65000,0.0,65000.0,42000,23000.0,0,Delivered On-Time
NEX-102197,2025-06-20,Abuja,Maitama Galleria,Mobile App,Home Appliances,Double Door Refrigerator 320L,1,520000,0.1,468000.0,410000,58000.0,0,Delivered On-Time
NEX-102198,2025-06-24,Lagos,Ikeja Mega-Store,In-Store Retail,Home Appliances,Double Door Refrigerator 320L,1,520000,0.15,442000.0,410000,32000.0,0,Delayed Transit
NEX-102199,2025-06-13,Lagos,Surulere Hub,In-Store Retail,Computing & Peripherals,Wireless Mechanical Keyboard,1,65000,0.0,65000.0,42000,23000.0,0,Delivered On-Time
NEX-102200,2025-07-04,Port Harcourt,GRA Phase 2 Store,In-Store Retail,Computing & Peripherals,27-inch 4K Gaming Monitor,2,310000,0.05,589000.0,470000,119000.0,0,Returned
NEX-102201,2025-07-15,Abuja,Central Business District Store,In-Store Retail,Home Appliances,Smart Inverter Washing Machine 8kg,2,345000,0.0,690000.0,540000,150000.0,0,Delivered On-Time
NEX-102202,2025-07-07,Ibadan,Ring Road Complex,In-Store Retail,Computing & Peripherals,Logitech MX Master 3S Mouse,2,75000,0.2,120000.0,104000,16000.0,0,Fulfilled In-Store
NEX-102203,2025-06-24,Ibadan,Ring Road Complex,In-Store Retail,Computing & Peripherals,Ergonomic Office Chair Pro,1,185000,0.0,185000.0,130000,55000.0,0,Delivered On-Time
NEX-102204,2025-06-29,Abuja,Maitama Galleria,In-Store Retail,Consumer Electronics,Sony WH-1000XM5 Headphones,2,285000,0.05,541500.0,390000,151500.0,0,Delivered On-Time
NEX-102205,2025-07-07,Lagos,Victoria Island Flagship,In-Store Retail,Home Appliances,Double Door Refrigerator 320L,1,520000,0.3,363675.41,410000,-46324.59,0,Delivered On-Time
NEX-102206,2025-07-22,Lagos,Ikeja Mega-Store,In-Store Retail,Consumer Electronics,Sony WH-1000XM5 Headphones,2,285000,0.05,541500.0,390000,151500.0,0,Delayed Transit
NEX-102207,2025-07-02,Lagos,Victoria Island Flagship,In-Store Retail,Home Appliances,Double Door Refrigerator 320L,1,520000,0.33,346153.84,410000,-63846.16,0,Delivered On-Time
NEX-102208,2025-07-10,Lagos,Victoria Island Flagship,In-Store Retail,Consumer Electronics,Galaxy S24 Ultra 512GB,2,1250000,0.2,2000000.0,1900000,100000.0,1,Returned
NEX-102209,2025-05-23,Lagos,Victoria Island Flagship,Web Direct,Computing & Peripherals,1TB NVMe Portable SSD,1,95000,0.2,76000.0,68000,8000.0,0,Delivered On-Time
NEX-102210,2025-06-20,Lagos,Ikeja Mega-Store,In-Store Retail,Computing & Peripherals,27-inch 4K Gaming Monitor,2,310000,0.05,589000.0,470000,119000.0,0,Fulfilled In-Store
NEX-102211,2025-05-28,Port Harcourt,GRA Phase 2 Store,In-Store Retail,Consumer Electronics,Sony WH-1000XM5 Headphones,3,285000,0.0,855000.0,585000,270000.0,0,Delivered On-Time
NEX-102212,2025-05-05,Lagos,Victoria Island Flagship,In-Store Retail,Home Appliances,Digital Microwave Oven 25L,1,115000,0.15,97750.0,85000,12750.0,0,Delivered On-Time
NEX-102213,2025-05-15,Kano,Bompai Trade Centre,In-Store Retail,Home Appliances,Digital Microwave Oven 25L,1,115000,0.0,115000.0,85000,30000.0,0,Delivered On-Time
NEX-102214,2025-07-12,Lagos,Surulere Hub,Corporate B2B,Home Appliances,Smart Inverter Washing Machine 8kg,1,345000,0.37,218006.31,270000,-51993.69,0,Delayed Transit
NEX-102215,2025-07-10,Lagos,Victoria Island Flagship,Web Direct,Consumer Electronics,iPhone 15 Pro Max 256GB,1,1450000,0.0,1450000.0,1150000,300000.0,0,Delivered On-Time
NEX-102216,2025-05-12,Lagos,Ikeja Mega-Store,Corporate B2B,Consumer Electronics,MacBook Pro 14 M3,1,1850000,0.0,1850000.0,1480000,370000.0,0,Fulfilled In-Store
NEX-102217,2025-05-08,Lagos,Surulere Hub,Web Direct,Home Appliances,Digital Microwave Oven 25L,1,115000,0.1,103500.0,85000,18500.0,0,Delivered On-Time
NEX-102218,2025-07-22,Lagos,Victoria Island Flagship,Web Direct,Home Appliances,Chest Freezer 200L,2,245000,0.34,324067.18,390000,-65932.82,1,Returned
NEX-102219,2025-07-04,Kano,Bompai Trade Centre,In-Store Retail,Consumer Electronics,Sony WH-1000XM5 Headphones,2,285000,0.2,456000.0,390000,66000.0,0,Fulfilled In-Store
NEX-102220,2025-05-03,Lagos,Ikeja Mega-Store,Web Direct,Consumer Electronics,Dell XPS 15 Laptop,4,1650000,0.1,5940000.0,5280000,660000.0,0,Delivered On-Time
NEX-102221,2025-05-10,Kano,Bompai Trade Centre,Corporate B2B,Consumer Electronics,Dell XPS 15 Laptop,1,1650000,0.0,1650000.0,1320000,330000.0,0,Delivered On-Time
NEX-102222,2025-05-29,Lagos,Victoria Island Flagship,In-Store Retail,Consumer Electronics,iPhone 15 Pro Max 256GB,1,1450000,0.0,1450000.0,1150000,300000.0,0,Delivered On-Time
NEX-102223,2025-05-06,Lagos,Lekki Mall Outlet,Mobile App,Home Appliances,Smart Inverter Washing Machine 8kg,2,345000,0.0,690000.0,540000,150000.0,0,Delayed Transit
NEX-102224,2025-06-13,Lagos,Ikeja Mega-Store,In-Store Retail,Home Appliances,Chest Freezer 200L,1,245000,0.05,232750.0,195000,37750.0,0,Delayed Transit
NEX-102225,2025-05-27,Abuja,Central Business District Store,In-Store Retail,Consumer Electronics,MacBook Pro 14 M3,2,1850000,0.0,3700000.0,2960000,740000.0,0,Delivered On-Time
NEX-102226,2025-05-01,Port Harcourt,GRA Phase 2 Store,In-Store Retail,Computing & Peripherals,1TB NVMe Portable SSD,5,95000,0.0,475000.0,340000,135000.0,0,Returned
NEX-102227,2025-06-04,Port Harcourt,GRA Phase 2 Store,In-Store Retail,Computing & Peripherals,27-inch 4K Gaming Monitor,1,310000,0.0,310000.0,235000,75000.0,0,Delivered On-Time
NEX-102228,2025-07-18,Abuja,Central Business District Store,Mobile App,Consumer Electronics,iPhone 15 Pro Max 256GB,1,1450000,0.05,1377500.0,1150000,227500.0,0,Delivered On-Time
NEX-102229,2025-06-09,Abuja,Maitama Galleria,In-Store Retail,Consumer Electronics,Sony WH-1000XM5 Headphones,1,285000,0.1,256500.0,195000,61500.0,0,Delivered On-Time
NEX-102230,2025-05-27,Kano,Bompai Trade Centre,Web Direct,Consumer Electronics,Dell XPS 15 Laptop,1,1650000,0.0,1650000.0,1320000,330000.0,0,Delivered On-Time
NEX-102231,2025-07-01,Lagos,Surulere Hub,In-Store Retail,Home Appliances,Smart Inverter Washing Machine 8kg,1,345000,0.3,243185.51,270000,-26814.49,0,Delayed Transit
NEX-102232,2025-06-21,Lagos,Ikeja Mega-Store,Corporate B2B,Consumer Electronics,Galaxy S24 Ultra 512GB,3,1250000,0.0,3750000.0,2850000,900000.0,0,Fulfilled In-Store
NEX-102233,2025-05-04,Lagos,Victoria Island Flagship,Web Direct,Computing & Peripherals,Ergonomic Office Chair Pro,1,185000,0.0,185000.0,130000,55000.0,0,Delivered On-Time
NEX-102234,2025-05-14,Lagos,Victoria Island Flagship,Corporate B2B,Home Appliances,Inverter Split AC 1.5HP (AC-902),1,385000,0.0,385000.0,310000,75000.0,0,Delivered On-Time
NEX-102235,2025-07-14,Abuja,Maitama Galleria,In-Store Retail,Consumer Electronics,Dell XPS 15 Laptop,2,1650000,0.05,3135000.0,2640000,495000.0,0,Delayed Transit
NEX-102236,2025-06-03,Abuja,Central Business District Store,In-Store Retail,Computing & Peripherals,Ergonomic Office Chair Pro,2,185000,0.0,370000.0,260000,110000.0,0,Delivered On-Time
NEX-102237,2025-07-30,Port Harcourt,Trans-Amadi Commercial,Web Direct,Computing & Peripherals,27-inch 4K Gaming Monitor,1,310000,0.1,279000.0,235000,44000.0,0,Delivered On-Time
NEX-102238,2025-07-09,Abuja,Central Business District Store,In-Store Retail,Computing & Peripherals,Logitech MX Master 3S Mouse,2,75000,0.0,150000.0,104000,46000.0,0,Delivered On-Time
NEX-102239,2025-05-22,Abuja,Wuse 2 Retail,In-Store Retail,Consumer Electronics,MacBook Pro 14 M3,2,1850000,0.15,3145000.0,2960000,185000.0,0,Delivered On-Time
NEX-102240,2025-07-09,Abuja,Maitama Galleria,In-Store Retail,Computing & Peripherals,Ergonomic Office Chair Pro,1,185000,0.1,166500.0,130000,36500.0,0,Delivered On-Time
NEX-102241,2025-05-25,Port Harcourt,GRA Phase 2 Store,Mobile App,Home Appliances,Digital Microwave Oven 25L,2,115000,0.05,218500.0,170000,48500.0,0,Delivered On-Time
NEX-102242,2025-07-05,Lagos,Surulere Hub,In-Store Retail,Computing & Peripherals,Wireless Mechanical Keyboard,1,65000,0.15,55250.0,42000,13250.0,0,Delayed Transit
NEX-102243,2025-06-10,Port Harcourt,GRA Phase 2 Store,Corporate B2B,Home Appliances,Double Door Refrigerator 320L,1,520000,0.0,520000.0,410000,110000.0,0,Delivered On-Time
NEX-102244,2025-05-14,Abuja,Maitama Galleria,Web Direct,Computing & Peripherals,Logitech MX Master 3S Mouse,1,75000,0.15,63750.0,52000,11750.0,0,Delivered On-Time
NEX-102245,2025-06-22,Lagos,Lekki Mall Outlet,Corporate B2B,Computing & Peripherals,27-inch 4K Gaming Monitor,1,310000,0.15,263500.0,235000,28500.0,0,Delivered On-Time
NEX-102246,2025-06-05,Lagos,Victoria Island Flagship,Web Direct,Consumer Electronics,Dell XPS 15 Laptop,2,1650000,0.0,3300000.0,2640000,660000.0,0,Delayed Transit
NEX-102247,2025-05-06,Lagos,Surulere Hub,In-Store Retail,Home Appliances,Inverter Split AC 1.5HP (AC-902),4,385000,0.0,1540000.0,1240000,300000.0,1,Returned
NEX-102248,2025-06-06,Abuja,Central Business District Store,Web Direct,Computing & Peripherals,27-inch 4K Gaming Monitor,1,310000,0.1,279000.0,235000,44000.0,0,Delivered On-Time
NEX-102249,2025-05-26,Abuja,Central Business District Store,In-Store Retail,Home Appliances,Digital Microwave Oven 25L,1,115000,0.15,97750.0,85000,12750.0,0,Fulfilled In-Store
NEX-102250,2025-07-28,Lagos,Ikeja Mega-Store,Mobile App,Consumer Electronics,Sony WH-1000XM5 Headphones,1,285000,0.0,285000.0,195000,90000.0,0,Delivered On-Time
NEX-102251,2025-07-27,Port Harcourt,GRA Phase 2 Store,In-Store Retail,Home Appliances,Double Door Refrigerator 320L,1,520000,0.0,520000.0,410000,110000.0,0,Fulfilled In-Store
NEX-102252,2025-05-02,Lagos,Lekki Mall Outlet,In-Store Retail,Consumer Electronics,iPhone 15 Pro Max 256GB,1,1450000,0.0,1450000.0,1150000,300000.0,0,Delayed Transit
NEX-102253,2025-05-29,Abuja,Central Business District Store,Mobile App,Consumer Electronics,Sony WH-1000XM5 Headphones,1,285000,0.05,270750.0,195000,75750.0,0,Delivered On-Time
NEX-102254,2025-07-31,Lagos,Surulere Hub,In-Store Retail,Consumer Electronics,Galaxy S24 Ultra 512GB,1,1250000,0.0,1250000.0,950000,300000.0,0,Delivered On-Time
NEX-102255,2025-05-26,Abuja,Maitama Galleria,In-Store Retail,Home Appliances,Chest Freezer 200L,1,245000,0.2,196000.0,195000,1000.0,0,Fulfilled In-Store
NEX-102256,2025-06-24,Kano,Nasarawa Road Branch,Corporate B2B,Computing & Peripherals,Ergonomic Office Chair Pro,1,185000,0.2,148000.0,130000,18000.0,0,Fulfilled In-Store
NEX-102257,2025-05-09,Abuja,Maitama Galleria,In-Store Retail,Computing & Peripherals,Logitech MX Master 3S Mouse,1,75000,0.0,75000.0,52000,23000.0,0,Delayed Transit
NEX-102258,2025-07-12,Lagos,Lekki Mall Outlet,Web Direct,Consumer Electronics,iPhone 15 Pro Max 256GB,1,1450000,0.0,1450000.0,1150000,300000.0,0,Fulfilled In-Store
NEX-102259,2025-05-10,Port Harcourt,GRA Phase 2 Store,In-Store Retail,Home Appliances,Digital Microwave Oven 25L,2,115000,0.1,207000.0,170000,37000.0,0,Delivered On-Time
NEX-102260,2025-06-02,Lagos,Ikeja Mega-Store,In-Store Retail,Home Appliances,Chest Freezer 200L,1,245000,0.0,245000.0,195000,50000.0,0,Delivered On-Time
NEX-102261,2025-07-11,Abuja,Maitama Galleria,Web Direct,Consumer Electronics,iPhone 15 Pro Max 256GB,1,1450000,0.1,1305000.0,1150000,155000.0,0,Delayed Transit
NEX-102262,2025-05-01,Abuja,Central Business District Store,Web Direct,Home Appliances,Smart Inverter Washing Machine 8kg,1,345000,0.15,293250.0,270000,23250.0,0,Delivered On-Time
NEX-102263,2025-06-05,Lagos,Ikeja Mega-Store,Corporate B2B,Consumer Electronics,Dell XPS 15 Laptop,2,1650000,0.05,3135000.0,2640000,495000.0,0,Delayed Transit
NEX-102264,2025-05-07,Lagos,Surulere Hub,Web Direct,Home Appliances,Double Door Refrigerator 320L,1,520000,0.2,416000.0,410000,6000.0,0,Delivered On-Time
NEX-102265,2025-06-28,Lagos,Surulere Hub,In-Store Retail,Home Appliances,Smart Inverter Washing Machine 8kg,2,345000,0.0,690000.0,540000,150000.0,0,Delivered On-Time
NEX-102266,2025-07-26,Kano,Nasarawa Road Branch,In-Store Retail,Consumer Electronics,MacBook Pro 14 M3,1,1850000,0.15,1572500.0,1480000,92500.0,0,Delivered On-Time
NEX-102267,2025-07-06,Port Harcourt,GRA Phase 2 Store,Mobile App,Consumer Electronics,Sony WH-1000XM5 Headphones,1,285000,0.05,270750.0,195000,75750.0,0,Delivered On-Time
NEX-102268,2025-07-06,Lagos,Ikeja Mega-Store,Web Direct,Computing & Peripherals,1TB NVMe Portable SSD,1,95000,0.0,95000.0,68000,27000.0,0,Delivered On-Time
NEX-102269,2025-06-24,Lagos,Ikeja Mega-Store,In-Store Retail,Consumer Electronics,Sony WH-1000XM5 Headphones,1,285000,0.0,285000.0,195000,90000.0,0,Delivered On-Time
NEX-102270,2025-06-20,Abuja,Maitama Galleria,Web Direct,Consumer Electronics,Sony WH-1000XM5 Headphones,1,285000,0.1,256500.0,195000,61500.0,0,Delivered On-Time
NEX-102271,2025-05-18,Lagos,Victoria Island Flagship,In-Store Retail,Home Appliances,Chest Freezer 200L,1,245000,0.1,220500.0,195000,25500.0,0,Fulfilled In-Store
NEX-102272,2025-06-27,Abuja,Wuse 2 Retail,In-Store Retail,Consumer Electronics,Dell XPS 15 Laptop,2,1650000,0.05,3135000.0,2640000,495000.0,0,Delivered On-Time
NEX-102273,2025-06-30,Port Harcourt,Trans-Amadi Commercial,In-Store Retail,Computing & Peripherals,Wireless Mechanical Keyboard,1,65000,0.05,61750.0,42000,19750.0,0,Delivered On-Time
NEX-102274,2025-07-01,Ibadan,Ring Road Complex,Web Direct,Home Appliances,Smart Inverter Washing Machine 8kg,2,345000,0.1,621000.0,540000,81000.0,0,Delivered On-Time
NEX-102275,2025-05-18,Port Harcourt,Trans-Amadi Commercial,In-Store Retail,Computing & Peripherals,1TB NVMe Portable SSD,1,95000,0.1,85500.0,68000,17500.0,0,Fulfilled In-Store
NEX-102276,2025-07-27,Port Harcourt,GRA Phase 2 Store,In-Store Retail,Consumer Electronics,iPhone 15 Pro Max 256GB,2,1450000,0.1,2610000.0,2300000,310000.0,0,Delivered On-Time
NEX-102277,2025-07-26,Kano,Nasarawa Road Branch,In-Store Retail,Computing & Peripherals,1TB NVMe Portable SSD,1,95000,0.1,85500.0,68000,17500.0,0,Delivered On-Time
NEX-102278,2025-07-12,Port Harcourt,GRA Phase 2 Store,In-Store Retail,Computing & Peripherals,Wireless Mechanical Keyboard,1,65000,0.0,65000.0,42000,23000.0,0,Delivered On-Time
NEX-102279,2025-05-30,Abuja,Maitama Galleria,Web Direct,Consumer Electronics,Dell XPS 15 Laptop,1,1650000,0.1,1485000.0,1320000,165000.0,0,Delivered On-Time
NEX-102280,2025-07-15,Lagos,Ikeja Mega-Store,In-Store Retail,Computing & Peripherals,1TB NVMe Portable SSD,1,95000,0.2,76000.0,68000,8000.0,0,Fulfilled In-Store
NEX-102281,2025-07-26,Port Harcourt,Trans-Amadi Commercial,In-Store Retail,Computing & Peripherals,1TB NVMe Portable SSD,1,95000,0.0,95000.0,68000,27000.0,0,Delivered On-Time
NEX-102282,2025-06-23,Lagos,Surulere Hub,Web Direct,Consumer Electronics,Dell XPS 15 Laptop,1,1650000,0.05,1567500.0,1320000,247500.0,0,Delivered On-Time
NEX-102283,2025-07-17,Abuja,Maitama Galleria,In-Store Retail,Computing & Peripherals,Ergonomic Office Chair Pro,1,185000,0.0,185000.0,130000,55000.0,0,Delivered On-Time
NEX-102284,2025-07-28,Abuja,Wuse 2 Retail,In-Store Retail,Computing & Peripherals,1TB NVMe Portable SSD,1,95000,0.05,90250.0,68000,22250.0,0,Delivered On-Time
NEX-102285,2025-07-21,Lagos,Lekki Mall Outlet,Web Direct,Computing & Peripherals,27-inch 4K Gaming Monitor,1,310000,0.05,294500.0,235000,59500.0,0,Fulfilled In-Store
NEX-102286,2025-05-07,Lagos,Lekki Mall Outlet,Corporate B2B,Computing & Peripherals,Wireless Mechanical Keyboard,3,65000,0.05,185250.0,126000,59250.0,0,Delivered On-Time
NEX-102287,2025-06-27,Port Harcourt,GRA Phase 2 Store,In-Store Retail,Computing & Peripherals,Wireless Mechanical Keyboard,1,65000,0.0,65000.0,42000,23000.0,0,Delivered On-Time
NEX-102288,2025-05-04,Abuja,Wuse 2 Retail,In-Store Retail,Computing & Peripherals,27-inch 4K Gaming Monitor,1,310000,0.0,310000.0,235000,75000.0,0,Delayed Transit
NEX-102289,2025-06-23,Abuja,Wuse 2 Retail,Corporate B2B,Home Appliances,Smart Inverter Washing Machine 8kg,2,345000,0.0,690000.0,540000,150000.0,0,Delayed Transit
NEX-102290,2025-05-03,Abuja,Wuse 2 Retail,Web Direct,Computing & Peripherals,Ergonomic Office Chair Pro,4,185000,0.0,740000.0,520000,220000.0,0,Delayed Transit
NEX-102291,2025-05-12,Lagos,Ikeja Mega-Store,In-Store Retail,Computing & Peripherals,27-inch 4K Gaming Monitor,2,310000,0.15,527000.0,470000,57000.0,0,Delivered On-Time
NEX-102292,2025-06-30,Lagos,Victoria Island Flagship,In-Store Retail,Consumer Electronics,Dell XPS 15 Laptop,1,1650000,0.0,1650000.0,1320000,330000.0,0,Delivered On-Time
NEX-102293,2025-07-21,Port Harcourt,GRA Phase 2 Store,Mobile App,Home Appliances,Double Door Refrigerator 320L,1,520000,0.15,442000.0,410000,32000.0,0,Delivered On-Time
NEX-102294,2025-07-16,Lagos,Victoria Island Flagship,Web Direct,Home Appliances,Chest Freezer 200L,1,245000,0.37,154961.4,195000,-40038.6,0,Delivered On-Time
NEX-102295,2025-05-02,Port Harcourt,Trans-Amadi Commercial,Corporate B2B,Computing & Peripherals,Wireless Mechanical Keyboard,1,65000,0.05,61750.0,42000,19750.0,0,Delivered On-Time
NEX-102296,2025-05-03,Abuja,Central Business District Store,Mobile App,Home Appliances,Smart Inverter Washing Machine 8kg,1,345000,0.0,345000.0,270000,75000.0,0,Delivered On-Time
NEX-102297,2025-06-21,Port Harcourt,GRA Phase 2 Store,In-Store Retail,Home Appliances,Digital Microwave Oven 25L,1,115000,0.15,97750.0,85000,12750.0,0,Delivered On-Time
NEX-102298,2025-05-18,Port Harcourt,Trans-Amadi Commercial,In-Store Retail,Home Appliances,Double Door Refrigerator 320L,1,520000,0.0,520000.0,410000,110000.0,0,Delivered On-Time
NEX-102299,2025-07-08,Port Harcourt,Trans-Amadi Commercial,Corporate B2B,Home Appliances,Inverter Split AC 1.5HP (AC-902),4,385000,0.15,1309000.0,1240000,69000.0,0,Delivered On-Time
NEX-102300,2025-07-05,Abuja,Central Business District Store,In-Store Retail,Computing & Peripherals,1TB NVMe Portable SSD,1,95000,0.05,90250.0,68000,22250.0,0,Delivered On-Time
NEX-102301,2025-07-31,Lagos,Victoria Island Flagship,Mobile App,Consumer Electronics,iPhone 15 Pro Max 256GB,1,1450000,0.0,1450000.0,1150000,300000.0,0,Delayed Transit
NEX-102302,2025-07-19,Ibadan,Bodija Outlet,In-Store Retail,Consumer Electronics,iPhone 15 Pro Max 256GB,1,1450000,0.0,1450000.0,1150000,300000.0,0,Returned
NEX-102303,2025-07-25,Kano,Nasarawa Road Branch,Web Direct,Home Appliances,Double Door Refrigerator 320L,1,520000,0.0,520000.0,410000,110000.0,0,Delivered On-Time
NEX-102304,2025-07-19,Lagos,Surulere Hub,In-Store Retail,Consumer Electronics,Sony WH-1000XM5 Headphones,3,285000,0.05,812250.0,585000,227250.0,0,Delivered On-Time
NEX-102305,2025-06-14,Lagos,Victoria Island Flagship,Web Direct,Computing & Peripherals,1TB NVMe Portable SSD,2,95000,0.1,171000.0,136000,35000.0,0,Delivered On-Time
NEX-102306,2025-07-10,Port Harcourt,Trans-Amadi Commercial,Web Direct,Home Appliances,Digital Microwave Oven 25L,1,115000,0.0,115000.0,85000,30000.0,0,Delivered On-Time
NEX-102307,2025-06-08,Lagos,Lekki Mall Outlet,Web Direct,Consumer Electronics,Dell XPS 15 Laptop,3,1650000,0.1,4455000.0,3960000,495000.0,0,Fulfilled In-Store
NEX-102308,2025-05-13,Lagos,Victoria Island Flagship,Mobile App,Computing & Peripherals,27-inch 4K Gaming Monitor,1,310000,0.0,310000.0,235000,75000.0,1,Returned
NEX-102309,2025-05-09,Lagos,Ikeja Mega-Store,Web Direct,Computing & Peripherals,Logitech MX Master 3S Mouse,3,75000,0.0,225000.0,156000,69000.0,0,Delayed Transit
NEX-102310,2025-05-09,Ibadan,Bodija Outlet,Web Direct,Computing & Peripherals,Wireless Mechanical Keyboard,2,65000,0.15,110500.0,84000,26500.0,0,Delivered On-Time
NEX-102311,2025-05-28,Lagos,Ikeja Mega-Store,In-Store Retail,Computing & Peripherals,Logitech MX Master 3S Mouse,1,75000,0.15,63750.0,52000,11750.0,0,Delivered On-Time
NEX-102312,2025-05-05,Abuja,Wuse 2 Retail,In-Store Retail,Home Appliances,Digital Microwave Oven 25L,1,115000,0.1,103500.0,85000,18500.0,0,Delayed Transit
NEX-102313,2025-06-07,Kano,Bompai Trade Centre,Web Direct,Computing & Peripherals,Wireless Mechanical Keyboard,1,65000,0.0,65000.0,42000,23000.0,0,Delivered On-Time
NEX-102314,2025-07-12,Ibadan,Bodija Outlet,In-Store Retail,Consumer Electronics,Dell XPS 15 Laptop,3,1650000,0.05,4702500.0,3960000,742500.0,0,Delivered On-Time
NEX-102315,2025-07-12,Ibadan,Ring Road Complex,Web Direct,Home Appliances,Digital Microwave Oven 25L,1,115000,0.15,97750.0,85000,12750.0,0,Delayed Transit
NEX-102316,2025-06-01,Abuja,Central Business District Store,In-Store Retail,Home Appliances,Digital Microwave Oven 25L,1,115000,0.05,109250.0,85000,24250.0,0,Returned
NEX-102317,2025-05-20,Port Harcourt,Trans-Amadi Commercial,Corporate B2B,Consumer Electronics,MacBook Pro 14 M3,1,1850000,0.15,1572500.0,1480000,92500.0,0,Delivered On-Time
NEX-102318,2025-05-21,Lagos,Ikeja Mega-Store,Web Direct,Home Appliances,Chest Freezer 200L,1,245000,0.0,245000.0,195000,50000.0,1,Returned
NEX-102319,2025-07-03,Lagos,Victoria Island Flagship,In-Store Retail,Home Appliances,Inverter Split AC 1.5HP (AC-902),1,385000,0.29,273882.8,310000,-36117.2,0,Delayed Transit
NEX-102320,2025-05-06,Lagos,Lekki Mall Outlet,Corporate B2B,Computing & Peripherals,1TB NVMe Portable SSD,1,95000,0.0,95000.0,68000,27000.0,0,Delivered On-Time
NEX-102321,2025-05-27,Abuja,Central Business District Store,In-Store Retail,Consumer Electronics,MacBook Pro 14 M3,2,1850000,0.0,3700000.0,2960000,740000.0,0,Delivered On-Time
NEX-102322,2025-07-17,Lagos,Lekki Mall Outlet,In-Store Retail,Consumer Electronics,Sony WH-1000XM5 Headphones,2,285000,0.05,541500.0,390000,151500.0,0,Fulfilled In-Store
NEX-102323,2025-06-10,Ibadan,Ring Road Complex,Web Direct,Home Appliances,Digital Microwave Oven 25L,1,115000,0.1,103500.0,85000,18500.0,0,Fulfilled In-Store
NEX-102324,2025-07-20,Lagos,Lekki Mall Outlet,In-Store Retail,Computing & Peripherals,Wireless Mechanical Keyboard,4,65000,0.0,260000.0,168000,92000.0,0,Delivered On-Time
NEX-102325,2025-06-04,Lagos,Victoria Island Flagship,Mobile App,Consumer Electronics,Dell XPS 15 Laptop,2,1650000,0.05,3135000.0,2640000,495000.0,0,Delivered On-Time
NEX-102326,2025-06-14,Abuja,Central Business District Store,Web Direct,Consumer Electronics,MacBook Pro 14 M3,3,1850000,0.05,5272500.0,4440000,832500.0,0,Fulfilled In-Store
NEX-102327,2025-06-20,Abuja,Central Business District Store,Web Direct,Consumer Electronics,Sony WH-1000XM5 Headphones,1,285000,0.05,270750.0,195000,75750.0,0,Delivered On-Time
NEX-102328,2025-05-02,Abuja,Central Business District Store,Web Direct,Home Appliances,Smart Inverter Washing Machine 8kg,1,345000,0.0,345000.0,270000,75000.0,1,Returned
NEX-102329,2025-07-17,Kano,Nasarawa Road Branch,In-Store Retail,Computing & Peripherals,27-inch 4K Gaming Monitor,1,310000,0.05,294500.0,235000,59500.0,0,Delivered On-Time
NEX-102330,2025-05-06,Lagos,Lekki Mall Outlet,Mobile App,Computing & Peripherals,1TB NVMe Portable SSD,1,95000,0.15,80750.0,68000,12750.0,0,Delayed Transit
NEX-102331,2025-05-03,Abuja,Wuse 2 Retail,Web Direct,Consumer Electronics,Sony WH-1000XM5 Headphones,1,285000,0.05,270750.0,195000,75750.0,0,Returned
NEX-102332,2025-06-18,Lagos,Surulere Hub,Web Direct,Consumer Electronics,iPhone 15 Pro Max 256GB,2,1450000,0.0,2900000.0,2300000,600000.0,0,Delivered On-Time
NEX-102333,2025-05-25,Abuja,Maitama Galleria,In-Store Retail,Consumer Electronics,Dell XPS 15 Laptop,3,1650000,0.15,4207500.0,3960000,247500.0,0,Fulfilled In-Store
NEX-102334,2025-07-02,Lagos,Surulere Hub,Mobile App,Consumer Electronics,Dell XPS 15 Laptop,1,1650000,0.2,1320000.0,1320000,0.0,0,Delivered On-Time
NEX-102335,2025-07-18,Lagos,Lekki Mall Outlet,Corporate B2B,Consumer Electronics,Galaxy S24 Ultra 512GB,1,1250000,0.15,1062500.0,950000,112500.0,0,Delivered On-Time
NEX-102336,2025-05-13,Lagos,Lekki Mall Outlet,Web Direct,Computing & Peripherals,27-inch 4K Gaming Monitor,1,310000,0.1,279000.0,235000,44000.0,0,Delayed Transit
NEX-102337,2025-05-15,Abuja,Maitama Galleria,In-Store Retail,Home Appliances,Double Door Refrigerator 320L,1,520000,0.0,520000.0,410000,110000.0,0,Delivered On-Time
NEX-102338,2025-05-01,Abuja,Maitama Galleria,In-Store Retail,Home Appliances,Smart Inverter Washing Machine 8kg,1,345000,0.05,327750.0,270000,57750.0,0,Fulfilled In-Store
NEX-102339,2025-07-26,Kano,Nasarawa Road Branch,Mobile App,Consumer Electronics,Galaxy S24 Ultra 512GB,1,1250000,0.0,1250000.0,950000,300000.0,0,Delivered On-Time
NEX-102340,2025-07-19,Abuja,Wuse 2 Retail,In-Store Retail,Home Appliances,Digital Microwave Oven 25L,2,115000,0.05,218500.0,170000,48500.0,0,Delivered On-Time
NEX-102341,2025-06-22,Lagos,Lekki Mall Outlet,Web Direct,Computing & Peripherals,Logitech MX Master 3S Mouse,3,75000,0.0,225000.0,156000,69000.0,0,Delivered On-Time
NEX-102342,2025-06-19,Lagos,Lekki Mall Outlet,In-Store Retail,Home Appliances,Digital Microwave Oven 25L,2,115000,0.15,195500.0,170000,25500.0,1,Returned
NEX-102343,2025-07-06,Lagos,Lekki Mall Outlet,Mobile App,Consumer Electronics,Sony WH-1000XM5 Headphones,1,285000,0.0,285000.0,195000,90000.0,0,Fulfilled In-Store
NEX-102344,2025-06-17,Lagos,Ikeja Mega-Store,Web Direct,Home Appliances,Smart Inverter Washing Machine 8kg,2,345000,0.05,655500.0,540000,115500.0,0,Delivered On-Time
NEX-102345,2025-05-28,Abuja,Wuse 2 Retail,In-Store Retail,Consumer Electronics,Galaxy S24 Ultra 512GB,2,1250000,0.0,2500000.0,1900000,600000.0,1,Returned
NEX-102346,2025-05-03,Abuja,Maitama Galleria,In-Store Retail,Consumer Electronics,Sony WH-1000XM5 Headphones,2,285000,0.05,541500.0,390000,151500.0,0,Delivered On-Time
NEX-102347,2025-05-15,Abuja,Central Business District Store,Mobile App,Consumer Electronics,Galaxy S24 Ultra 512GB,1,1250000,0.05,1187500.0,950000,237500.0,0,Fulfilled In-Store
NEX-102348,2025-06-29,Lagos,Surulere Hub,Mobile App,Computing & Peripherals,Ergonomic Office Chair Pro,1,185000,0.0,185000.0,130000,55000.0,0,Returned
NEX-102349,2025-05-06,Lagos,Lekki Mall Outlet,Web Direct,Home Appliances,Double Door Refrigerator 320L,1,520000,0.0,520000.0,410000,110000.0,1,Returned
NEX-102350,2025-07-31,Abuja,Maitama Galleria,In-Store Retail,Home Appliances,Chest Freezer 200L,1,245000,0.15,208250.0,195000,13250.0,0,Fulfilled In-Store
NEX-102351,2025-06-20,Ibadan,Ring Road Complex,Corporate B2B,Computing & Peripherals,Ergonomic Office Chair Pro,1,185000,0.05,175750.0,130000,45750.0,0,Delivered On-Time
NEX-102352,2025-06-22,Lagos,Victoria Island Flagship,Mobile App,Home Appliances,Inverter Split AC 1.5HP (AC-902),2,385000,0.1,693000.0,620000,73000.0,0,Delivered On-Time
NEX-102353,2025-06-27,Lagos,Surulere Hub,Corporate B2B,Consumer Electronics,Sony WH-1000XM5 Headphones,3,285000,0.0,855000.0,585000,270000.0,0,Delivered On-Time
NEX-102354,2025-05-09,Lagos,Lekki Mall Outlet,In-Store Retail,Home Appliances,Double Door Refrigerator 320L,1,520000,0.0,520000.0,410000,110000.0,0,Delayed Transit
NEX-102355,2025-05-12,Lagos,Ikeja Mega-Store,In-Store Retail,Consumer Electronics,MacBook Pro 14 M3,1,1850000,0.05,1757500.0,1480000,277500.0,0,Delivered On-Time
NEX-102356,2025-06-08,Lagos,Victoria Island Flagship,Web Direct,Home Appliances,Digital Microwave Oven 25L,1,115000,0.0,115000.0,85000,30000.0,0,Delivered On-Time
NEX-102357,2025-06-16,Lagos,Lekki Mall Outlet,Web Direct,Home Appliances,Chest Freezer 200L,1,245000,0.1,220500.0,195000,25500.0,0,Fulfilled In-Store
NEX-102358,2025-05-11,Port Harcourt,Trans-Amadi Commercial,In-Store Retail,Computing & Peripherals,Ergonomic Office Chair Pro,2,185000,0.0,370000.0,260000,110000.0,0,Delivered On-Time
NEX-102359,2025-05-16,Abuja,Central Business District Store,Corporate B2B,Computing & Peripherals,1TB NVMe Portable SSD,1,95000,0.05,90250.0,68000,22250.0,0,Delivered On-Time
NEX-102360,2025-05-01,Lagos,Surulere Hub,In-Store Retail,Consumer Electronics,iPhone 15 Pro Max 256GB,5,1450000,0.05,6887500.0,5750000,1137500.0,0,Fulfilled In-Store
NEX-102361,2025-05-12,Abuja,Central Business District Store,Corporate B2B,Computing & Peripherals,27-inch 4K Gaming Monitor,1,310000,0.0,310000.0,235000,75000.0,0,Delivered On-Time
NEX-102362,2025-05-31,Lagos,Victoria Island Flagship,Web Direct,Computing & Peripherals,Logitech MX Master 3S Mouse,1,75000,0.05,71250.0,52000,19250.0,0,Returned
NEX-102363,2025-06-21,Lagos,Ikeja Mega-Store,In-Store Retail,Computing & Peripherals,Wireless Mechanical Keyboard,1,65000,0.1,58500.0,42000,16500.0,0,Fulfilled In-Store
NEX-102364,2025-06-28,Lagos,Victoria Island Flagship,In-Store Retail,Home Appliances,Digital Microwave Oven 25L,3,115000,0.05,327750.0,255000,72750.0,0,Delivered On-Time
NEX-102365,2025-07-08,Kano,Nasarawa Road Branch,In-Store Retail,Consumer Electronics,iPhone 15 Pro Max 256GB,1,1450000,0.0,1450000.0,1150000,300000.0,0,Delivered On-Time
NEX-102366,2025-06-24,Abuja,Central Business District Store,Corporate B2B,Consumer Electronics,Dell XPS 15 Laptop,1,1650000,0.0,1650000.0,1320000,330000.0,0,Delivered On-Time
NEX-102367,2025-05-10,Abuja,Wuse 2 Retail,In-Store Retail,Computing & Peripherals,27-inch 4K Gaming Monitor,2,310000,0.05,589000.0,470000,119000.0,0,Fulfilled In-Store
NEX-102368,2025-06-12,Port Harcourt,Trans-Amadi Commercial,In-Store Retail,Home Appliances,Inverter Split AC 1.5HP (AC-902),3,385000,0.0,1155000.0,930000,225000.0,0,Delayed Transit
NEX-102369,2025-07-19,Lagos,Victoria Island Flagship,In-Store Retail,Consumer Electronics,Sony WH-1000XM5 Headphones,2,285000,0.2,456000.0,390000,66000.0,0,Delivered On-Time
NEX-102370,2025-06-25,Ibadan,Ring Road Complex,Mobile App,Home Appliances,Digital Microwave Oven 25L,1,115000,0.0,115000.0,85000,30000.0,0,Delivered On-Time
NEX-102371,2025-07-04,Abuja,Central Business District Store,Mobile App,Home Appliances,Smart Inverter Washing Machine 8kg,2,345000,0.0,690000.0,540000,150000.0,0,Delivered On-Time
NEX-102372,2025-07-11,Lagos,Victoria Island Flagship,In-Store Retail,Consumer Electronics,MacBook Pro 14 M3,1,1850000,0.0,1850000.0,1480000,370000.0,0,Delivered On-Time
NEX-102373,2025-07-20,Lagos,Ikeja Mega-Store,Web Direct,Computing & Peripherals,Ergonomic Office Chair Pro,2,185000,0.0,370000.0,260000,110000.0,0,Delivered On-Time
NEX-102374,2025-07-22,Kano,Bompai Trade Centre,Corporate B2B,Home Appliances,Chest Freezer 200L,1,245000,0.05,232750.0,195000,37750.0,0,Delivered On-Time
NEX-102375,2025-05-01,Port Harcourt,Trans-Amadi Commercial,Corporate B2B,Consumer Electronics,Galaxy S24 Ultra 512GB,1,1250000,0.0,1250000.0,950000,300000.0,0,Delayed Transit
NEX-102376,2025-06-15,Abuja,Maitama Galleria,Corporate B2B,Home Appliances,Digital Microwave Oven 25L,2,115000,0.0,230000.0,170000,60000.0,0,Delivered On-Time
NEX-102377,2025-07-02,Abuja,Central Business District Store,In-Store Retail,Consumer Electronics,Dell XPS 15 Laptop,1,1650000,0.05,1567500.0,1320000,247500.0,0,Delivered On-Time
NEX-102378,2025-07-09,Port Harcourt,GRA Phase 2 Store,In-Store Retail,Computing & Peripherals,1TB NVMe Portable SSD,1,95000,0.05,90250.0,68000,22250.0,0,Delivered On-Time
NEX-102379,2025-06-10,Lagos,Lekki Mall Outlet,Web Direct,Computing & Peripherals,Wireless Mechanical Keyboard,1,65000,0.0,65000.0,42000,23000.0,0,Delivered On-Time
NEX-102380,2025-05-17,Lagos,Victoria Island Flagship,Mobile App,Home Appliances,Digital Microwave Oven 25L,1,115000,0.0,115000.0,85000,30000.0,0,Delivered On-Time
NEX-102381,2025-07-08,Port Harcourt,GRA Phase 2 Store,Web Direct,Consumer Electronics,MacBook Pro 14 M3,1,1850000,0.05,1757500.0,1480000,277500.0,0,Delivered On-Time
NEX-102382,2025-05-01,Abuja,Central Business District Store,Web Direct,Home Appliances,Double Door Refrigerator 320L,1,520000,0.0,520000.0,410000,110000.0,0,Delivered On-Time
NEX-102383,2025-06-08,Ibadan,Bodija Outlet,In-Store Retail,Computing & Peripherals,Wireless Mechanical Keyboard,1,65000,0.1,58500.0,42000,16500.0,0,Delayed Transit
NEX-102384,2025-05-09,Port Harcourt,GRA Phase 2 Store,Mobile App,Consumer Electronics,iPhone 15 Pro Max 256GB,1,1450000,0.05,1377500.0,1150000,227500.0,0,Delivered On-Time
NEX-102385,2025-07-24,Abuja,Maitama Galleria,In-Store Retail,Computing & Peripherals,27-inch 4K Gaming Monitor,1,310000,0.0,310000.0,235000,75000.0,0,Delayed Transit
NEX-102386,2025-06-02,Abuja,Maitama Galleria,In-Store Retail,Home Appliances,Chest Freezer 200L,1,245000,0.2,196000.0,195000,1000.0,0,Delivered On-Time
NEX-102387,2025-07-26,Lagos,Surulere Hub,Web Direct,Computing & Peripherals,Ergonomic Office Chair Pro,1,185000,0.1,166500.0,130000,36500.0,0,Delayed Transit
NEX-102388,2025-05-31,Ibadan,Bodija Outlet,In-Store Retail,Home Appliances,Inverter Split AC 1.5HP (AC-902),1,385000,0.05,365750.0,310000,55750.0,0,Delivered On-Time
NEX-102389,2025-05-11,Lagos,Victoria Island Flagship,In-Store Retail,Home Appliances,Smart Inverter Washing Machine 8kg,1,345000,0.0,345000.0,270000,75000.0,0,Delivered On-Time
NEX-102390,2025-06-05,Lagos,Surulere Hub,In-Store Retail,Home Appliances,Digital Microwave Oven 25L,1,115000,0.2,92000.0,85000,7000.0,0,Delivered On-Time
NEX-102391,2025-06-05,Lagos,Ikeja Mega-Store,In-Store Retail,Home Appliances,Smart Inverter Washing Machine 8kg,1,345000,0.1,310500.0,270000,40500.0,0,Fulfilled In-Store
NEX-102392,2025-06-07,Abuja,Maitama Galleria,In-Store Retail,Home Appliances,Smart Inverter Washing Machine 8kg,1,345000,0.0,345000.0,270000,75000.0,0,Delivered On-Time
NEX-102393,2025-06-08,Lagos,Surulere Hub,Mobile App,Consumer Electronics,iPhone 15 Pro Max 256GB,2,1450000,0.1,2610000.0,2300000,310000.0,0,Delivered On-Time
NEX-102394,2025-07-08,Ibadan,Ring Road Complex,Web Direct,Consumer Electronics,MacBook Pro 14 M3,2,1850000,0.15,3145000.0,2960000,185000.0,0,Delivered On-Time
NEX-102395,2025-06-01,Lagos,Ikeja Mega-Store,Corporate B2B,Home Appliances,Smart Inverter Washing Machine 8kg,1,345000,0.0,345000.0,270000,75000.0,0,Delivered On-Time
NEX-102396,2025-05-06,Port Harcourt,Trans-Amadi Commercial,Web Direct,Computing & Peripherals,1TB NVMe Portable SSD,2,95000,0.0,190000.0,136000,54000.0,0,Fulfilled In-Store
NEX-102397,2025-06-05,Port Harcourt,GRA Phase 2 Store,In-Store Retail,Computing & Peripherals,27-inch 4K Gaming Monitor,1,310000,0.0,310000.0,235000,75000.0,0,Delayed Transit
NEX-102398,2025-07-16,Abuja,Wuse 2 Retail,Corporate B2B,Consumer Electronics,MacBook Pro 14 M3,1,1850000,0.0,1850000.0,1480000,370000.0,0,Delivered On-Time
NEX-102399,2025-06-19,Abuja,Wuse 2 Retail,In-Store Retail,Home Appliances,Inverter Split AC 1.5HP (AC-902),1,385000,0.0,385000.0,310000,75000.0,0,Fulfilled In-Store
NEX-102400,2025-07-02,Lagos,Ikeja Mega-Store,Web Direct,Home Appliances,Double Door Refrigerator 320L,1,520000,0.35,339204.81,410000,-70795.19,0,Delivered On-Time
NEX-102401,2025-07-20,Port Harcourt,GRA Phase 2 Store,In-Store Retail,Home Appliances,Inverter Split AC 1.5HP (AC-902),1,385000,0.05,365750.0,310000,55750.0,0,Delayed Transit
NEX-102402,2025-05-06,Port Harcourt,GRA Phase 2 Store,In-Store Retail,Computing & Peripherals,1TB NVMe Portable SSD,4,95000,0.0,380000.0,272000,108000.0,0,Delayed Transit
NEX-102403,2025-05-03,Abuja,Maitama Galleria,In-Store Retail,Consumer Electronics,Galaxy S24 Ultra 512GB,1,1250000,0.0,1250000.0,950000,300000.0,0,Delivered On-Time
NEX-102404,2025-06-25,Abuja,Wuse 2 Retail,In-Store Retail,Consumer Electronics,MacBook Pro 14 M3,1,1850000,0.15,1572500.0,1480000,92500.0,0,Returned
NEX-102405,2025-07-27,Abuja,Central Business District Store,In-Store Retail,Computing & Peripherals,1TB NVMe Portable SSD,2,95000,0.0,190000.0,136000,54000.0,0,Fulfilled In-Store
NEX-102406,2025-07-06,Kano,Bompai Trade Centre,In-Store Retail,Home Appliances,Double Door Refrigerator 320L,1,520000,0.1,468000.0,410000,58000.0,0,Fulfilled In-Store
NEX-102407,2025-05-04,Port Harcourt,Trans-Amadi Commercial,Web Direct,Home Appliances,Chest Freezer 200L,2,245000,0.0,490000.0,390000,100000.0,0,Delivered On-Time
NEX-102408,2025-07-06,Lagos,Surulere Hub,In-Store Retail,Consumer Electronics,Sony WH-1000XM5 Headphones,1,285000,0.1,256500.0,195000,61500.0,0,Returned
NEX-102409,2025-07-27,Lagos,Ikeja Mega-Store,Mobile App,Computing & Peripherals,27-inch 4K Gaming Monitor,1,310000,0.05,294500.0,235000,59500.0,0,Delivered On-Time
NEX-102410,2025-06-18,Port Harcourt,Trans-Amadi Commercial,Web Direct,Home Appliances,Chest Freezer 200L,1,245000,0.1,220500.0,195000,25500.0,0,Fulfilled In-Store
NEX-102411,2025-05-31,Lagos,Victoria Island Flagship,In-Store Retail,Home Appliances,Inverter Split AC 1.5HP (AC-902),1,385000,0.05,365750.0,310000,55750.0,0,Returned
NEX-102412,2025-05-22,Lagos,Ikeja Mega-Store,In-Store Retail,Home Appliances,Smart Inverter Washing Machine 8kg,2,345000,0.15,586500.0,540000,46500.0,0,Delayed Transit
NEX-102413,2025-06-27,Lagos,Lekki Mall Outlet,Corporate B2B,Home Appliances,Chest Freezer 200L,1,245000,0.0,245000.0,195000,50000.0,0,Delivered On-Time
NEX-102414,2025-07-03,Lagos,Victoria Island Flagship,Web Direct,Consumer Electronics,Dell XPS 15 Laptop,1,1650000,0.05,1567500.0,1320000,247500.0,0,Delayed Transit
NEX-102415,2025-06-29,Abuja,Maitama Galleria,Web Direct,Home Appliances,Digital Microwave Oven 25L,1,115000,0.05,109250.0,85000,24250.0,0,Delivered On-Time
NEX-102416,2025-07-17,Port Harcourt,Trans-Amadi Commercial,In-Store Retail,Computing & Peripherals,Wireless Mechanical Keyboard,1,65000,0.05,61750.0,42000,19750.0,0,Delivered On-Time
NEX-102417,2025-05-03,Kano,Nasarawa Road Branch,Web Direct,Home Appliances,Inverter Split AC 1.5HP (AC-902),1,385000,0.05,365750.0,310000,55750.0,0,Delivered On-Time
NEX-102418,2025-07-20,Port Harcourt,GRA Phase 2 Store,Web Direct,Home Appliances,Inverter Split AC 1.5HP (AC-902),1,385000,0.1,346500.0,310000,36500.0,1,Returned
NEX-102419,2025-07-22,Port Harcourt,Trans-Amadi Commercial,Corporate B2B,Consumer Electronics,Dell XPS 15 Laptop,2,1650000,0.1,2970000.0,2640000,330000.0,1,Returned
NEX-102420,2025-05-01,Kano,Bompai Trade Centre,Web Direct,Computing & Peripherals,27-inch 4K Gaming Monitor,2,310000,0.0,620000.0,470000,150000.0,0,Delivered On-Time
NEX-102421,2025-05-19,Abuja,Central Business District Store,In-Store Retail,Computing & Peripherals,Wireless Mechanical Keyboard,1,65000,0.15,55250.0,42000,13250.0,0,Fulfilled In-Store
NEX-102422,2025-06-25,Abuja,Wuse 2 Retail,Mobile App,Consumer Electronics,iPhone 15 Pro Max 256GB,2,1450000,0.0,2900000.0,2300000,600000.0,0,Delivered On-Time
NEX-102423,2025-07-18,Lagos,Victoria Island Flagship,Mobile App,Consumer Electronics,MacBook Pro 14 M3,1,1850000,0.0,1850000.0,1480000,370000.0,0,Delivered On-Time
NEX-102424,2025-05-13,Port Harcourt,GRA Phase 2 Store,In-Store Retail,Home Appliances,Smart Inverter Washing Machine 8kg,1,345000,0.05,327750.0,270000,57750.0,0,Delivered On-Time
NEX-102425,2025-05-05,Lagos,Ikeja Mega-Store,Web Direct,Computing & Peripherals,1TB NVMe Portable SSD,1,95000,0.1,85500.0,68000,17500.0,0,Delayed Transit
NEX-102426,2025-06-05,Lagos,Lekki Mall Outlet,In-Store Retail,Computing & Peripherals,1TB NVMe Portable SSD,1,95000,0.2,76000.0,68000,8000.0,0,Delivered On-Time
NEX-102427,2025-07-01,Ibadan,Ring Road Complex,Corporate B2B,Consumer Electronics,MacBook Pro 14 M3,2,1850000,0.0,3700000.0,2960000,740000.0,0,Delivered On-Time
NEX-102428,2025-06-11,Abuja,Maitama Galleria,Corporate B2B,Computing & Peripherals,1TB NVMe Portable SSD,1,95000,0.0,95000.0,68000,27000.0,0,Fulfilled In-Store
NEX-102429,2025-06-27,Abuja,Wuse 2 Retail,In-Store Retail,Consumer Electronics,iPhone 15 Pro Max 256GB,1,1450000,0.0,1450000.0,1150000,300000.0,0,Delivered On-Time
NEX-102430,2025-06-24,Abuja,Maitama Galleria,In-Store Retail,Home Appliances,Chest Freezer 200L,2,245000,0.0,490000.0,390000,100000.0,0,Delivered On-Time
NEX-102431,2025-06-24,Port Harcourt,Trans-Amadi Commercial,Mobile App,Consumer Electronics,Galaxy S24 Ultra 512GB,1,1250000,0.15,1062500.0,950000,112500.0,0,Delivered On-Time
NEX-102432,2025-07-03,Abuja,Central Business District Store,Corporate B2B,Home Appliances,Chest Freezer 200L,3,245000,0.0,735000.0,585000,150000.0,0,Delivered On-Time
NEX-102433,2025-07-30,Abuja,Wuse 2 Retail,In-Store Retail,Consumer Electronics,Dell XPS 15 Laptop,1,1650000,0.05,1567500.0,1320000,247500.0,0,Delayed Transit
NEX-102434,2025-05-18,Abuja,Central Business District Store,In-Store Retail,Home Appliances,Smart Inverter Washing Machine 8kg,1,345000,0.2,276000.0,270000,6000.0,0,Delivered On-Time
NEX-102435,2025-05-12,Lagos,Lekki Mall Outlet,In-Store Retail,Home Appliances,Smart Inverter Washing Machine 8kg,1,345000,0.05,327750.0,270000,57750.0,0,Delivered On-Time
NEX-102436,2025-06-29,Kano,Bompai Trade Centre,In-Store Retail,Home Appliances,Digital Microwave Oven 25L,2,115000,0.0,230000.0,170000,60000.0,0,Delivered On-Time
NEX-102437,2025-07-20,Abuja,Wuse 2 Retail,In-Store Retail,Consumer Electronics,Sony WH-1000XM5 Headphones,1,285000,0.15,242250.0,195000,47250.0,0,Delivered On-Time
NEX-102438,2025-05-09,Lagos,Lekki Mall Outlet,In-Store Retail,Consumer Electronics,iPhone 15 Pro Max 256GB,1,1450000,0.05,1377500.0,1150000,227500.0,0,Delivered On-Time
NEX-102439,2025-07-22,Port Harcourt,Trans-Amadi Commercial,Corporate B2B,Consumer Electronics,iPhone 15 Pro Max 256GB,2,1450000,0.0,2900000.0,2300000,600000.0,0,Delivered On-Time
NEX-102440,2025-07-29,Kano,Bompai Trade Centre,Corporate B2B,Consumer Electronics,Sony WH-1000XM5 Headphones,2,285000,0.0,570000.0,390000,180000.0,0,Delivered On-Time
NEX-102441,2025-05-17,Abuja,Maitama Galleria,Web Direct,Consumer Electronics,iPhone 15 Pro Max 256GB,2,1450000,0.0,2900000.0,2300000,600000.0,0,Returned
NEX-102442,2025-07-21,Lagos,Ikeja Mega-Store,Web Direct,Computing & Peripherals,1TB NVMe Portable SSD,1,95000,0.1,85500.0,68000,17500.0,0,Fulfilled In-Store
NEX-102443,2025-06-23,Lagos,Surulere Hub,In-Store Retail,Computing & Peripherals,Logitech MX Master 3S Mouse,5,75000,0.0,375000.0,260000,115000.0,0,Delivered On-Time
NEX-102444,2025-06-10,Port Harcourt,GRA Phase 2 Store,In-Store Retail,Consumer Electronics,iPhone 15 Pro Max 256GB,2,1450000,0.1,2610000.0,2300000,310000.0,0,Delayed Transit
NEX-102445,2025-05-29,Lagos,Ikeja Mega-Store,In-Store Retail,Consumer Electronics,Sony WH-1000XM5 Headphones,4,285000,0.05,1083000.0,780000,303000.0,0,Delivered On-Time
NEX-102446,2025-07-19,Port Harcourt,GRA Phase 2 Store,In-Store Retail,Home Appliances,Chest Freezer 200L,1,245000,0.0,245000.0,195000,50000.0,0,Fulfilled In-Store
NEX-102447,2025-05-16,Lagos,Ikeja Mega-Store,Web Direct,Consumer Electronics,iPhone 15 Pro Max 256GB,2,1450000,0.0,2900000.0,2300000,600000.0,0,Fulfilled In-Store
NEX-102448,2025-06-16,Lagos,Lekki Mall Outlet,In-Store Retail,Home Appliances,Inverter Split AC 1.5HP (AC-902),1,385000,0.0,385000.0,310000,75000.0,0,Delivered On-Time
NEX-102449,2025-05-28,Lagos,Lekki Mall Outlet,Web Direct,Computing & Peripherals,Logitech MX Master 3S Mouse,3,75000,0.05,213750.0,156000,57750.0,0,Fulfilled In-Store
NEX-102450,2025-07-21,Lagos,Surulere Hub,In-Store Retail,Home Appliances,Inverter Split AC 1.5HP (AC-902),1,385000,0.28,275468.22,310000,-34531.78,1,Returned
NEX-102451,2025-07-10,Lagos,Victoria Island Flagship,Web Direct,Home Appliances,Smart Inverter Washing Machine 8kg,1,345000,0.35,223490.78,270000,-46509.22,0,Fulfilled In-Store
NEX-102452,2025-06-04,Port Harcourt,Trans-Amadi Commercial,Corporate B2B,Home Appliances,Digital Microwave Oven 25L,1,115000,0.05,109250.0,85000,24250.0,0,Delivered On-Time
NEX-102453,2025-06-08,Abuja,Central Business District Store,Mobile App,Consumer Electronics,MacBook Pro 14 M3,3,1850000,0.0,5550000.0,4440000,1110000.0,0,Delayed Transit
NEX-102454,2025-06-17,Abuja,Maitama Galleria,Web Direct,Consumer Electronics,iPhone 15 Pro Max 256GB,1,1450000,0.0,1450000.0,1150000,300000.0,0,Delivered On-Time
NEX-102455,2025-07-07,Abuja,Wuse 2 Retail,Corporate B2B,Consumer Electronics,Galaxy S24 Ultra 512GB,1,1250000,0.05,1187500.0,950000,237500.0,0,Delivered On-Time
NEX-102456,2025-06-06,Lagos,Surulere Hub,Web Direct,Home Appliances,Inverter Split AC 1.5HP (AC-902),1,385000,0.0,385000.0,310000,75000.0,0,Delivered On-Time
NEX-102457,2025-05-07,Lagos,Surulere Hub,Mobile App,Consumer Electronics,MacBook Pro 14 M3,1,1850000,0.0,1850000.0,1480000,370000.0,0,Delivered On-Time
NEX-102458,2025-05-30,Lagos,Surulere Hub,In-Store Retail,Consumer Electronics,Galaxy S24 Ultra 512GB,1,1250000,0.05,1187500.0,950000,237500.0,0,Delivered On-Time
NEX-102459,2025-07-18,Abuja,Wuse 2 Retail,Web Direct,Home Appliances,Smart Inverter Washing Machine 8kg,1,345000,0.1,310500.0,270000,40500.0,0,Delivered On-Time
NEX-102460,2025-07-10,Abuja,Central Business District Store,In-Store Retail,Home Appliances,Chest Freezer 200L,1,245000,0.0,245000.0,195000,50000.0,0,Delivered On-Time
NEX-102461,2025-06-03,Lagos,Victoria Island Flagship,In-Store Retail,Consumer Electronics,Galaxy S24 Ultra 512GB,1,1250000,0.0,1250000.0,950000,300000.0,0,Delivered On-Time
NEX-102462,2025-06-12,Ibadan,Bodija Outlet,Mobile App,Consumer Electronics,MacBook Pro 14 M3,3,1850000,0.0,5550000.0,4440000,1110000.0,0,Delivered On-Time
NEX-102463,2025-06-07,Port Harcourt,GRA Phase 2 Store,In-Store Retail,Home Appliances,Inverter Split AC 1.5HP (AC-902),1,385000,0.0,385000.0,310000,75000.0,0,Delivered On-Time
NEX-102464,2025-05-19,Lagos,Surulere Hub,In-Store Retail,Consumer Electronics,iPhone 15 Pro Max 256GB,2,1450000,0.05,2755000.0,2300000,455000.0,0,Fulfilled In-Store
NEX-102465,2025-06-05,Lagos,Lekki Mall Outlet,In-Store Retail,Computing & Peripherals,Wireless Mechanical Keyboard,1,65000,0.0,65000.0,42000,23000.0,0,Delivered On-Time
NEX-102466,2025-05-04,Lagos,Ikeja Mega-Store,Corporate B2B,Consumer Electronics,iPhone 15 Pro Max 256GB,1,1450000,0.0,1450000.0,1150000,300000.0,0,Delivered On-Time
NEX-102467,2025-05-30,Abuja,Maitama Galleria,In-Store Retail,Home Appliances,Inverter Split AC 1.5HP (AC-902),2,385000,0.0,770000.0,620000,150000.0,0,Delivered On-Time
NEX-102468,2025-06-22,Abuja,Maitama Galleria,In-Store Retail,Home Appliances,Double Door Refrigerator 320L,1,520000,0.0,520000.0,410000,110000.0,0,Delayed Transit
NEX-102469,2025-06-24,Port Harcourt,GRA Phase 2 Store,In-Store Retail,Computing & Peripherals,Logitech MX Master 3S Mouse,1,75000,0.0,75000.0,52000,23000.0,0,Delayed Transit
NEX-102470,2025-07-14,Ibadan,Ring Road Complex,In-Store Retail,Home Appliances,Digital Microwave Oven 25L,1,115000,0.15,97750.0,85000,12750.0,0,Delayed Transit
NEX-102471,2025-07-10,Abuja,Maitama Galleria,In-Store Retail,Home Appliances,Double Door Refrigerator 320L,1,520000,0.1,468000.0,410000,58000.0,0,Delayed Transit
NEX-102472,2025-06-19,Ibadan,Bodija Outlet,In-Store Retail,Home Appliances,Chest Freezer 200L,2,245000,0.0,490000.0,390000,100000.0,0,Delivered On-Time
NEX-102473,2025-05-21,Lagos,Victoria Island Flagship,Corporate B2B,Computing & Peripherals,27-inch 4K Gaming Monitor,1,310000,0.0,310000.0,235000,75000.0,0,Delivered On-Time
NEX-102474,2025-06-17,Lagos,Surulere Hub,Corporate B2B,Computing & Peripherals,Ergonomic Office Chair Pro,1,185000,0.15,157250.0,130000,27250.0,0,Fulfilled In-Store
NEX-102475,2025-06-20,Lagos,Lekki Mall Outlet,Web Direct,Home Appliances,Double Door Refrigerator 320L,1,520000,0.05,494000.0,410000,84000.0,0,Delivered On-Time
NEX-102476,2025-07-21,Kano,Bompai Trade Centre,Web Direct,Consumer Electronics,MacBook Pro 14 M3,1,1850000,0.15,1572500.0,1480000,92500.0,0,Delivered On-Time
NEX-102477,2025-07-15,Lagos,Ikeja Mega-Store,In-Store Retail,Consumer Electronics,iPhone 15 Pro Max 256GB,1,1450000,0.15,1232500.0,1150000,82500.0,0,Delivered On-Time
NEX-102478,2025-05-26,Port Harcourt,GRA Phase 2 Store,In-Store Retail,Consumer Electronics,MacBook Pro 14 M3,1,1850000,0.0,1850000.0,1480000,370000.0,0,Delivered On-Time
NEX-102479,2025-07-13,Lagos,Ikeja Mega-Store,In-Store Retail,Computing & Peripherals,Wireless Mechanical Keyboard,1,65000,0.05,61750.0,42000,19750.0,0,Delayed Transit
NEX-102480,2025-07-09,Port Harcourt,GRA Phase 2 Store,In-Store Retail,Home Appliances,Double Door Refrigerator 320L,1,520000,0.05,494000.0,410000,84000.0,0,Fulfilled In-Store
NEX-102481,2025-07-05,Abuja,Wuse 2 Retail,In-Store Retail,Consumer Electronics,iPhone 15 Pro Max 256GB,1,1450000,0.1,1305000.0,1150000,155000.0,0,Delivered On-Time
NEX-102482,2025-06-30,Abuja,Central Business District Store,Mobile App,Home Appliances,Chest Freezer 200L,1,245000,0.1,220500.0,195000,25500.0,0,Fulfilled In-Store
NEX-102483,2025-05-03,Abuja,Central Business District Store,In-Store Retail,Home Appliances,Chest Freezer 200L,1,245000,0.0,245000.0,195000,50000.0,0,Delivered On-Time
NEX-102484,2025-05-26,Abuja,Maitama Galleria,Corporate B2B,Home Appliances,Digital Microwave Oven 25L,1,115000,0.05,109250.0,85000,24250.0,0,Delayed Transit
NEX-102485,2025-07-21,Lagos,Lekki Mall Outlet,In-Store Retail,Home Appliances,Double Door Refrigerator 320L,3,520000,0.3,1093364.22,1230000,-136635.78,0,Delivered On-Time
NEX-102486,2025-07-14,Kano,Bompai Trade Centre,In-Store Retail,Home Appliances,Chest Freezer 200L,1,245000,0.1,220500.0,195000,25500.0,0,Delayed Transit
NEX-102487,2025-05-24,Abuja,Wuse 2 Retail,Mobile App,Computing & Peripherals,Ergonomic Office Chair Pro,1,185000,0.0,185000.0,130000,55000.0,0,Returned
NEX-102488,2025-05-04,Lagos,Victoria Island Flagship,In-Store Retail,Consumer Electronics,Dell XPS 15 Laptop,1,1650000,0.0,1650000.0,1320000,330000.0,0,Delivered On-Time
NEX-102489,2025-07-13,Lagos,Surulere Hub,Corporate B2B,Consumer Electronics,Dell XPS 15 Laptop,1,1650000,0.1,1485000.0,1320000,165000.0,1,Returned
NEX-102490,2025-05-25,Lagos,Lekki Mall Outlet,Mobile App,Consumer Electronics,Sony WH-1000XM5 Headphones,3,285000,0.0,855000.0,585000,270000.0,0,Fulfilled In-Store
NEX-102491,2025-07-27,Lagos,Ikeja Mega-Store,In-Store Retail,Computing & Peripherals,1TB NVMe Portable SSD,2,95000,0.0,190000.0,136000,54000.0,0,Returned
NEX-102492,2025-06-25,Abuja,Central Business District Store,In-Store Retail,Home Appliances,Chest Freezer 200L,1,245000,0.0,245000.0,195000,50000.0,0,Delivered On-Time
NEX-102493,2025-07-30,Abuja,Wuse 2 Retail,In-Store Retail,Consumer Electronics,Galaxy S24 Ultra 512GB,2,1250000,0.05,2375000.0,1900000,475000.0,0,Fulfilled In-Store
NEX-102494,2025-05-05,Lagos,Surulere Hub,Corporate B2B,Consumer Electronics,Sony WH-1000XM5 Headphones,3,285000,0.2,684000.0,585000,99000.0,0,Delivered On-Time
NEX-102495,2025-07-19,Abuja,Central Business District Store,In-Store Retail,Consumer Electronics,iPhone 15 Pro Max 256GB,1,1450000,0.15,1232500.0,1150000,82500.0,0,Delivered On-Time
NEX-102496,2025-06-03,Kano,Nasarawa Road Branch,In-Store Retail,Consumer Electronics,Galaxy S24 Ultra 512GB,1,1250000,0.05,1187500.0,950000,237500.0,0,Delayed Transit
NEX-102497,2025-07-02,Port Harcourt,GRA Phase 2 Store,In-Store Retail,Computing & Peripherals,Logitech MX Master 3S Mouse,1,75000,0.0,75000.0,52000,23000.0,0,Fulfilled In-Store
NEX-102498,2025-05-12,Port Harcourt,GRA Phase 2 Store,In-Store Retail,Consumer Electronics,Galaxy S24 Ultra 512GB,1,1250000,0.0,1250000.0,950000,300000.0,0,Delivered On-Time
NEX-102499,2025-05-18,Lagos,Surulere Hub,Web Direct,Consumer Electronics,iPhone 15 Pro Max 256GB,4,1450000,0.05,5510000.0,4600000,910000.0,0,Delivered On-Time
NEX-102500,2025-05-12,Lagos,Surulere Hub,Corporate B2B,Home Appliances,Smart Inverter Washing Machine 8kg,1,345000,0.05,327750.0,270000,57750.0,0,Fulfilled In-Store
NEX-102501,2025-07-17,Lagos,Surulere Hub,In-Store Retail,Computing & Peripherals,Ergonomic Office Chair Pro,1,185000,0.0,185000.0,130000,55000.0,0,Delayed Transit
NEX-102502,2025-05-31,Abuja,Central Business District Store,In-Store Retail,Computing & Peripherals,Logitech MX Master 3S Mouse,1,75000,0.2,60000.0,52000,8000.0,0,Delivered On-Time
NEX-102503,2025-07-13,Ibadan,Ring Road Complex,In-Store Retail,Consumer Electronics,Galaxy S24 Ultra 512GB,1,1250000,0.15,1062500.0,950000,112500.0,0,Delivered On-Time
NEX-102504,2025-06-12,Lagos,Ikeja Mega-Store,In-Store Retail,Computing & Peripherals,Logitech MX Master 3S Mouse,4,75000,0.0,300000.0,208000,92000.0,0,Delivered On-Time
NEX-102505,2025-06-14,Lagos,Lekki Mall Outlet,In-Store Retail,Computing & Peripherals,Logitech MX Master 3S Mouse,2,75000,0.15,127500.0,104000,23500.0,1,Returned
NEX-102506,2025-06-06,Abuja,Central Business District Store,Mobile App,Home Appliances,Chest Freezer 200L,1,245000,0.1,220500.0,195000,25500.0,0,Delivered On-Time
NEX-102507,2025-06-15,Lagos,Lekki Mall Outlet,Web Direct,Computing & Peripherals,Wireless Mechanical Keyboard,5,65000,0.0,325000.0,210000,115000.0,0,Returned
NEX-102508,2025-07-29,Port Harcourt,Trans-Amadi Commercial,In-Store Retail,Computing & Peripherals,Logitech MX Master 3S Mouse,1,75000,0.0,75000.0,52000,23000.0,0,Fulfilled In-Store
NEX-102509,2025-05-24,Lagos,Ikeja Mega-Store,In-Store Retail,Home Appliances,Digital Microwave Oven 25L,1,115000,0.05,109250.0,85000,24250.0,0,Delivered On-Time
NEX-102510,2025-06-18,Kano,Bompai Trade Centre,In-Store Retail,Consumer Electronics,Galaxy S24 Ultra 512GB,1,1250000,0.2,1000000.0,950000,50000.0,0,Delivered On-Time
NEX-102511,2025-05-29,Lagos,Surulere Hub,Web Direct,Home Appliances,Double Door Refrigerator 320L,1,520000,0.1,468000.0,410000,58000.0,0,Fulfilled In-Store
NEX-102512,2025-05-14,Kano,Nasarawa Road Branch,Mobile App,Home Appliances,Digital Microwave Oven 25L,1,115000,0.0,115000.0,85000,30000.0,0,Returned
NEX-102513,2025-05-13,Abuja,Wuse 2 Retail,In-Store Retail,Home Appliances,Digital Microwave Oven 25L,1,115000,0.05,109250.0,85000,24250.0,0,Delivered On-Time
NEX-102514,2025-07-24,Lagos,Victoria Island Flagship,In-Store Retail,Consumer Electronics,iPhone 15 Pro Max 256GB,1,1450000,0.0,1450000.0,1150000,300000.0,1,Returned
NEX-102515,2025-06-11,Kano,Nasarawa Road Branch,In-Store Retail,Computing & Peripherals,1TB NVMe Portable SSD,1,95000,0.0,95000.0,68000,27000.0,0,Delivered On-Time
NEX-102516,2025-07-10,Lagos,Ikeja Mega-Store,In-Store Retail,Consumer Electronics,Galaxy S24 Ultra 512GB,3,1250000,0.0,3750000.0,2850000,900000.0,1,Returned
NEX-102517,2025-06-10,Lagos,Surulere Hub,Mobile App,Consumer Electronics,Dell XPS 15 Laptop,1,1650000,0.15,1402500.0,1320000,82500.0,1,Returned
NEX-102518,2025-06-07,Lagos,Lekki Mall Outlet,Mobile App,Computing & Peripherals,27-inch 4K Gaming Monitor,1,310000,0.05,294500.0,235000,59500.0,0,Delivered On-Time
NEX-102519,2025-07-09,Lagos,Ikeja Mega-Store,In-Store Retail,Home Appliances,Inverter Split AC 1.5HP (AC-902),1,385000,0.37,242163.71,310000,-67836.29,0,Delivered On-Time
NEX-102520,2025-06-08,Lagos,Lekki Mall Outlet,Corporate B2B,Consumer Electronics,Dell XPS 15 Laptop,2,1650000,0.0,3300000.0,2640000,660000.0,0,Delivered On-Time
NEX-102521,2025-07-11,Lagos,Surulere Hub,In-Store Retail,Computing & Peripherals,Wireless Mechanical Keyboard,1,65000,0.0,65000.0,42000,23000.0,0,Delayed Transit
NEX-102522,2025-07-18,Lagos,Surulere Hub,In-Store Retail,Home Appliances,Digital Microwave Oven 25L,5,115000,0.34,381843.4,425000,-43156.6,0,Delivered On-Time
NEX-102523,2025-05-30,Abuja,Wuse 2 Retail,Corporate B2B,Computing & Peripherals,Wireless Mechanical Keyboard,1,65000,0.1,58500.0,42000,16500.0,0,Fulfilled In-Store
NEX-102524,2025-06-26,Lagos,Victoria Island Flagship,Corporate B2B,Home Appliances,Chest Freezer 200L,1,245000,0.0,245000.0,195000,50000.0,0,Delivered On-Time
NEX-102525,2025-06-14,Kano,Bompai Trade Centre,Web Direct,Home Appliances,Inverter Split AC 1.5HP (AC-902),1,385000,0.0,385000.0,310000,75000.0,0,Delayed Transit
NEX-102526,2025-06-23,Abuja,Maitama Galleria,Web Direct,Consumer Electronics,MacBook Pro 14 M3,1,1850000,0.0,1850000.0,1480000,370000.0,0,Delivered On-Time
NEX-102527,2025-05-02,Lagos,Ikeja Mega-Store,In-Store Retail,Home Appliances,Digital Microwave Oven 25L,1,115000,0.05,109250.0,85000,24250.0,0,Delivered On-Time
NEX-102528,2025-05-06,Lagos,Lekki Mall Outlet,In-Store Retail,Home Appliances,Inverter Split AC 1.5HP (AC-902),3,385000,0.0,1155000.0,930000,225000.0,0,Delivered On-Time
NEX-102529,2025-07-10,Lagos,Lekki Mall Outlet,In-Store Retail,Consumer Electronics,Dell XPS 15 Laptop,1,1650000,0.05,1567500.0,1320000,247500.0,0,Delayed Transit
NEX-102530,2025-07-21,Abuja,Maitama Galleria,In-Store Retail,Home Appliances,Digital Microwave Oven 25L,2,115000,0.05,218500.0,170000,48500.0,0,Delivered On-Time
NEX-102531,2025-05-02,Abuja,Wuse 2 Retail,In-Store Retail,Computing & Peripherals,Wireless Mechanical Keyboard,3,65000,0.0,195000.0,126000,69000.0,0,Delivered On-Time
NEX-102532,2025-05-05,Lagos,Surulere Hub,Web Direct,Home Appliances,Inverter Split AC 1.5HP (AC-902),2,385000,0.0,770000.0,620000,150000.0,0,Delivered On-Time
NEX-102533,2025-05-14,Lagos,Lekki Mall Outlet,In-Store Retail,Home Appliances,Chest Freezer 200L,3,245000,0.0,735000.0,585000,150000.0,0,Delivered On-Time
NEX-102534,2025-06-18,Lagos,Lekki Mall Outlet,In-Store Retail,Home Appliances,Inverter Split AC 1.5HP (AC-902),1,385000,0.1,346500.0,310000,36500.0,0,Delivered On-Time
NEX-102535,2025-06-13,Abuja,Maitama Galleria,In-Store Retail,Consumer Electronics,Galaxy S24 Ultra 512GB,1,1250000,0.05,1187500.0,950000,237500.0,0,Delivered On-Time
NEX-102536,2025-05-29,Lagos,Ikeja Mega-Store,Mobile App,Consumer Electronics,Dell XPS 15 Laptop,1,1650000,0.0,1650000.0,1320000,330000.0,0,Delayed Transit
NEX-102537,2025-05-12,Lagos,Ikeja Mega-Store,In-Store Retail,Consumer Electronics,Dell XPS 15 Laptop,1,1650000,0.0,1650000.0,1320000,330000.0,0,Delivered On-Time
NEX-102538,2025-07-09,Kano,Nasarawa Road Branch,Mobile App,Home Appliances,Double Door Refrigerator 320L,1,520000,0.15,442000.0,410000,32000.0,0,Delivered On-Time
NEX-102539,2025-05-01,Lagos,Victoria Island Flagship,Corporate B2B,Consumer Electronics,iPhone 15 Pro Max 256GB,1,1450000,0.0,1450000.0,1150000,300000.0,0,Delivered On-Time
NEX-102540,2025-07-08,Port Harcourt,Trans-Amadi Commercial,In-Store Retail,Consumer Electronics,Galaxy S24 Ultra 512GB,1,1250000,0.05,1187500.0,950000,237500.0,0,Delivered On-Time
NEX-102541,2025-07-22,Lagos,Lekki Mall Outlet,Web Direct,Home Appliances,Chest Freezer 200L,1,245000,0.34,161609.28,195000,-33390.72,1,Returned
NEX-102542,2025-05-24,Port Harcourt,Trans-Amadi Commercial,In-Store Retail,Home Appliances,Double Door Refrigerator 320L,1,520000,0.0,520000.0,410000,110000.0,0,Delayed Transit
NEX-102543,2025-07-29,Abuja,Wuse 2 Retail,Web Direct,Home Appliances,Chest Freezer 200L,1,245000,0.1,220500.0,195000,25500.0,0,Delayed Transit
NEX-102544,2025-05-19,Lagos,Lekki Mall Outlet,Corporate B2B,Home Appliances,Double Door Refrigerator 320L,1,520000,0.0,520000.0,410000,110000.0,0,Delayed Transit
NEX-102545,2025-06-29,Abuja,Wuse 2 Retail,Corporate B2B,Home Appliances,Smart Inverter Washing Machine 8kg,1,345000,0.0,345000.0,270000,75000.0,0,Delivered On-Time
NEX-102546,2025-05-02,Port Harcourt,GRA Phase 2 Store,Web Direct,Home Appliances,Double Door Refrigerator 320L,1,520000,0.05,494000.0,410000,84000.0,0,Delivered On-Time
NEX-102547,2025-06-27,Ibadan,Bodija Outlet,Mobile App,Computing & Peripherals,Logitech MX Master 3S Mouse,1,75000,0.0,75000.0,52000,23000.0,0,Delayed Transit
NEX-102548,2025-06-23,Lagos,Ikeja Mega-Store,Corporate B2B,Consumer Electronics,Dell XPS 15 Laptop,1,1650000,0.1,1485000.0,1320000,165000.0,0,Delivered On-Time
NEX-102549,2025-06-22,Abuja,Wuse 2 Retail,Web Direct,Consumer Electronics,iPhone 15 Pro Max 256GB,1,1450000,0.05,1377500.0,1150000,227500.0,0,Delayed Transit
NEX-102550,2025-07-27,Kano,Nasarawa Road Branch,In-Store Retail,Home Appliances,Digital Microwave Oven 25L,1,115000,0.0,115000.0,85000,30000.0,0,Delayed Transit
NEX-102551,2025-05-16,Abuja,Wuse 2 Retail,In-Store Retail,Consumer Electronics,Sony WH-1000XM5 Headphones,2,285000,0.05,541500.0,390000,151500.0,0,Delivered On-Time
NEX-102552,2025-06-23,Lagos,Surulere Hub,In-Store Retail,Home Appliances,Double Door Refrigerator 320L,1,520000,0.0,520000.0,410000,110000.0,0,Fulfilled In-Store
NEX-102553,2025-06-01,Abuja,Maitama Galleria,Corporate B2B,Consumer Electronics,Dell XPS 15 Laptop,2,1650000,0.05,3135000.0,2640000,495000.0,0,Fulfilled In-Store
NEX-102554,2025-07-29,Abuja,Central Business District Store,In-Store Retail,Home Appliances,Smart Inverter Washing Machine 8kg,1,345000,0.05,327750.0,270000,57750.0,0,Delivered On-Time
NEX-102555,2025-05-27,Lagos,Surulere Hub,Corporate B2B,Computing & Peripherals,Ergonomic Office Chair Pro,1,185000,0.05,175750.0,130000,45750.0,0,Delayed Transit
NEX-102556,2025-06-22,Lagos,Ikeja Mega-Store,Corporate B2B,Home Appliances,Double Door Refrigerator 320L,3,520000,0.0,1560000.0,1230000,330000.0,0,Fulfilled In-Store
NEX-102557,2025-07-25,Kano,Bompai Trade Centre,Corporate B2B,Consumer Electronics,Sony WH-1000XM5 Headphones,1,285000,0.0,285000.0,195000,90000.0,0,Fulfilled In-Store
NEX-102558,2025-05-29,Kano,Bompai Trade Centre,In-Store Retail,Consumer Electronics,Sony WH-1000XM5 Headphones,1,285000,0.0,285000.0,195000,90000.0,0,Delivered On-Time
NEX-102559,2025-06-01,Abuja,Maitama Galleria,Web Direct,Home Appliances,Digital Microwave Oven 25L,1,115000,0.2,92000.0,85000,7000.0,0,Delivered On-Time
NEX-102560,2025-06-07,Abuja,Central Business District Store,In-Store Retail,Computing & Peripherals,Ergonomic Office Chair Pro,2,185000,0.1,333000.0,260000,73000.0,1,Returned
NEX-102561,2025-05-18,Lagos,Surulere Hub,Web Direct,Computing & Peripherals,Logitech MX Master 3S Mouse,1,75000,0.05,71250.0,52000,19250.0,0,Delivered On-Time
NEX-102562,2025-07-26,Lagos,Surulere Hub,Corporate B2B,Home Appliances,Digital Microwave Oven 25L,2,115000,0.3,161475.56,170000,-8524.44,0,Delayed Transit
NEX-102563,2025-07-29,Lagos,Surulere Hub,Web Direct,Consumer Electronics,MacBook Pro 14 M3,1,1850000,0.0,1850000.0,1480000,370000.0,0,Delivered On-Time
NEX-102564,2025-05-15,Lagos,Lekki Mall Outlet,Mobile App,Consumer Electronics,iPhone 15 Pro Max 256GB,2,1450000,0.0,2900000.0,2300000,600000.0,0,Delivered On-Time
NEX-102565,2025-07-28,Ibadan,Ring Road Complex,In-Store Retail,Home Appliances,Digital Microwave Oven 25L,2,115000,0.05,218500.0,170000,48500.0,0,Delivered On-Time
NEX-102566,2025-07-06,Lagos,Ikeja Mega-Store,In-Store Retail,Consumer Electronics,iPhone 15 Pro Max 256GB,1,1450000,0.05,1377500.0,1150000,227500.0,0,Delivered On-Time
NEX-102567,2025-07-27,Port Harcourt,GRA Phase 2 Store,Corporate B2B,Consumer Electronics,Sony WH-1000XM5 Headphones,1,285000,0.15,242250.0,195000,47250.0,0,Fulfilled In-Store
NEX-102568,2025-07-29,Port Harcourt,Trans-Amadi Commercial,In-Store Retail,Home Appliances,Digital Microwave Oven 25L,1,115000,0.1,103500.0,85000,18500.0,1,Returned
NEX-102569,2025-07-20,Lagos,Victoria Island Flagship,Corporate B2B,Computing & Peripherals,Logitech MX Master 3S Mouse,1,75000,0.0,75000.0,52000,23000.0,0,Fulfilled In-Store
NEX-102570,2025-05-20,Lagos,Ikeja Mega-Store,Corporate B2B,Computing & Peripherals,1TB NVMe Portable SSD,1,95000,0.15,80750.0,68000,12750.0,0,Fulfilled In-Store
NEX-102571,2025-07-09,Lagos,Victoria Island Flagship,In-Store Retail,Home Appliances,Chest Freezer 200L,1,245000,0.37,153198.58,195000,-41801.42,0,Fulfilled In-Store
NEX-102572,2025-07-28,Abuja,Maitama Galleria,In-Store Retail,Computing & Peripherals,27-inch 4K Gaming Monitor,1,310000,0.0,310000.0,235000,75000.0,0,Delayed Transit
NEX-102573,2025-06-02,Abuja,Maitama Galleria,Corporate B2B,Computing & Peripherals,Wireless Mechanical Keyboard,1,65000,0.2,52000.0,42000,10000.0,0,Delivered On-Time
NEX-102574,2025-07-31,Port Harcourt,GRA Phase 2 Store,Corporate B2B,Consumer Electronics,MacBook Pro 14 M3,1,1850000,0.1,1665000.0,1480000,185000.0,0,Delivered On-Time
NEX-102575,2025-05-28,Lagos,Ikeja Mega-Store,In-Store Retail,Home Appliances,Smart Inverter Washing Machine 8kg,1,345000,0.05,327750.0,270000,57750.0,0,Delivered On-Time
NEX-102576,2025-07-28,Kano,Nasarawa Road Branch,Web Direct,Consumer Electronics,iPhone 15 Pro Max 256GB,4,1450000,0.1,5220000.0,4600000,620000.0,0,Fulfilled In-Store
NEX-102577,2025-05-05,Lagos,Ikeja Mega-Store,In-Store Retail,Consumer Electronics,MacBook Pro 14 M3,1,1850000,0.0,1850000.0,1480000,370000.0,0,Delivered On-Time
NEX-102578,2025-05-10,Abuja,Maitama Galleria,In-Store Retail,Computing & Peripherals,27-inch 4K Gaming Monitor,1,310000,0.05,294500.0,235000,59500.0,0,Delivered On-Time
NEX-102579,2025-06-15,Abuja,Central Business District Store,In-Store Retail,Computing & Peripherals,27-inch 4K Gaming Monitor,1,310000,0.0,310000.0,235000,75000.0,0,Delivered On-Time
NEX-102580,2025-06-27,Lagos,Surulere Hub,Web Direct,Consumer Electronics,Galaxy S24 Ultra 512GB,4,1250000,0.05,4750000.0,3800000,950000.0,0,Delivered On-Time
NEX-102581,2025-07-24,Lagos,Victoria Island Flagship,In-Store Retail,Consumer Electronics,Sony WH-1000XM5 Headphones,1,285000,0.0,285000.0,195000,90000.0,0,Delivered On-Time
NEX-102582,2025-07-06,Ibadan,Ring Road Complex,In-Store Retail,Computing & Peripherals,Logitech MX Master 3S Mouse,2,75000,0.0,150000.0,104000,46000.0,0,Delayed Transit
NEX-102583,2025-07-06,Lagos,Victoria Island Flagship,In-Store Retail,Consumer Electronics,Sony WH-1000XM5 Headphones,2,285000,0.1,513000.0,390000,123000.0,0,Delivered On-Time
NEX-102584,2025-07-08,Lagos,Victoria Island Flagship,In-Store Retail,Computing & Peripherals,1TB NVMe Portable SSD,1,95000,0.0,95000.0,68000,27000.0,0,Delayed Transit
NEX-102585,2025-07-09,Lagos,Lekki Mall Outlet,Mobile App,Consumer Electronics,Dell XPS 15 Laptop,1,1650000,0.1,1485000.0,1320000,165000.0,0,Delivered On-Time
NEX-102586,2025-06-19,Lagos,Victoria Island Flagship,In-Store Retail,Computing & Peripherals,Logitech MX Master 3S Mouse,1,75000,0.0,75000.0,52000,23000.0,0,Delivered On-Time
NEX-102587,2025-06-04,Kano,Bompai Trade Centre,Web Direct,Computing & Peripherals,Wireless Mechanical Keyboard,1,65000,0.15,55250.0,42000,13250.0,0,Delivered On-Time
NEX-102588,2025-07-05,Lagos,Victoria Island Flagship,Mobile App,Home Appliances,Double Door Refrigerator 320L,1,520000,0.32,354419.07,410000,-55580.93,0,Fulfilled In-Store
NEX-102589,2025-05-29,Lagos,Ikeja Mega-Store,Web Direct,Computing & Peripherals,27-inch 4K Gaming Monitor,1,310000,0.0,310000.0,235000,75000.0,0,Fulfilled In-Store
NEX-102590,2025-06-24,Lagos,Victoria Island Flagship,In-Store Retail,Computing & Peripherals,Logitech MX Master 3S Mouse,2,75000,0.15,127500.0,104000,23500.0,1,Returned
NEX-102591,2025-06-30,Lagos,Ikeja Mega-Store,Web Direct,Consumer Electronics,Dell XPS 15 Laptop,2,1650000,0.1,2970000.0,2640000,330000.0,0,Fulfilled In-Store
NEX-102592,2025-06-30,Abuja,Wuse 2 Retail,Mobile App,Consumer Electronics,Galaxy S24 Ultra 512GB,2,1250000,0.05,2375000.0,1900000,475000.0,0,Delivered On-Time
NEX-102593,2025-07-01,Abuja,Maitama Galleria,In-Store Retail,Computing & Peripherals,27-inch 4K Gaming Monitor,1,310000,0.15,263500.0,235000,28500.0,0,Delivered On-Time
NEX-102594,2025-05-19,Port Harcourt,Trans-Amadi Commercial,In-Store Retail,Home Appliances,Smart Inverter Washing Machine 8kg,1,345000,0.15,293250.0,270000,23250.0,0,Delivered On-Time
NEX-102595,2025-07-24,Abuja,Wuse 2 Retail,Web Direct,Home Appliances,Inverter Split AC 1.5HP (AC-902),2,385000,0.1,693000.0,620000,73000.0,0,Fulfilled In-Store
NEX-102596,2025-05-16,Abuja,Wuse 2 Retail,Web Direct,Consumer Electronics,Sony WH-1000XM5 Headphones,1,285000,0.05,270750.0,195000,75750.0,0,Delivered On-Time
NEX-102597,2025-06-28,Lagos,Ikeja Mega-Store,Web Direct,Computing & Peripherals,Logitech MX Master 3S Mouse,1,75000,0.0,75000.0,52000,23000.0,0,Delivered On-Time
NEX-102598,2025-05-03,Abuja,Maitama Galleria,In-Store Retail,Home Appliances,Double Door Refrigerator 320L,5,520000,0.0,2600000.0,2050000,550000.0,0,Delivered On-Time
NEX-102599,2025-06-28,Abuja,Wuse 2 Retail,In-Store Retail,Consumer Electronics,Dell XPS 15 Laptop,1,1650000,0.0,1650000.0,1320000,330000.0,0,Delayed Transit
NEX-102600,2025-06-28,Lagos,Lekki Mall Outlet,In-Store Retail,Consumer Electronics,Sony WH-1000XM5 Headphones,1,285000,0.0,285000.0,195000,90000.0,0,Delayed Transit
NEX-102601,2025-05-15,Lagos,Lekki Mall Outlet,In-Store Retail,Computing & Peripherals,27-inch 4K Gaming Monitor,1,310000,0.0,310000.0,235000,75000.0,0,Delivered On-Time
NEX-102602,2025-05-02,Lagos,Ikeja Mega-Store,In-Store Retail,Home Appliances,Chest Freezer 200L,1,245000,0.0,245000.0,195000,50000.0,0,Delivered On-Time
NEX-102603,2025-06-13,Abuja,Wuse 2 Retail,Mobile App,Consumer Electronics,iPhone 15 Pro Max 256GB,1,1450000,0.05,1377500.0,1150000,227500.0,0,Delivered On-Time
NEX-102604,2025-05-12,Abuja,Central Business District Store,In-Store Retail,Home Appliances,Digital Microwave Oven 25L,1,115000,0.1,103500.0,85000,18500.0,0,Returned
NEX-102605,2025-07-30,Abuja,Maitama Galleria,Mobile App,Home Appliances,Smart Inverter Washing Machine 8kg,1,345000,0.0,345000.0,270000,75000.0,0,Fulfilled In-Store
NEX-102606,2025-05-12,Ibadan,Bodija Outlet,Web Direct,Computing & Peripherals,Logitech MX Master 3S Mouse,1,75000,0.0,75000.0,52000,23000.0,0,Delivered On-Time
NEX-102607,2025-07-08,Lagos,Victoria Island Flagship,Mobile App,Home Appliances,Double Door Refrigerator 320L,1,520000,0.28,372351.32,410000,-37648.68,1,Returned
NEX-102608,2025-07-26,Abuja,Central Business District Store,Web Direct,Computing & Peripherals,27-inch 4K Gaming Monitor,1,310000,0.05,294500.0,235000,59500.0,0,Delivered On-Time
NEX-102609,2025-05-12,Abuja,Wuse 2 Retail,Corporate B2B,Home Appliances,Double Door Refrigerator 320L,2,520000,0.05,988000.0,820000,168000.0,0,Returned
NEX-102610,2025-05-26,Port Harcourt,GRA Phase 2 Store,Mobile App,Home Appliances,Digital Microwave Oven 25L,2,115000,0.15,195500.0,170000,25500.0,0,Delayed Transit
NEX-102611,2025-05-26,Port Harcourt,GRA Phase 2 Store,Mobile App,Consumer Electronics,Galaxy S24 Ultra 512GB,1,1250000,0.05,1187500.0,950000,237500.0,0,Delivered On-Time
NEX-102612,2025-07-10,Lagos,Ikeja Mega-Store,Web Direct,Home Appliances,Chest Freezer 200L,4,245000,0.3,688597.96,780000,-91402.04,0,Fulfilled In-Store
NEX-102613,2025-06-12,Abuja,Maitama Galleria,In-Store Retail,Computing & Peripherals,1TB NVMe Portable SSD,2,95000,0.05,180500.0,136000,44500.0,0,Delayed Transit
NEX-102614,2025-05-07,Kano,Nasarawa Road Branch,Web Direct,Home Appliances,Digital Microwave Oven 25L,1,115000,0.1,103500.0,85000,18500.0,0,Delivered On-Time
NEX-102615,2025-07-22,Lagos,Ikeja Mega-Store,In-Store Retail,Consumer Electronics,Sony WH-1000XM5 Headphones,1,285000,0.0,285000.0,195000,90000.0,0,Fulfilled In-Store
NEX-102616,2025-06-08,Port Harcourt,Trans-Amadi Commercial,Corporate B2B,Consumer Electronics,MacBook Pro 14 M3,3,1850000,0.0,5550000.0,4440000,1110000.0,0,Fulfilled In-Store
NEX-102617,2025-05-12,Lagos,Lekki Mall Outlet,Web Direct,Consumer Electronics,iPhone 15 Pro Max 256GB,1,1450000,0.05,1377500.0,1150000,227500.0,0,Delivered On-Time
NEX-102618,2025-06-27,Abuja,Maitama Galleria,Mobile App,Consumer Electronics,Dell XPS 15 Laptop,1,1650000,0.0,1650000.0,1320000,330000.0,0,Delayed Transit
NEX-102619,2025-07-17,Lagos,Surulere Hub,Web Direct,Home Appliances,Inverter Split AC 1.5HP (AC-902),2,385000,0.29,546403.88,620000,-73596.12,0,Delivered On-Time
NEX-102620,2025-07-28,Kano,Bompai Trade Centre,In-Store Retail,Consumer Electronics,Dell XPS 15 Laptop,1,1650000,0.2,1320000.0,1320000,0.0,0,Delivered On-Time
NEX-102621,2025-07-09,Abuja,Wuse 2 Retail,Web Direct,Consumer Electronics,Galaxy S24 Ultra 512GB,2,1250000,0.0,2500000.0,1900000,600000.0,0,Delayed Transit
NEX-102622,2025-06-28,Kano,Nasarawa Road Branch,Web Direct,Consumer Electronics,Sony WH-1000XM5 Headphones,1,285000,0.0,285000.0,195000,90000.0,0,Delivered On-Time
NEX-102623,2025-07-12,Abuja,Central Business District Store,In-Store Retail,Home Appliances,Inverter Split AC 1.5HP (AC-902),3,385000,0.2,924000.0,930000,-6000.0,0,Delivered On-Time
NEX-102624,2025-07-22,Abuja,Wuse 2 Retail,Web Direct,Computing & Peripherals,27-inch 4K Gaming Monitor,1,310000,0.05,294500.0,235000,59500.0,0,Delivered On-Time
NEX-102625,2025-07-08,Lagos,Lekki Mall Outlet,In-Store Retail,Home Appliances,Digital Microwave Oven 25L,1,115000,0.32,77810.91,85000,-7189.09,0,Fulfilled In-Store
NEX-102626,2025-06-18,Lagos,Victoria Island Flagship,Mobile App,Home Appliances,Chest Freezer 200L,1,245000,0.0,245000.0,195000,50000.0,0,Delayed Transit
NEX-102627,2025-06-07,Lagos,Surulere Hub,In-Store Retail,Home Appliances,Smart Inverter Washing Machine 8kg,1,345000,0.05,327750.0,270000,57750.0,0,Returned
NEX-102628,2025-05-18,Abuja,Maitama Galleria,Corporate B2B,Home Appliances,Inverter Split AC 1.5HP (AC-902),1,385000,0.0,385000.0,310000,75000.0,0,Fulfilled In-Store
NEX-102629,2025-06-09,Abuja,Central Business District Store,In-Store Retail,Computing & Peripherals,Ergonomic Office Chair Pro,2,185000,0.0,370000.0,260000,110000.0,0,Delivered On-Time
NEX-102630,2025-07-16,Port Harcourt,GRA Phase 2 Store,Web Direct,Home Appliances,Chest Freezer 200L,2,245000,0.05,465500.0,390000,75500.0,0,Returned
NEX-102631,2025-07-20,Lagos,Ikeja Mega-Store,Corporate B2B,Computing & Peripherals,Wireless Mechanical Keyboard,1,65000,0.0,65000.0,42000,23000.0,0,Delivered On-Time
NEX-102632,2025-05-02,Lagos,Surulere Hub,Corporate B2B,Consumer Electronics,Sony WH-1000XM5 Headphones,1,285000,0.05,270750.0,195000,75750.0,0,Delivered On-Time
NEX-102633,2025-07-22,Abuja,Central Business District Store,Mobile App,Consumer Electronics,iPhone 15 Pro Max 256GB,2,1450000,0.0,2900000.0,2300000,600000.0,0,Delivered On-Time
NEX-102634,2025-07-11,Lagos,Victoria Island Flagship,Corporate B2B,Consumer Electronics,Sony WH-1000XM5 Headphones,1,285000,0.0,285000.0,195000,90000.0,0,Delivered On-Time
NEX-102635,2025-05-23,Kano,Bompai Trade Centre,In-Store Retail,Computing & Peripherals,1TB NVMe Portable SSD,1,95000,0.0,95000.0,68000,27000.0,0,Delayed Transit
NEX-102636,2025-06-06,Ibadan,Bodija Outlet,In-Store Retail,Computing & Peripherals,27-inch 4K Gaming Monitor,2,310000,0.1,558000.0,470000,88000.0,0,Fulfilled In-Store
NEX-102637,2025-07-16,Lagos,Surulere Hub,Web Direct,Home Appliances,Smart Inverter Washing Machine 8kg,1,345000,0.32,235275.19,270000,-34724.81,0,Fulfilled In-Store
NEX-102638,2025-06-16,Abuja,Maitama Galleria,Mobile App,Consumer Electronics,MacBook Pro 14 M3,1,1850000,0.0,1850000.0,1480000,370000.0,0,Delivered On-Time
NEX-102639,2025-07-10,Ibadan,Bodija Outlet,In-Store Retail,Computing & Peripherals,Wireless Mechanical Keyboard,1,65000,0.15,55250.0,42000,13250.0,0,Fulfilled In-Store
NEX-102640,2025-07-11,Port Harcourt,GRA Phase 2 Store,Web Direct,Home Appliances,Chest Freezer 200L,3,245000,0.05,698250.0,585000,113250.0,0,Fulfilled In-Store
NEX-102641,2025-05-28,Lagos,Surulere Hub,Corporate B2B,Computing & Peripherals,Ergonomic Office Chair Pro,1,185000,0.0,185000.0,130000,55000.0,0,Delivered On-Time
NEX-102642,2025-06-16,Abuja,Central Business District Store,Mobile App,Computing & Peripherals,Ergonomic Office Chair Pro,1,185000,0.1,166500.0,130000,36500.0,0,Fulfilled In-Store
NEX-102643,2025-07-18,Abuja,Wuse 2 Retail,Corporate B2B,Home Appliances,Smart Inverter Washing Machine 8kg,1,345000,0.2,276000.0,270000,6000.0,0,Delivered On-Time
NEX-102644,2025-06-13,Kano,Nasarawa Road Branch,In-Store Retail,Computing & Peripherals,Ergonomic Office Chair Pro,1,185000,0.0,185000.0,130000,55000.0,0,Delivered On-Time
NEX-102645,2025-05-23,Abuja,Maitama Galleria,In-Store Retail,Computing & Peripherals,27-inch 4K Gaming Monitor,1,310000,0.0,310000.0,235000,75000.0,0,Returned
NEX-102646,2025-07-17,Port Harcourt,GRA Phase 2 Store,Web Direct,Home Appliances,Double Door Refrigerator 320L,3,520000,0.05,1482000.0,1230000,252000.0,0,Returned
NEX-102647,2025-06-10,Lagos,Lekki Mall Outlet,Web Direct,Computing & Peripherals,27-inch 4K Gaming Monitor,1,310000,0.15,263500.0,235000,28500.0,0,Delivered On-Time
NEX-102648,2025-07-11,Ibadan,Ring Road Complex,In-Store Retail,Computing & Peripherals,Wireless Mechanical Keyboard,1,65000,0.05,61750.0,42000,19750.0,0,Delivered On-Time
NEX-102649,2025-07-24,Lagos,Ikeja Mega-Store,In-Store Retail,Home Appliances,Double Door Refrigerator 320L,3,520000,0.29,1101474.0,1230000,-128526.0,0,Delivered On-Time
NEX-102650,2025-07-27,Abuja,Wuse 2 Retail,In-Store Retail,Consumer Electronics,Sony WH-1000XM5 Headphones,1,285000,0.1,256500.0,195000,61500.0,0,Delivered On-Time
NEX-102651,2025-05-13,Lagos,Victoria Island Flagship,Web Direct,Computing & Peripherals,27-inch 4K Gaming Monitor,1,310000,0.15,263500.0,235000,28500.0,0,Delivered On-Time
NEX-102652,2025-06-28,Port Harcourt,GRA Phase 2 Store,Web Direct,Computing & Peripherals,Logitech MX Master 3S Mouse,3,75000,0.1,202500.0,156000,46500.0,0,Delayed Transit
NEX-102653,2025-07-07,Lagos,Victoria Island Flagship,Web Direct,Computing & Peripherals,Ergonomic Office Chair Pro,1,185000,0.0,185000.0,130000,55000.0,0,Delayed Transit
NEX-102654,2025-06-25,Ibadan,Ring Road Complex,Web Direct,Home Appliances,Inverter Split AC 1.5HP (AC-902),1,385000,0.05,365750.0,310000,55750.0,0,Delivered On-Time
NEX-102655,2025-06-15,Lagos,Victoria Island Flagship,Web Direct,Computing & Peripherals,27-inch 4K Gaming Monitor,3,310000,0.0,930000.0,705000,225000.0,0,Delivered On-Time
NEX-102656,2025-05-14,Lagos,Victoria Island Flagship,In-Store Retail,Home Appliances,Digital Microwave Oven 25L,1,115000,0.1,103500.0,85000,18500.0,0,Delayed Transit
NEX-102657,2025-06-30,Lagos,Surulere Hub,Web Direct,Computing & Peripherals,Wireless Mechanical Keyboard,2,65000,0.0,130000.0,84000,46000.0,0,Fulfilled In-Store
NEX-102658,2025-05-04,Abuja,Wuse 2 Retail,In-Store Retail,Computing & Peripherals,Logitech MX Master 3S Mouse,1,75000,0.0,75000.0,52000,23000.0,0,Delivered On-Time
NEX-102659,2025-07-13,Lagos,Surulere Hub,In-Store Retail,Consumer Electronics,Dell XPS 15 Laptop,1,1650000,0.15,1402500.0,1320000,82500.0,0,Delivered On-Time
NEX-102660,2025-05-08,Lagos,Ikeja Mega-Store,Web Direct,Computing & Peripherals,1TB NVMe Portable SSD,2,95000,0.05,180500.0,136000,44500.0,0,Delivered On-Time
NEX-102661,2025-07-26,Port Harcourt,Trans-Amadi Commercial,In-Store Retail,Computing & Peripherals,27-inch 4K Gaming Monitor,3,310000,0.2,744000.0,705000,39000.0,0,Fulfilled In-Store
NEX-102662,2025-07-07,Kano,Nasarawa Road Branch,In-Store Retail,Home Appliances,Inverter Split AC 1.5HP (AC-902),1,385000,0.05,365750.0,310000,55750.0,1,Returned
NEX-102663,2025-06-01,Lagos,Lekki Mall Outlet,In-Store Retail,Computing & Peripherals,Wireless Mechanical Keyboard,1,65000,0.1,58500.0,42000,16500.0,0,Delivered On-Time
NEX-102664,2025-05-17,Abuja,Maitama Galleria,In-Store Retail,Home Appliances,Double Door Refrigerator 320L,1,520000,0.0,520000.0,410000,110000.0,0,Delivered On-Time
NEX-102665,2025-05-04,Port Harcourt,Trans-Amadi Commercial,In-Store Retail,Consumer Electronics,Dell XPS 15 Laptop,2,1650000,0.0,3300000.0,2640000,660000.0,0,Delivered On-Time
NEX-102666,2025-07-18,Lagos,Ikeja Mega-Store,Corporate B2B,Computing & Peripherals,Wireless Mechanical Keyboard,1,65000,0.05,61750.0,42000,19750.0,0,Delayed Transit
NEX-102667,2025-05-14,Lagos,Surulere Hub,In-Store Retail,Computing & Peripherals,27-inch 4K Gaming Monitor,3,310000,0.15,790500.0,705000,85500.0,0,Delivered On-Time
NEX-102668,2025-06-13,Port Harcourt,Trans-Amadi Commercial,In-Store Retail,Consumer Electronics,Dell XPS 15 Laptop,1,1650000,0.0,1650000.0,1320000,330000.0,0,Delivered On-Time
NEX-102669,2025-05-07,Port Harcourt,Trans-Amadi Commercial,In-Store Retail,Computing & Peripherals,Wireless Mechanical Keyboard,1,65000,0.05,61750.0,42000,19750.0,0,Delivered On-Time
NEX-102670,2025-05-10,Port Harcourt,Trans-Amadi Commercial,In-Store Retail,Home Appliances,Digital Microwave Oven 25L,2,115000,0.0,230000.0,170000,60000.0,1,Returned
NEX-102671,2025-07-05,Abuja,Maitama Galleria,In-Store Retail,Computing & Peripherals,Ergonomic Office Chair Pro,1,185000,0.05,175750.0,130000,45750.0,0,Delayed Transit
NEX-102672,2025-06-17,Kano,Nasarawa Road Branch,In-Store Retail,Home Appliances,Inverter Split AC 1.5HP (AC-902),1,385000,0.2,308000.0,310000,-2000.0,1,Returned
NEX-102673,2025-06-18,Port Harcourt,GRA Phase 2 Store,Web Direct,Computing & Peripherals,1TB NVMe Portable SSD,1,95000,0.0,95000.0,68000,27000.0,0,Delayed Transit
NEX-102674,2025-05-08,Lagos,Lekki Mall Outlet,Web Direct,Home Appliances,Digital Microwave Oven 25L,1,115000,0.05,109250.0,85000,24250.0,0,Delivered On-Time
NEX-102675,2025-05-27,Lagos,Surulere Hub,Web Direct,Home Appliances,Inverter Split AC 1.5HP (AC-902),1,385000,0.1,346500.0,310000,36500.0,0,Delivered On-Time
NEX-102676,2025-07-04,Lagos,Ikeja Mega-Store,Corporate B2B,Computing & Peripherals,Wireless Mechanical Keyboard,1,65000,0.0,65000.0,42000,23000.0,0,Delivered On-Time
NEX-102677,2025-06-01,Lagos,Surulere Hub,In-Store Retail,Computing & Peripherals,Ergonomic Office Chair Pro,1,185000,0.0,185000.0,130000,55000.0,0,Delayed Transit
NEX-102678,2025-05-22,Lagos,Victoria Island Flagship,In-Store Retail,Computing & Peripherals,Wireless Mechanical Keyboard,1,65000,0.0,65000.0,42000,23000.0,0,Delivered On-Time
NEX-102679,2025-05-16,Port Harcourt,Trans-Amadi Commercial,In-Store Retail,Consumer Electronics,iPhone 15 Pro Max 256GB,1,1450000,0.05,1377500.0,1150000,227500.0,0,Delayed Transit
NEX-102680,2025-07-29,Abuja,Central Business District Store,Web Direct,Computing & Peripherals,27-inch 4K Gaming Monitor,1,310000,0.05,294500.0,235000,59500.0,0,Delayed Transit
NEX-102681,2025-06-24,Abuja,Central Business District Store,In-Store Retail,Home Appliances,Double Door Refrigerator 320L,1,520000,0.05,494000.0,410000,84000.0,0,Delivered On-Time
NEX-102682,2025-06-30,Kano,Bompai Trade Centre,In-Store Retail,Consumer Electronics,MacBook Pro 14 M3,1,1850000,0.15,1572500.0,1480000,92500.0,1,Returned
NEX-102683,2025-07-08,Port Harcourt,Trans-Amadi Commercial,In-Store Retail,Consumer Electronics,Sony WH-1000XM5 Headphones,1,285000,0.0,285000.0,195000,90000.0,0,Fulfilled In-Store
NEX-102684,2025-07-14,Port Harcourt,Trans-Amadi Commercial,Corporate B2B,Home Appliances,Smart Inverter Washing Machine 8kg,1,345000,0.0,345000.0,270000,75000.0,0,Delivered On-Time
NEX-102685,2025-06-20,Lagos,Surulere Hub,Corporate B2B,Computing & Peripherals,Wireless Mechanical Keyboard,1,65000,0.05,61750.0,42000,19750.0,0,Delivered On-Time
NEX-102686,2025-07-27,Port Harcourt,Trans-Amadi Commercial,Corporate B2B,Home Appliances,Double Door Refrigerator 320L,1,520000,0.0,520000.0,410000,110000.0,0,Delivered On-Time
NEX-102687,2025-06-18,Kano,Bompai Trade Centre,Web Direct,Consumer Electronics,MacBook Pro 14 M3,1,1850000,0.0,1850000.0,1480000,370000.0,0,Delivered On-Time
NEX-102688,2025-07-07,Abuja,Maitama Galleria,Corporate B2B,Consumer Electronics,iPhone 15 Pro Max 256GB,2,1450000,0.0,2900000.0,2300000,600000.0,0,Delayed Transit
NEX-102689,2025-06-06,Abuja,Central Business District Store,In-Store Retail,Home Appliances,Digital Microwave Oven 25L,1,115000,0.0,115000.0,85000,30000.0,0,Delivered On-Time
NEX-102690,2025-07-27,Lagos,Surulere Hub,In-Store Retail,Consumer Electronics,MacBook Pro 14 M3,1,1850000,0.05,1757500.0,1480000,277500.0,0,Delivered On-Time
NEX-102691,2025-05-30,Lagos,Surulere Hub,Mobile App,Computing & Peripherals,Logitech MX Master 3S Mouse,1,75000,0.15,63750.0,52000,11750.0,0,Delivered On-Time
NEX-102692,2025-06-02,Lagos,Surulere Hub,Web Direct,Computing & Peripherals,Logitech MX Master 3S Mouse,1,75000,0.15,63750.0,52000,11750.0,0,Delivered On-Time
NEX-102693,2025-07-10,Abuja,Central Business District Store,In-Store Retail,Home Appliances,Chest Freezer 200L,1,245000,0.05,232750.0,195000,37750.0,0,Delivered On-Time
NEX-102694,2025-05-30,Abuja,Central Business District Store,Corporate B2B,Computing & Peripherals,Wireless Mechanical Keyboard,2,65000,0.0,130000.0,84000,46000.0,0,Returned
NEX-102695,2025-07-16,Lagos,Victoria Island Flagship,In-Store Retail,Consumer Electronics,Sony WH-1000XM5 Headphones,1,285000,0.0,285000.0,195000,90000.0,0,Fulfilled In-Store
NEX-102696,2025-05-07,Lagos,Victoria Island Flagship,Web Direct,Consumer Electronics,Dell XPS 15 Laptop,1,1650000,0.0,1650000.0,1320000,330000.0,0,Delivered On-Time
NEX-102697,2025-07-06,Lagos,Ikeja Mega-Store,Web Direct,Home Appliances,Chest Freezer 200L,2,245000,0.37,306445.98,390000,-83554.02,0,Fulfilled In-Store
NEX-102698,2025-07-01,Lagos,Surulere Hub,Web Direct,Computing & Peripherals,1TB NVMe Portable SSD,1,95000,0.1,85500.0,68000,17500.0,0,Delivered On-Time
NEX-102699,2025-07-18,Lagos,Ikeja Mega-Store,In-Store Retail,Consumer Electronics,Galaxy S24 Ultra 512GB,1,1250000,0.0,1250000.0,950000,300000.0,0,Delivered On-Time
NEX-102700,2025-06-12,Ibadan,Bodija Outlet,Web Direct,Consumer Electronics,Dell XPS 15 Laptop,1,1650000,0.05,1567500.0,1320000,247500.0,0,Fulfilled In-Store
NEX-102701,2025-05-02,Lagos,Surulere Hub,In-Store Retail,Computing & Peripherals,Ergonomic Office Chair Pro,1,185000,0.0,185000.0,130000,55000.0,0,Delivered On-Time
NEX-102702,2025-05-13,Lagos,Surulere Hub,Mobile App,Home Appliances,Smart Inverter Washing Machine 8kg,1,345000,0.0,345000.0,270000,75000.0,0,Delivered On-Time
NEX-102703,2025-06-23,Abuja,Wuse 2 Retail,In-Store Retail,Home Appliances,Chest Freezer 200L,1,245000,0.0,245000.0,195000,50000.0,0,Delivered On-Time
NEX-102704,2025-07-28,Port Harcourt,GRA Phase 2 Store,In-Store Retail,Consumer Electronics,Galaxy S24 Ultra 512GB,1,1250000,0.0,1250000.0,950000,300000.0,0,Delivered On-Time
NEX-102705,2025-06-24,Ibadan,Bodija Outlet,In-Store Retail,Computing & Peripherals,Wireless Mechanical Keyboard,1,65000,0.0,65000.0,42000,23000.0,0,Delivered On-Time
NEX-102706,2025-05-16,Port Harcourt,GRA Phase 2 Store,In-Store Retail,Computing & Peripherals,1TB NVMe Portable SSD,1,95000,0.05,90250.0,68000,22250.0,0,Delivered On-Time
NEX-102707,2025-07-28,Abuja,Central Business District Store,In-Store Retail,Computing & Peripherals,Wireless Mechanical Keyboard,1,65000,0.1,58500.0,42000,16500.0,0,Fulfilled In-Store
NEX-102708,2025-07-04,Lagos,Surulere Hub,Mobile App,Consumer Electronics,Dell XPS 15 Laptop,3,1650000,0.05,4702500.0,3960000,742500.0,0,Delivered On-Time
NEX-102709,2025-06-05,Ibadan,Ring Road Complex,Web Direct,Consumer Electronics,iPhone 15 Pro Max 256GB,3,1450000,0.1,3915000.0,3450000,465000.0,0,Delivered On-Time
NEX-102710,2025-06-04,Lagos,Victoria Island Flagship,In-Store Retail,Consumer Electronics,MacBook Pro 14 M3,2,1850000,0.15,3145000.0,2960000,185000.0,0,Fulfilled In-Store
NEX-102711,2025-05-14,Port Harcourt,GRA Phase 2 Store,Web Direct,Home Appliances,Inverter Split AC 1.5HP (AC-902),1,385000,0.05,365750.0,310000,55750.0,0,Delivered On-Time
NEX-102712,2025-06-15,Lagos,Victoria Island Flagship,Web Direct,Computing & Peripherals,Ergonomic Office Chair Pro,1,185000,0.0,185000.0,130000,55000.0,0,Fulfilled In-Store
NEX-102713,2025-07-17,Lagos,Surulere Hub,Web Direct,Computing & Peripherals,Ergonomic Office Chair Pro,2,185000,0.05,351500.0,260000,91500.0,0,Delivered On-Time
NEX-102714,2025-07-24,Lagos,Surulere Hub,In-Store Retail,Home Appliances,Inverter Split AC 1.5HP (AC-902),1,385000,0.35,248353.55,310000,-61646.45,0,Delivered On-Time
NEX-102715,2025-05-14,Abuja,Wuse 2 Retail,Corporate B2B,Consumer Electronics,MacBook Pro 14 M3,1,1850000,0.1,1665000.0,1480000,185000.0,0,Delivered On-Time
NEX-102716,2025-05-09,Lagos,Victoria Island Flagship,In-Store Retail,Computing & Peripherals,Logitech MX Master 3S Mouse,1,75000,0.0,75000.0,52000,23000.0,1,Returned
NEX-102717,2025-05-16,Abuja,Central Business District Store,Web Direct,Consumer Electronics,iPhone 15 Pro Max 256GB,1,1450000,0.05,1377500.0,1150000,227500.0,0,Delayed Transit
NEX-102718,2025-06-04,Lagos,Victoria Island Flagship,Corporate B2B,Consumer Electronics,Sony WH-1000XM5 Headphones,1,285000,0.0,285000.0,195000,90000.0,0,Delivered On-Time
NEX-102719,2025-06-09,Kano,Nasarawa Road Branch,Corporate B2B,Consumer Electronics,MacBook Pro 14 M3,1,1850000,0.0,1850000.0,1480000,370000.0,0,Delivered On-Time
NEX-102720,2025-06-04,Lagos,Ikeja Mega-Store,In-Store Retail,Home Appliances,Double Door Refrigerator 320L,2,520000,0.1,936000.0,820000,116000.0,1,Returned
NEX-102721,2025-06-26,Lagos,Ikeja Mega-Store,In-Store Retail,Computing & Peripherals,1TB NVMe Portable SSD,1,95000,0.0,95000.0,68000,27000.0,0,Returned
NEX-102722,2025-05-02,Abuja,Wuse 2 Retail,In-Store Retail,Home Appliances,Digital Microwave Oven 25L,1,115000,0.05,109250.0,85000,24250.0,0,Delivered On-Time
NEX-102723,2025-05-25,Abuja,Maitama Galleria,In-Store Retail,Computing & Peripherals,Wireless Mechanical Keyboard,1,65000,0.0,65000.0,42000,23000.0,0,Delayed Transit
NEX-102724,2025-05-08,Abuja,Central Business District Store,In-Store Retail,Consumer Electronics,Galaxy S24 Ultra 512GB,1,1250000,0.0,1250000.0,950000,300000.0,0,Delayed Transit
NEX-102725,2025-05-24,Port Harcourt,GRA Phase 2 Store,In-Store Retail,Consumer Electronics,iPhone 15 Pro Max 256GB,1,1450000,0.1,1305000.0,1150000,155000.0,0,Delayed Transit
NEX-102726,2025-06-24,Abuja,Central Business District Store,Web Direct,Consumer Electronics,iPhone 15 Pro Max 256GB,1,1450000,0.0,1450000.0,1150000,300000.0,0,Fulfilled In-Store
NEX-102727,2025-07-20,Port Harcourt,GRA Phase 2 Store,Web Direct,Consumer Electronics,Dell XPS 15 Laptop,2,1650000,0.1,2970000.0,2640000,330000.0,0,Delivered On-Time
NEX-102728,2025-07-20,Kano,Bompai Trade Centre,In-Store Retail,Home Appliances,Double Door Refrigerator 320L,1,520000,0.0,520000.0,410000,110000.0,0,Delivered On-Time
NEX-102729,2025-06-08,Abuja,Wuse 2 Retail,Web Direct,Consumer Electronics,MacBook Pro 14 M3,1,1850000,0.0,1850000.0,1480000,370000.0,0,Delayed Transit
NEX-102730,2025-06-18,Lagos,Lekki Mall Outlet,Web Direct,Computing & Peripherals,Logitech MX Master 3S Mouse,2,75000,0.0,150000.0,104000,46000.0,0,Delivered On-Time
NEX-102731,2025-07-11,Lagos,Victoria Island Flagship,Web Direct,Home Appliances,Inverter Split AC 1.5HP (AC-902),1,385000,0.3,269338.21,310000,-40661.79,0,Delivered On-Time
NEX-102732,2025-06-14,Lagos,Lekki Mall Outlet,Web Direct,Home Appliances,Inverter Split AC 1.5HP (AC-902),1,385000,0.0,385000.0,310000,75000.0,0,Fulfilled In-Store
NEX-102733,2025-06-24,Lagos,Victoria Island Flagship,In-Store Retail,Consumer Electronics,Sony WH-1000XM5 Headphones,1,285000,0.0,285000.0,195000,90000.0,0,Fulfilled In-Store
NEX-102734,2025-07-06,Lagos,Ikeja Mega-Store,Corporate B2B,Computing & Peripherals,Ergonomic Office Chair Pro,1,185000,0.05,175750.0,130000,45750.0,0,Delivered On-Time
NEX-102735,2025-06-05,Ibadan,Bodija Outlet,Web Direct,Computing & Peripherals,Logitech MX Master 3S Mouse,1,75000,0.05,71250.0,52000,19250.0,0,Delivered On-Time
NEX-102736,2025-05-03,Lagos,Ikeja Mega-Store,In-Store Retail,Computing & Peripherals,27-inch 4K Gaming Monitor,2,310000,0.15,527000.0,470000,57000.0,0,Delivered On-Time
NEX-102737,2025-06-03,Abuja,Central Business District Store,In-Store Retail,Consumer Electronics,Dell XPS 15 Laptop,1,1650000,0.2,1320000.0,1320000,0.0,0,Fulfilled In-Store
NEX-102738,2025-05-14,Lagos,Surulere Hub,Corporate B2B,Home Appliances,Digital Microwave Oven 25L,2,115000,0.0,230000.0,170000,60000.0,0,Delivered On-Time
NEX-102739,2025-07-04,Lagos,Ikeja Mega-Store,Web Direct,Home Appliances,Digital Microwave Oven 25L,1,115000,0.31,79801.27,85000,-5198.73,0,Delayed Transit
NEX-102740,2025-05-27,Lagos,Victoria Island Flagship,Mobile App,Home Appliances,Chest Freezer 200L,3,245000,0.2,588000.0,585000,3000.0,0,Delivered On-Time
NEX-102741,2025-06-05,Lagos,Ikeja Mega-Store,Web Direct,Home Appliances,Digital Microwave Oven 25L,2,115000,0.05,218500.0,170000,48500.0,0,Delivered On-Time
NEX-102742,2025-06-09,Lagos,Lekki Mall Outlet,Mobile App,Computing & Peripherals,Logitech MX Master 3S Mouse,1,75000,0.1,67500.0,52000,15500.0,0,Delivered On-Time
NEX-102743,2025-06-12,Port Harcourt,GRA Phase 2 Store,In-Store Retail,Consumer Electronics,iPhone 15 Pro Max 256GB,1,1450000,0.2,1160000.0,1150000,10000.0,0,Delivered On-Time
NEX-102744,2025-06-11,Kano,Bompai Trade Centre,In-Store Retail,Consumer Electronics,Sony WH-1000XM5 Headphones,2,285000,0.0,570000.0,390000,180000.0,0,Delivered On-Time
NEX-102745,2025-06-22,Port Harcourt,GRA Phase 2 Store,Web Direct,Home Appliances,Chest Freezer 200L,1,245000,0.1,220500.0,195000,25500.0,0,Fulfilled In-Store
NEX-102746,2025-07-25,Lagos,Lekki Mall Outlet,Web Direct,Consumer Electronics,Galaxy S24 Ultra 512GB,2,1250000,0.0,2500000.0,1900000,600000.0,0,Fulfilled In-Store
NEX-102747,2025-05-19,Lagos,Surulere Hub,Web Direct,Consumer Electronics,Dell XPS 15 Laptop,1,1650000,0.0,1650000.0,1320000,330000.0,0,Fulfilled In-Store
NEX-102748,2025-06-17,Lagos,Surulere Hub,In-Store Retail,Computing & Peripherals,Logitech MX Master 3S Mouse,2,75000,0.0,150000.0,104000,46000.0,0,Delivered On-Time
NEX-102749,2025-05-19,Lagos,Victoria Island Flagship,Web Direct,Consumer Electronics,MacBook Pro 14 M3,1,1850000,0.0,1850000.0,1480000,370000.0,0,Delivered On-Time
NEX-102750,2025-07-05,Port Harcourt,Trans-Amadi Commercial,Web Direct,Computing & Peripherals,Wireless Mechanical Keyboard,1,65000,0.05,61750.0,42000,19750.0,0,Delivered On-Time
NEX-102751,2025-05-29,Lagos,Surulere Hub,In-Store Retail,Computing & Peripherals,27-inch 4K Gaming Monitor,1,310000,0.0,310000.0,235000,75000.0,0,Delivered On-Time
NEX-102752,2025-06-05,Kano,Bompai Trade Centre,In-Store Retail,Home Appliances,Double Door Refrigerator 320L,1,520000,0.15,442000.0,410000,32000.0,0,Fulfilled In-Store
NEX-102753,2025-06-26,Abuja,Wuse 2 Retail,In-Store Retail,Computing & Peripherals,1TB NVMe Portable SSD,3,95000,0.05,270750.0,204000,66750.0,0,Delivered On-Time
NEX-102754,2025-07-03,Ibadan,Bodija Outlet,Web Direct,Computing & Peripherals,Ergonomic Office Chair Pro,1,185000,0.15,157250.0,130000,27250.0,0,Delayed Transit
NEX-102755,2025-05-18,Abuja,Central Business District Store,In-Store Retail,Home Appliances,Smart Inverter Washing Machine 8kg,2,345000,0.15,586500.0,540000,46500.0,0,Fulfilled In-Store
NEX-102756,2025-06-30,Lagos,Surulere Hub,Web Direct,Home Appliances,Inverter Split AC 1.5HP (AC-902),1,385000,0.0,385000.0,310000,75000.0,0,Delivered On-Time
NEX-102757,2025-06-29,Lagos,Lekki Mall Outlet,Web Direct,Home Appliances,Double Door Refrigerator 320L,1,520000,0.0,520000.0,410000,110000.0,0,Fulfilled In-Store
NEX-102758,2025-07-23,Port Harcourt,GRA Phase 2 Store,Web Direct,Consumer Electronics,Galaxy S24 Ultra 512GB,1,1250000,0.0,1250000.0,950000,300000.0,0,Delayed Transit
NEX-102759,2025-06-22,Lagos,Lekki Mall Outlet,Web Direct,Consumer Electronics,iPhone 15 Pro Max 256GB,2,1450000,0.1,2610000.0,2300000,310000.0,0,Delivered On-Time
NEX-102760,2025-06-12,Abuja,Maitama Galleria,In-Store Retail,Home Appliances,Double Door Refrigerator 320L,3,520000,0.15,1326000.0,1230000,96000.0,0,Delivered On-Time
NEX-102761,2025-05-05,Abuja,Wuse 2 Retail,Corporate B2B,Consumer Electronics,MacBook Pro 14 M3,1,1850000,0.15,1572500.0,1480000,92500.0,0,Delivered On-Time
NEX-102762,2025-05-08,Port Harcourt,Trans-Amadi Commercial,Web Direct,Computing & Peripherals,Ergonomic Office Chair Pro,2,185000,0.0,370000.0,260000,110000.0,0,Fulfilled In-Store
NEX-102763,2025-07-04,Abuja,Wuse 2 Retail,In-Store Retail,Home Appliances,Inverter Split AC 1.5HP (AC-902),1,385000,0.0,385000.0,310000,75000.0,0,Delivered On-Time
NEX-102764,2025-06-27,Port Harcourt,Trans-Amadi Commercial,In-Store Retail,Consumer Electronics,MacBook Pro 14 M3,2,1850000,0.05,3515000.0,2960000,555000.0,0,Delivered On-Time
NEX-102765,2025-07-22,Port Harcourt,Trans-Amadi Commercial,Web Direct,Computing & Peripherals,27-inch 4K Gaming Monitor,1,310000,0.05,294500.0,235000,59500.0,0,Delivered On-Time
NEX-102766,2025-07-23,Kano,Bompai Trade Centre,Web Direct,Consumer Electronics,Dell XPS 15 Laptop,1,1650000,0.0,1650000.0,1320000,330000.0,0,Delivered On-Time
NEX-102767,2025-07-16,Abuja,Central Business District Store,Web Direct,Computing & Peripherals,27-inch 4K Gaming Monitor,1,310000,0.0,310000.0,235000,75000.0,0,Delivered On-Time
NEX-102768,2025-05-24,Abuja,Central Business District Store,In-Store Retail,Home Appliances,Inverter Split AC 1.5HP (AC-902),1,385000,0.1,346500.0,310000,36500.0,0,Delayed Transit
NEX-102769,2025-06-24,Lagos,Victoria Island Flagship,In-Store Retail,Consumer Electronics,MacBook Pro 14 M3,1,1850000,0.15,1572500.0,1480000,92500.0,0,Delivered On-Time
NEX-102770,2025-06-09,Abuja,Maitama Galleria,Corporate B2B,Consumer Electronics,Dell XPS 15 Laptop,1,1650000,0.0,1650000.0,1320000,330000.0,0,Delayed Transit
NEX-102771,2025-06-13,Lagos,Surulere Hub,In-Store Retail,Home Appliances,Double Door Refrigerator 320L,1,520000,0.0,520000.0,410000,110000.0,0,Delivered On-Time
NEX-102772,2025-07-26,Lagos,Victoria Island Flagship,Corporate B2B,Home Appliances,Double Door Refrigerator 320L,2,520000,0.38,645620.34,820000,-174379.66,0,Delayed Transit
NEX-102773,2025-07-29,Port Harcourt,Trans-Amadi Commercial,In-Store Retail,Home Appliances,Digital Microwave Oven 25L,1,115000,0.0,115000.0,85000,30000.0,0,Fulfilled In-Store
NEX-102774,2025-05-10,Abuja,Central Business District Store,In-Store Retail,Home Appliances,Chest Freezer 200L,1,245000,0.0,245000.0,195000,50000.0,0,Delivered On-Time
NEX-102775,2025-06-10,Abuja,Central Business District Store,In-Store Retail,Computing & Peripherals,1TB NVMe Portable SSD,2,95000,0.0,190000.0,136000,54000.0,0,Delivered On-Time
NEX-102776,2025-07-10,Abuja,Maitama Galleria,Corporate B2B,Computing & Peripherals,27-inch 4K Gaming Monitor,2,310000,0.05,589000.0,470000,119000.0,0,Delayed Transit
NEX-102777,2025-05-10,Kano,Bompai Trade Centre,In-Store Retail,Computing & Peripherals,27-inch 4K Gaming Monitor,1,310000,0.0,310000.0,235000,75000.0,0,Delivered On-Time
NEX-102778,2025-05-27,Ibadan,Ring Road Complex,Web Direct,Home Appliances,Chest Freezer 200L,2,245000,0.05,465500.0,390000,75500.0,0,Delayed Transit
NEX-102779,2025-05-06,Port Harcourt,GRA Phase 2 Store,Mobile App,Consumer Electronics,MacBook Pro 14 M3,2,1850000,0.0,3700000.0,2960000,740000.0,0,Delayed Transit
NEX-102780,2025-05-23,Lagos,Victoria Island Flagship,In-Store Retail,Computing & Peripherals,Ergonomic Office Chair Pro,1,185000,0.1,166500.0,130000,36500.0,0,Fulfilled In-Store
NEX-102781,2025-05-07,Port Harcourt,GRA Phase 2 Store,In-Store Retail,Computing & Peripherals,Ergonomic Office Chair Pro,1,185000,0.15,157250.0,130000,27250.0,0,Returned
NEX-102782,2025-06-07,Port Harcourt,GRA Phase 2 Store,In-Store Retail,Consumer Electronics,MacBook Pro 14 M3,3,1850000,0.0,5550000.0,4440000,1110000.0,0,Delivered On-Time
NEX-102783,2025-05-09,Lagos,Ikeja Mega-Store,In-Store Retail,Home Appliances,Smart Inverter Washing Machine 8kg,1,345000,0.0,345000.0,270000,75000.0,0,Delayed Transit
NEX-102784,2025-05-07,Abuja,Wuse 2 Retail,In-Store Retail,Computing & Peripherals,1TB NVMe Portable SSD,1,95000,0.1,85500.0,68000,17500.0,0,Delivered On-Time
NEX-102785,2025-07-30,Lagos,Lekki Mall Outlet,In-Store Retail,Home Appliances,Inverter Split AC 1.5HP (AC-902),2,385000,0.35,497267.34,620000,-122732.66,1,Returned
NEX-102786,2025-05-19,Lagos,Lekki Mall Outlet,In-Store Retail,Consumer Electronics,Sony WH-1000XM5 Headphones,1,285000,0.0,285000.0,195000,90000.0,0,Delayed Transit
NEX-102787,2025-05-14,Lagos,Ikeja Mega-Store,Mobile App,Computing & Peripherals,Logitech MX Master 3S Mouse,5,75000,0.0,375000.0,260000,115000.0,0,Delivered On-Time
NEX-102788,2025-07-29,Port Harcourt,GRA Phase 2 Store,In-Store Retail,Home Appliances,Double Door Refrigerator 320L,2,520000,0.0,1040000.0,820000,220000.0,0,Delivered On-Time
NEX-102789,2025-07-04,Kano,Nasarawa Road Branch,Web Direct,Computing & Peripherals,Logitech MX Master 3S Mouse,1,75000,0.05,71250.0,52000,19250.0,0,Fulfilled In-Store
NEX-102790,2025-07-19,Abuja,Maitama Galleria,Mobile App,Consumer Electronics,Dell XPS 15 Laptop,1,1650000,0.0,1650000.0,1320000,330000.0,0,Fulfilled In-Store
NEX-102791,2025-05-12,Port Harcourt,GRA Phase 2 Store,In-Store Retail,Consumer Electronics,iPhone 15 Pro Max 256GB,1,1450000,0.05,1377500.0,1150000,227500.0,0,Fulfilled In-Store
NEX-102792,2025-06-15,Abuja,Central Business District Store,Web Direct,Home Appliances,Inverter Split AC 1.5HP (AC-902),2,385000,0.0,770000.0,620000,150000.0,1,Returned
NEX-102793,2025-07-24,Abuja,Maitama Galleria,Web Direct,Computing & Peripherals,Logitech MX Master 3S Mouse,2,75000,0.0,150000.0,104000,46000.0,0,Delivered On-Time
NEX-102794,2025-05-16,Lagos,Lekki Mall Outlet,In-Store Retail,Home Appliances,Double Door Refrigerator 320L,3,520000,0.1,1404000.0,1230000,174000.0,0,Returned
NEX-102795,2025-07-22,Lagos,Victoria Island Flagship,Mobile App,Computing & Peripherals,Logitech MX Master 3S Mouse,1,75000,0.0,75000.0,52000,23000.0,0,Delivered On-Time
NEX-102796,2025-05-24,Lagos,Surulere Hub,Corporate B2B,Home Appliances,Digital Microwave Oven 25L,1,115000,0.2,92000.0,85000,7000.0,0,Returned
NEX-102797,2025-06-13,Lagos,Ikeja Mega-Store,In-Store Retail,Consumer Electronics,Dell XPS 15 Laptop,4,1650000,0.05,6270000.0,5280000,990000.0,0,Delivered On-Time
NEX-102798,2025-07-28,Lagos,Ikeja Mega-Store,In-Store Retail,Home Appliances,Smart Inverter Washing Machine 8kg,1,345000,0.32,236172.54,270000,-33827.46,0,Delivered On-Time
NEX-102799,2025-07-11,Abuja,Wuse 2 Retail,Mobile App,Home Appliances,Digital Microwave Oven 25L,1,115000,0.05,109250.0,85000,24250.0,0,Delayed Transit
NEX-102800,2025-05-31,Lagos,Surulere Hub,Web Direct,Consumer Electronics,Sony WH-1000XM5 Headphones,1,285000,0.15,242250.0,195000,47250.0,0,Delivered On-Time
NEX-102801,2025-05-12,Ibadan,Ring Road Complex,Web Direct,Consumer Electronics,MacBook Pro 14 M3,1,1850000,0.05,1757500.0,1480000,277500.0,0,Delivered On-Time
NEX-102802,2025-05-11,Port Harcourt,GRA Phase 2 Store,In-Store Retail,Consumer Electronics,iPhone 15 Pro Max 256GB,1,1450000,0.1,1305000.0,1150000,155000.0,0,Fulfilled In-Store
NEX-102803,2025-07-06,Abuja,Maitama Galleria,Web Direct,Computing & Peripherals,Wireless Mechanical Keyboard,4,65000,0.05,247000.0,168000,79000.0,0,Delivered On-Time
NEX-102804,2025-05-16,Lagos,Ikeja Mega-Store,Mobile App,Consumer Electronics,MacBook Pro 14 M3,1,1850000,0.05,1757500.0,1480000,277500.0,0,Fulfilled In-Store
NEX-102805,2025-06-22,Abuja,Wuse 2 Retail,In-Store Retail,Computing & Peripherals,Ergonomic Office Chair Pro,2,185000,0.0,370000.0,260000,110000.0,0,Delivered On-Time
NEX-102806,2025-07-11,Lagos,Surulere Hub,Corporate B2B,Computing & Peripherals,Logitech MX Master 3S Mouse,2,75000,0.0,150000.0,104000,46000.0,0,Delivered On-Time
NEX-102807,2025-05-22,Lagos,Victoria Island Flagship,Corporate B2B,Consumer Electronics,Dell XPS 15 Laptop,3,1650000,0.1,4455000.0,3960000,495000.0,0,Fulfilled In-Store
NEX-102808,2025-05-15,Abuja,Central Business District Store,In-Store Retail,Consumer Electronics,Galaxy S24 Ultra 512GB,1,1250000,0.05,1187500.0,950000,237500.0,0,Delivered On-Time
NEX-102809,2025-06-08,Abuja,Maitama Galleria,In-Store Retail,Home Appliances,Digital Microwave Oven 25L,1,115000,0.05,109250.0,85000,24250.0,0,Delivered On-Time
NEX-102810,2025-07-10,Lagos,Lekki Mall Outlet,Web Direct,Computing & Peripherals,Ergonomic Office Chair Pro,2,185000,0.05,351500.0,260000,91500.0,0,Delivered On-Time
NEX-102811,2025-07-21,Lagos,Surulere Hub,In-Store Retail,Home Appliances,Smart Inverter Washing Machine 8kg,1,345000,0.3,242926.9,270000,-27073.1,0,Delayed Transit
NEX-102812,2025-06-05,Abuja,Maitama Galleria,Mobile App,Consumer Electronics,Galaxy S24 Ultra 512GB,2,1250000,0.0,2500000.0,1900000,600000.0,0,Delayed Transit
NEX-102813,2025-05-21,Lagos,Lekki Mall Outlet,Corporate B2B,Computing & Peripherals,27-inch 4K Gaming Monitor,2,310000,0.05,589000.0,470000,119000.0,0,Delivered On-Time
NEX-102814,2025-06-04,Abuja,Maitama Galleria,Corporate B2B,Consumer Electronics,MacBook Pro 14 M3,2,1850000,0.0,3700000.0,2960000,740000.0,0,Delayed Transit
NEX-102815,2025-06-26,Abuja,Maitama Galleria,In-Store Retail,Computing & Peripherals,27-inch 4K Gaming Monitor,3,310000,0.0,930000.0,705000,225000.0,0,Delivered On-Time
NEX-102816,2025-07-04,Port Harcourt,GRA Phase 2 Store,Corporate B2B,Home Appliances,Double Door Refrigerator 320L,2,520000,0.0,1040000.0,820000,220000.0,0,Delivered On-Time
NEX-102817,2025-07-23,Abuja,Central Business District Store,Mobile App,Consumer Electronics,iPhone 15 Pro Max 256GB,1,1450000,0.1,1305000.0,1150000,155000.0,0,Delivered On-Time
NEX-102818,2025-07-24,Abuja,Maitama Galleria,In-Store Retail,Computing & Peripherals,27-inch 4K Gaming Monitor,1,310000,0.05,294500.0,235000,59500.0,0,Delayed Transit
NEX-102819,2025-05-07,Ibadan,Ring Road Complex,In-Store Retail,Consumer Electronics,iPhone 15 Pro Max 256GB,3,1450000,0.05,4132500.0,3450000,682500.0,0,Fulfilled In-Store
NEX-102820,2025-05-29,Lagos,Victoria Island Flagship,In-Store Retail,Computing & Peripherals,Logitech MX Master 3S Mouse,1,75000,0.1,67500.0,52000,15500.0,0,Delivered On-Time
NEX-102821,2025-06-03,Lagos,Ikeja Mega-Store,In-Store Retail,Computing & Peripherals,Wireless Mechanical Keyboard,3,65000,0.0,195000.0,126000,69000.0,0,Delivered On-Time
NEX-102822,2025-06-04,Ibadan,Bodija Outlet,Web Direct,Consumer Electronics,Sony WH-1000XM5 Headphones,1,285000,0.05,270750.0,195000,75750.0,0,Delivered On-Time
NEX-102823,2025-07-29,Kano,Bompai Trade Centre,Web Direct,Consumer Electronics,Galaxy S24 Ultra 512GB,1,1250000,0.0,1250000.0,950000,300000.0,0,Returned
NEX-102824,2025-06-22,Lagos,Victoria Island Flagship,Corporate B2B,Home Appliances,Inverter Split AC 1.5HP (AC-902),1,385000,0.0,385000.0,310000,75000.0,0,Delivered On-Time
NEX-102825,2025-06-11,Port Harcourt,GRA Phase 2 Store,Web Direct,Consumer Electronics,Sony WH-1000XM5 Headphones,1,285000,0.15,242250.0,195000,47250.0,0,Delivered On-Time
NEX-102826,2025-05-21,Lagos,Surulere Hub,In-Store Retail,Computing & Peripherals,Ergonomic Office Chair Pro,1,185000,0.05,175750.0,130000,45750.0,0,Delayed Transit
NEX-102827,2025-05-01,Lagos,Ikeja Mega-Store,Corporate B2B,Home Appliances,Inverter Split AC 1.5HP (AC-902),1,385000,0.15,327250.0,310000,17250.0,0,Fulfilled In-Store
NEX-102828,2025-07-17,Abuja,Maitama Galleria,In-Store Retail,Home Appliances,Inverter Split AC 1.5HP (AC-902),1,385000,0.05,365750.0,310000,55750.0,0,Delivered On-Time
NEX-102829,2025-06-09,Abuja,Central Business District Store,In-Store Retail,Computing & Peripherals,27-inch 4K Gaming Monitor,1,310000,0.0,310000.0,235000,75000.0,0,Delivered On-Time
NEX-102830,2025-07-26,Port Harcourt,Trans-Amadi Commercial,Web Direct,Home Appliances,Smart Inverter Washing Machine 8kg,1,345000,0.0,345000.0,270000,75000.0,0,Delivered On-Time
NEX-102831,2025-05-05,Abuja,Maitama Galleria,In-Store Retail,Computing & Peripherals,1TB NVMe Portable SSD,1,95000,0.1,85500.0,68000,17500.0,0,Fulfilled In-Store
NEX-102832,2025-05-29,Ibadan,Bodija Outlet,Web Direct,Computing & Peripherals,Logitech MX Master 3S Mouse,1,75000,0.15,63750.0,52000,11750.0,0,Delivered On-Time
NEX-102833,2025-05-19,Port Harcourt,Trans-Amadi Commercial,Corporate B2B,Consumer Electronics,Sony WH-1000XM5 Headphones,1,285000,0.15,242250.0,195000,47250.0,0,Fulfilled In-Store
NEX-102834,2025-06-14,Lagos,Surulere Hub,In-Store Retail,Consumer Electronics,Galaxy S24 Ultra 512GB,1,1250000,0.15,1062500.0,950000,112500.0,0,Delivered On-Time
NEX-102835,2025-05-30,Port Harcourt,Trans-Amadi Commercial,In-Store Retail,Consumer Electronics,MacBook Pro 14 M3,1,1850000,0.05,1757500.0,1480000,277500.0,0,Fulfilled In-Store
NEX-102836,2025-06-29,Ibadan,Bodija Outlet,In-Store Retail,Consumer Electronics,iPhone 15 Pro Max 256GB,1,1450000,0.05,1377500.0,1150000,227500.0,0,Delivered On-Time
NEX-102837,2025-05-13,Lagos,Lekki Mall Outlet,Corporate B2B,Home Appliances,Digital Microwave Oven 25L,1,115000,0.05,109250.0,85000,24250.0,0,Fulfilled In-Store
NEX-102838,2025-07-08,Lagos,Lekki Mall Outlet,In-Store Retail,Consumer Electronics,Dell XPS 15 Laptop,2,1650000,0.1,2970000.0,2640000,330000.0,0,Delivered On-Time
NEX-102839,2025-07-02,Lagos,Ikeja Mega-Store,Web Direct,Home Appliances,Inverter Split AC 1.5HP (AC-902),1,385000,0.37,242629.84,310000,-67370.16,0,Fulfilled In-Store
NEX-102840,2025-07-20,Abuja,Central Business District Store,In-Store Retail,Consumer Electronics,iPhone 15 Pro Max 256GB,2,1450000,0.05,2755000.0,2300000,455000.0,0,Delivered On-Time
NEX-102841,2025-05-01,Lagos,Surulere Hub,In-Store Retail,Home Appliances,Chest Freezer 200L,5,245000,0.0,1225000.0,975000,250000.0,0,Delivered On-Time
NEX-102842,2025-07-03,Abuja,Maitama Galleria,Web Direct,Computing & Peripherals,Wireless Mechanical Keyboard,4,65000,0.0,260000.0,168000,92000.0,0,Delivered On-Time
NEX-102843,2025-06-13,Ibadan,Ring Road Complex,In-Store Retail,Home Appliances,Smart Inverter Washing Machine 8kg,2,345000,0.0,690000.0,540000,150000.0,0,Delivered On-Time
NEX-102844,2025-07-17,Port Harcourt,GRA Phase 2 Store,In-Store Retail,Home Appliances,Smart Inverter Washing Machine 8kg,1,345000,0.0,345000.0,270000,75000.0,0,Fulfilled In-Store
NEX-102845,2025-06-26,Port Harcourt,Trans-Amadi Commercial,In-Store Retail,Computing & Peripherals,Ergonomic Office Chair Pro,1,185000,0.05,175750.0,130000,45750.0,0,Delivered On-Time
NEX-102846,2025-07-07,Lagos,Ikeja Mega-Store,In-Store Retail,Computing & Peripherals,Wireless Mechanical Keyboard,1,65000,0.1,58500.0,42000,16500.0,0,Fulfilled In-Store
NEX-102847,2025-07-25,Abuja,Wuse 2 Retail,In-Store Retail,Home Appliances,Double Door Refrigerator 320L,1,520000,0.0,520000.0,410000,110000.0,0,Returned
NEX-102848,2025-06-17,Kano,Bompai Trade Centre,Web Direct,Computing & Peripherals,Logitech MX Master 3S Mouse,1,75000,0.0,75000.0,52000,23000.0,0,Delivered On-Time
NEX-102849,2025-05-28,Lagos,Ikeja Mega-Store,Mobile App,Consumer Electronics,MacBook Pro 14 M3,2,1850000,0.1,3330000.0,2960000,370000.0,0,Delivered On-Time
NEX-102850,2025-05-25,Lagos,Surulere Hub,Mobile App,Home Appliances,Double Door Refrigerator 320L,1,520000,0.0,520000.0,410000,110000.0,0,Delivered On-Time
NEX-102851,2025-07-26,Kano,Bompai Trade Centre,In-Store Retail,Computing & Peripherals,1TB NVMe Portable SSD,1,95000,0.1,85500.0,68000,17500.0,0,Returned
NEX-102852,2025-06-04,Abuja,Central Business District Store,In-Store Retail,Computing & Peripherals,27-inch 4K Gaming Monitor,1,310000,0.15,263500.0,235000,28500.0,0,Delivered On-Time
NEX-102853,2025-06-16,Port Harcourt,Trans-Amadi Commercial,Corporate B2B,Computing & Peripherals,Wireless Mechanical Keyboard,1,65000,0.0,65000.0,42000,23000.0,0,Fulfilled In-Store
NEX-102854,2025-05-24,Ibadan,Bodija Outlet,In-Store Retail,Computing & Peripherals,Logitech MX Master 3S Mouse,2,75000,0.15,127500.0,104000,23500.0,0,Fulfilled In-Store
NEX-102855,2025-05-19,Kano,Bompai Trade Centre,In-Store Retail,Computing & Peripherals,27-inch 4K Gaming Monitor,1,310000,0.0,310000.0,235000,75000.0,0,Delivered On-Time
NEX-102856,2025-05-22,Lagos,Victoria Island Flagship,In-Store Retail,Consumer Electronics,Sony WH-1000XM5 Headphones,1,285000,0.0,285000.0,195000,90000.0,0,Delayed Transit
NEX-102857,2025-07-12,Port Harcourt,GRA Phase 2 Store,Corporate B2B,Computing & Peripherals,Ergonomic Office Chair Pro,1,185000,0.1,166500.0,130000,36500.0,0,Returned
NEX-102858,2025-07-20,Abuja,Maitama Galleria,Mobile App,Computing & Peripherals,Wireless Mechanical Keyboard,1,65000,0.05,61750.0,42000,19750.0,0,Delivered On-Time
NEX-102859,2025-05-10,Lagos,Ikeja Mega-Store,Corporate B2B,Computing & Peripherals,1TB NVMe Portable SSD,1,95000,0.1,85500.0,68000,17500.0,0,Delivered On-Time
NEX-102860,2025-06-18,Kano,Nasarawa Road Branch,Web Direct,Consumer Electronics,MacBook Pro 14 M3,1,1850000,0.0,1850000.0,1480000,370000.0,0,Delayed Transit
NEX-102861,2025-05-13,Abuja,Central Business District Store,In-Store Retail,Computing & Peripherals,Logitech MX Master 3S Mouse,1,75000,0.1,67500.0,52000,15500.0,0,Fulfilled In-Store
NEX-102862,2025-07-03,Ibadan,Bodija Outlet,In-Store Retail,Consumer Electronics,iPhone 15 Pro Max 256GB,1,1450000,0.0,1450000.0,1150000,300000.0,0,Delivered On-Time
NEX-102863,2025-06-01,Lagos,Ikeja Mega-Store,Corporate B2B,Consumer Electronics,iPhone 15 Pro Max 256GB,1,1450000,0.05,1377500.0,1150000,227500.0,0,Delivered On-Time
NEX-102864,2025-05-01,Abuja,Maitama Galleria,Mobile App,Home Appliances,Digital Microwave Oven 25L,1,115000,0.05,109250.0,85000,24250.0,0,Delayed Transit
NEX-102865,2025-07-01,Lagos,Victoria Island Flagship,Corporate B2B,Home Appliances,Double Door Refrigerator 320L,2,520000,0.32,709989.64,820000,-110010.36,0,Delayed Transit
NEX-102866,2025-07-28,Port Harcourt,Trans-Amadi Commercial,In-Store Retail,Consumer Electronics,Sony WH-1000XM5 Headphones,1,285000,0.0,285000.0,195000,90000.0,0,Delivered On-Time
NEX-102867,2025-07-11,Lagos,Lekki Mall Outlet,In-Store Retail,Home Appliances,Chest Freezer 200L,1,245000,0.3,170858.39,195000,-24141.61,0,Delivered On-Time
NEX-102868,2025-06-08,Abuja,Maitama Galleria,In-Store Retail,Home Appliances,Digital Microwave Oven 25L,1,115000,0.05,109250.0,85000,24250.0,0,Delivered On-Time
NEX-102869,2025-07-31,Kano,Nasarawa Road Branch,Web Direct,Consumer Electronics,Sony WH-1000XM5 Headphones,2,285000,0.0,570000.0,390000,180000.0,0,Delivered On-Time
NEX-102870,2025-07-12,Port Harcourt,Trans-Amadi Commercial,Web Direct,Consumer Electronics,MacBook Pro 14 M3,1,1850000,0.1,1665000.0,1480000,185000.0,0,Delayed Transit
NEX-102871,2025-07-16,Abuja,Central Business District Store,In-Store Retail,Consumer Electronics,MacBook Pro 14 M3,1,1850000,0.0,1850000.0,1480000,370000.0,0,Delivered On-Time
NEX-102872,2025-07-14,Lagos,Ikeja Mega-Store,In-Store Retail,Consumer Electronics,Galaxy S24 Ultra 512GB,4,1250000,0.15,4250000.0,3800000,450000.0,0,Delivered On-Time
NEX-102873,2025-06-20,Port Harcourt,Trans-Amadi Commercial,Mobile App,Home Appliances,Inverter Split AC 1.5HP (AC-902),1,385000,0.0,385000.0,310000,75000.0,0,Fulfilled In-Store
NEX-102874,2025-05-04,Abuja,Wuse 2 Retail,In-Store Retail,Home Appliances,Chest Freezer 200L,1,245000,0.15,208250.0,195000,13250.0,0,Delivered On-Time
NEX-102875,2025-06-17,Abuja,Wuse 2 Retail,Corporate B2B,Consumer Electronics,Dell XPS 15 Laptop,1,1650000,0.0,1650000.0,1320000,330000.0,0,Delivered On-Time
NEX-102876,2025-06-11,Kano,Bompai Trade Centre,In-Store Retail,Home Appliances,Digital Microwave Oven 25L,1,115000,0.1,103500.0,85000,18500.0,0,Delivered On-Time
NEX-102877,2025-05-21,Port Harcourt,Trans-Amadi Commercial,In-Store Retail,Consumer Electronics,iPhone 15 Pro Max 256GB,3,1450000,0.0,4350000.0,3450000,900000.0,0,Delivered On-Time
NEX-102878,2025-07-05,Ibadan,Bodija Outlet,Web Direct,Consumer Electronics,iPhone 15 Pro Max 256GB,1,1450000,0.1,1305000.0,1150000,155000.0,0,Delivered On-Time
NEX-102879,2025-07-03,Lagos,Surulere Hub,Web Direct,Consumer Electronics,Galaxy S24 Ultra 512GB,1,1250000,0.05,1187500.0,950000,237500.0,0,Fulfilled In-Store
NEX-102880,2025-06-08,Lagos,Lekki Mall Outlet,Mobile App,Computing & Peripherals,Logitech MX Master 3S Mouse,1,75000,0.0,75000.0,52000,23000.0,0,Delivered On-Time
NEX-102881,2025-05-30,Port Harcourt,Trans-Amadi Commercial,In-Store Retail,Home Appliances,Digital Microwave Oven 25L,1,115000,0.0,115000.0,85000,30000.0,0,Fulfilled In-Store
NEX-102882,2025-06-21,Abuja,Wuse 2 Retail,In-Store Retail,Consumer Electronics,Galaxy S24 Ultra 512GB,1,1250000,0.0,1250000.0,950000,300000.0,0,Returned
NEX-102883,2025-07-31,Ibadan,Bodija Outlet,Web Direct,Computing & Peripherals,Wireless Mechanical Keyboard,2,65000,0.05,123500.0,84000,39500.0,0,Delivered On-Time
NEX-102884,2025-05-30,Lagos,Lekki Mall Outlet,Web Direct,Home Appliances,Digital Microwave Oven 25L,1,115000,0.1,103500.0,85000,18500.0,0,Returned
NEX-102885,2025-06-13,Lagos,Ikeja Mega-Store,In-Store Retail,Home Appliances,Chest Freezer 200L,2,245000,0.05,465500.0,390000,75500.0,0,Returned
NEX-102886,2025-05-28,Port Harcourt,GRA Phase 2 Store,Mobile App,Home Appliances,Inverter Split AC 1.5HP (AC-902),2,385000,0.1,693000.0,620000,73000.0,1,Returned
NEX-102887,2025-07-16,Port Harcourt,Trans-Amadi Commercial,Corporate B2B,Computing & Peripherals,Ergonomic Office Chair Pro,2,185000,0.0,370000.0,260000,110000.0,0,Delivered On-Time
NEX-102888,2025-07-01,Ibadan,Bodija Outlet,In-Store Retail,Home Appliances,Smart Inverter Washing Machine 8kg,1,345000,0.1,310500.0,270000,40500.0,0,Delivered On-Time
NEX-102889,2025-07-05,Abuja,Maitama Galleria,In-Store Retail,Home Appliances,Chest Freezer 200L,1,245000,0.05,232750.0,195000,37750.0,0,Returned
NEX-102890,2025-05-04,Port Harcourt,GRA Phase 2 Store,Web Direct,Home Appliances,Digital Microwave Oven 25L,1,115000,0.0,115000.0,85000,30000.0,0,Fulfilled In-Store
NEX-102891,2025-06-18,Port Harcourt,GRA Phase 2 Store,Mobile App,Computing & Peripherals,Logitech MX Master 3S Mouse,1,75000,0.05,71250.0,52000,19250.0,0,Fulfilled In-Store
NEX-102892,2025-06-30,Lagos,Surulere Hub,Corporate B2B,Home Appliances,Digital Microwave Oven 25L,1,115000,0.05,109250.0,85000,24250.0,0,Delivered On-Time
NEX-102893,2025-07-12,Kano,Bompai Trade Centre,In-Store Retail,Consumer Electronics,Sony WH-1000XM5 Headphones,1,285000,0.0,285000.0,195000,90000.0,0,Fulfilled In-Store
NEX-102894,2025-06-26,Lagos,Ikeja Mega-Store,In-Store Retail,Home Appliances,Double Door Refrigerator 320L,5,520000,0.0,2600000.0,2050000,550000.0,0,Delivered On-Time
NEX-102895,2025-05-24,Abuja,Central Business District Store,In-Store Retail,Computing & Peripherals,Wireless Mechanical Keyboard,1,65000,0.0,65000.0,42000,23000.0,0,Fulfilled In-Store
NEX-102896,2025-05-31,Lagos,Victoria Island Flagship,In-Store Retail,Computing & Peripherals,Wireless Mechanical Keyboard,1,65000,0.0,65000.0,42000,23000.0,0,Fulfilled In-Store
NEX-102897,2025-05-04,Port Harcourt,Trans-Amadi Commercial,Web Direct,Home Appliances,Double Door Refrigerator 320L,1,520000,0.0,520000.0,410000,110000.0,0,Delayed Transit
NEX-102898,2025-05-25,Lagos,Surulere Hub,In-Store Retail,Consumer Electronics,Dell XPS 15 Laptop,1,1650000,0.0,1650000.0,1320000,330000.0,0,Delivered On-Time
NEX-102899,2025-05-07,Lagos,Surulere Hub,Corporate B2B,Home Appliances,Smart Inverter Washing Machine 8kg,1,345000,0.1,310500.0,270000,40500.0,0,Delivered On-Time
NEX-102900,2025-06-13,Lagos,Ikeja Mega-Store,Mobile App,Computing & Peripherals,1TB NVMe Portable SSD,2,95000,0.0,190000.0,136000,54000.0,0,Returned
NEX-102901,2025-05-19,Abuja,Central Business District Store,In-Store Retail,Home Appliances,Digital Microwave Oven 25L,2,115000,0.0,230000.0,170000,60000.0,0,Delivered On-Time
NEX-102902,2025-05-04,Abuja,Maitama Galleria,Web Direct,Computing & Peripherals,Logitech MX Master 3S Mouse,1,75000,0.0,75000.0,52000,23000.0,0,Delivered On-Time
NEX-102903,2025-07-15,Ibadan,Ring Road Complex,In-Store Retail,Consumer Electronics,Sony WH-1000XM5 Headphones,1,285000,0.15,242250.0,195000,47250.0,0,Delayed Transit
NEX-102904,2025-06-11,Abuja,Maitama Galleria,Mobile App,Computing & Peripherals,1TB NVMe Portable SSD,1,95000,0.05,90250.0,68000,22250.0,0,Delivered On-Time
NEX-102905,2025-07-01,Lagos,Surulere Hub,In-Store Retail,Computing & Peripherals,27-inch 4K Gaming Monitor,1,310000,0.0,310000.0,235000,75000.0,0,Delivered On-Time
NEX-102906,2025-06-22,Lagos,Ikeja Mega-Store,In-Store Retail,Computing & Peripherals,1TB NVMe Portable SSD,1,95000,0.0,95000.0,68000,27000.0,0,Delivered On-Time
NEX-102907,2025-05-24,Abuja,Wuse 2 Retail,In-Store Retail,Consumer Electronics,Galaxy S24 Ultra 512GB,1,1250000,0.1,1125000.0,950000,175000.0,0,Delivered On-Time
NEX-102908,2025-06-13,Abuja,Central Business District Store,Mobile App,Consumer Electronics,iPhone 15 Pro Max 256GB,2,1450000,0.05,2755000.0,2300000,455000.0,1,Returned
NEX-102909,2025-07-02,Lagos,Lekki Mall Outlet,Mobile App,Consumer Electronics,Sony WH-1000XM5 Headphones,1,285000,0.05,270750.0,195000,75750.0,0,Fulfilled In-Store
NEX-102910,2025-05-09,Lagos,Lekki Mall Outlet,In-Store Retail,Consumer Electronics,Sony WH-1000XM5 Headphones,1,285000,0.1,256500.0,195000,61500.0,0,Delivered On-Time
NEX-102911,2025-06-21,Abuja,Wuse 2 Retail,In-Store Retail,Home Appliances,Double Door Refrigerator 320L,2,520000,0.0,1040000.0,820000,220000.0,0,Delivered On-Time
NEX-102912,2025-07-08,Kano,Bompai Trade Centre,In-Store Retail,Computing & Peripherals,Wireless Mechanical Keyboard,1,65000,0.05,61750.0,42000,19750.0,0,Returned
NEX-102913,2025-05-19,Kano,Nasarawa Road Branch,In-Store Retail,Computing & Peripherals,27-inch 4K Gaming Monitor,1,310000,0.1,279000.0,235000,44000.0,0,Delivered On-Time
NEX-102914,2025-07-16,Lagos,Victoria Island Flagship,In-Store Retail,Consumer Electronics,MacBook Pro 14 M3,2,1850000,0.05,3515000.0,2960000,555000.0,0,Delivered On-Time
NEX-102915,2025-07-21,Abuja,Central Business District Store,In-Store Retail,Computing & Peripherals,27-inch 4K Gaming Monitor,1,310000,0.05,294500.0,235000,59500.0,0,Returned
NEX-102916,2025-07-25,Lagos,Victoria Island Flagship,In-Store Retail,Computing & Peripherals,Wireless Mechanical Keyboard,1,65000,0.1,58500.0,42000,16500.0,0,Delayed Transit
NEX-102917,2025-06-15,Lagos,Victoria Island Flagship,Web Direct,Computing & Peripherals,Logitech MX Master 3S Mouse,2,75000,0.1,135000.0,104000,31000.0,0,Fulfilled In-Store
NEX-102918,2025-07-01,Abuja,Wuse 2 Retail,In-Store Retail,Consumer Electronics,MacBook Pro 14 M3,1,1850000,0.15,1572500.0,1480000,92500.0,0,Fulfilled In-Store
NEX-102919,2025-05-16,Lagos,Victoria Island Flagship,Corporate B2B,Computing & Peripherals,Logitech MX Master 3S Mouse,1,75000,0.05,71250.0,52000,19250.0,0,Fulfilled In-Store
NEX-102920,2025-06-29,Lagos,Surulere Hub,In-Store Retail,Consumer Electronics,MacBook Pro 14 M3,3,1850000,0.0,5550000.0,4440000,1110000.0,0,Fulfilled In-Store
NEX-102921,2025-07-14,Lagos,Surulere Hub,In-Store Retail,Computing & Peripherals,27-inch 4K Gaming Monitor,1,310000,0.05,294500.0,235000,59500.0,0,Delivered On-Time
NEX-102922,2025-07-23,Abuja,Maitama Galleria,Web Direct,Consumer Electronics,Sony WH-1000XM5 Headphones,2,285000,0.05,541500.0,390000,151500.0,0,Fulfilled In-Store
NEX-102923,2025-06-08,Lagos,Lekki Mall Outlet,In-Store Retail,Home Appliances,Smart Inverter Washing Machine 8kg,1,345000,0.05,327750.0,270000,57750.0,0,Delayed Transit
NEX-102924,2025-06-18,Lagos,Ikeja Mega-Store,In-Store Retail,Home Appliances,Smart Inverter Washing Machine 8kg,1,345000,0.05,327750.0,270000,57750.0,0,Delivered On-Time
NEX-102925,2025-05-21,Abuja,Wuse 2 Retail,In-Store Retail,Consumer Electronics,MacBook Pro 14 M3,3,1850000,0.05,5272500.0,4440000,832500.0,0,Delivered On-Time
NEX-102926,2025-06-30,Abuja,Maitama Galleria,Mobile App,Computing & Peripherals,27-inch 4K Gaming Monitor,2,310000,0.05,589000.0,470000,119000.0,1,Returned
NEX-102927,2025-07-29,Lagos,Victoria Island Flagship,In-Store Retail,Consumer Electronics,MacBook Pro 14 M3,2,1850000,0.0,3700000.0,2960000,740000.0,0,Returned
NEX-102928,2025-05-18,Lagos,Lekki Mall Outlet,Web Direct,Consumer Electronics,iPhone 15 Pro Max 256GB,1,1450000,0.05,1377500.0,1150000,227500.0,0,Fulfilled In-Store
NEX-102929,2025-07-31,Ibadan,Ring Road Complex,Mobile App,Computing & Peripherals,Ergonomic Office Chair Pro,1,185000,0.0,185000.0,130000,55000.0,0,Delivered On-Time
NEX-102930,2025-06-28,Lagos,Victoria Island Flagship,In-Store Retail,Consumer Electronics,MacBook Pro 14 M3,1,1850000,0.15,1572500.0,1480000,92500.0,0,Returned
NEX-102931,2025-05-02,Kano,Nasarawa Road Branch,Web Direct,Consumer Electronics,Dell XPS 15 Laptop,2,1650000,0.0,3300000.0,2640000,660000.0,0,Delivered On-Time
NEX-102932,2025-06-04,Lagos,Lekki Mall Outlet,In-Store Retail,Computing & Peripherals,1TB NVMe Portable SSD,1,95000,0.1,85500.0,68000,17500.0,0,Delayed Transit
NEX-102933,2025-06-11,Abuja,Wuse 2 Retail,In-Store Retail,Computing & Peripherals,Logitech MX Master 3S Mouse,2,75000,0.1,135000.0,104000,31000.0,0,Delivered On-Time
NEX-102934,2025-07-16,Lagos,Victoria Island Flagship,In-Store Retail,Consumer Electronics,MacBook Pro 14 M3,1,1850000,0.1,1665000.0,1480000,185000.0,0,Delivered On-Time
NEX-102935,2025-05-26,Lagos,Ikeja Mega-Store,Web Direct,Computing & Peripherals,27-inch 4K Gaming Monitor,1,310000,0.1,279000.0,235000,44000.0,0,Fulfilled In-Store
NEX-102936,2025-07-22,Lagos,Victoria Island Flagship,In-Store Retail,Home Appliances,Double Door Refrigerator 320L,2,520000,0.35,675410.86,820000,-144589.14,0,Delayed Transit
NEX-102937,2025-05-07,Port Harcourt,Trans-Amadi Commercial,In-Store Retail,Consumer Electronics,Galaxy S24 Ultra 512GB,1,1250000,0.05,1187500.0,950000,237500.0,0,Delayed Transit
NEX-102938,2025-05-08,Port Harcourt,Trans-Amadi Commercial,Mobile App,Home Appliances,Chest Freezer 200L,1,245000,0.0,245000.0,195000,50000.0,0,Delayed Transit
NEX-102939,2025-06-21,Abuja,Maitama Galleria,In-Store Retail,Consumer Electronics,Dell XPS 15 Laptop,2,1650000,0.1,2970000.0,2640000,330000.0,0,Delivered On-Time
NEX-102940,2025-06-30,Abuja,Central Business District Store,In-Store Retail,Consumer Electronics,iPhone 15 Pro Max 256GB,2,1450000,0.1,2610000.0,2300000,310000.0,0,Delivered On-Time
NEX-102941,2025-05-03,Ibadan,Ring Road Complex,In-Store Retail,Consumer Electronics,iPhone 15 Pro Max 256GB,1,1450000,0.2,1160000.0,1150000,10000.0,0,Delivered On-Time
NEX-102942,2025-05-23,Lagos,Surulere Hub,Mobile App,Consumer Electronics,Dell XPS 15 Laptop,1,1650000,0.0,1650000.0,1320000,330000.0,0,Delivered On-Time
NEX-102943,2025-05-31,Lagos,Ikeja Mega-Store,In-Store Retail,Consumer Electronics,Sony WH-1000XM5 Headphones,1,285000,0.0,285000.0,195000,90000.0,0,Delivered On-Time
NEX-102944,2025-05-04,Abuja,Central Business District Store,In-Store Retail,Home Appliances,Smart Inverter Washing Machine 8kg,1,345000,0.05,327750.0,270000,57750.0,0,Returned
NEX-102945,2025-06-04,Abuja,Wuse 2 Retail,In-Store Retail,Consumer Electronics,iPhone 15 Pro Max 256GB,3,1450000,0.1,3915000.0,3450000,465000.0,0,Fulfilled In-Store
NEX-102946,2025-06-20,Lagos,Ikeja Mega-Store,Web Direct,Consumer Electronics,MacBook Pro 14 M3,2,1850000,0.15,3145000.0,2960000,185000.0,0,Delivered On-Time
NEX-102947,2025-05-05,Ibadan,Ring Road Complex,Web Direct,Consumer Electronics,MacBook Pro 14 M3,3,1850000,0.0,5550000.0,4440000,1110000.0,0,Delayed Transit
NEX-102948,2025-06-09,Abuja,Maitama Galleria,Mobile App,Consumer Electronics,Dell XPS 15 Laptop,2,1650000,0.05,3135000.0,2640000,495000.0,0,Delivered On-Time
NEX-102949,2025-06-10,Lagos,Ikeja Mega-Store,Corporate B2B,Home Appliances,Digital Microwave Oven 25L,2,115000,0.0,230000.0,170000,60000.0,0,Delayed Transit
NEX-102950,2025-06-05,Lagos,Ikeja Mega-Store,Corporate B2B,Home Appliances,Inverter Split AC 1.5HP (AC-902),2,385000,0.0,770000.0,620000,150000.0,0,Delayed Transit
NEX-102951,2025-07-08,Abuja,Wuse 2 Retail,In-Store Retail,Home Appliances,Double Door Refrigerator 320L,1,520000,0.1,468000.0,410000,58000.0,0,Fulfilled In-Store
NEX-102952,2025-06-10,Lagos,Victoria Island Flagship,In-Store Retail,Computing & Peripherals,1TB NVMe Portable SSD,1,95000,0.05,90250.0,68000,22250.0,0,Delayed Transit
NEX-102953,2025-07-16,Lagos,Ikeja Mega-Store,In-Store Retail,Computing & Peripherals,Wireless Mechanical Keyboard,1,65000,0.0,65000.0,42000,23000.0,0,Delivered On-Time
NEX-102954,2025-07-15,Lagos,Ikeja Mega-Store,In-Store Retail,Home Appliances,Digital Microwave Oven 25L,2,115000,0.36,146059.68,170000,-23940.32,0,Delivered On-Time
NEX-102955,2025-07-02,Port Harcourt,GRA Phase 2 Store,Web Direct,Consumer Electronics,Galaxy S24 Ultra 512GB,1,1250000,0.2,1000000.0,950000,50000.0,0,Delivered On-Time
NEX-102956,2025-06-01,Abuja,Central Business District Store,In-Store Retail,Computing & Peripherals,Logitech MX Master 3S Mouse,2,75000,0.1,135000.0,104000,31000.0,0,Fulfilled In-Store
NEX-102957,2025-06-15,Ibadan,Ring Road Complex,Mobile App,Computing & Peripherals,27-inch 4K Gaming Monitor,1,310000,0.0,310000.0,235000,75000.0,0,Fulfilled In-Store
NEX-102958,2025-07-08,Port Harcourt,Trans-Amadi Commercial,In-Store Retail,Computing & Peripherals,27-inch 4K Gaming Monitor,1,310000,0.15,263500.0,235000,28500.0,0,Delivered On-Time
NEX-102959,2025-05-01,Port Harcourt,GRA Phase 2 Store,Web Direct,Home Appliances,Digital Microwave Oven 25L,1,115000,0.0,115000.0,85000,30000.0,0,Delivered On-Time
NEX-102960,2025-05-03,Abuja,Central Business District Store,Web Direct,Computing & Peripherals,27-inch 4K Gaming Monitor,4,310000,0.0,1240000.0,940000,300000.0,0,Delayed Transit
NEX-102961,2025-07-06,Port Harcourt,Trans-Amadi Commercial,In-Store Retail,Home Appliances,Smart Inverter Washing Machine 8kg,4,345000,0.05,1311000.0,1080000,231000.0,0,Delivered On-Time
NEX-102962,2025-05-11,Lagos,Surulere Hub,In-Store Retail,Consumer Electronics,Sony WH-1000XM5 Headphones,1,285000,0.05,270750.0,195000,75750.0,0,Delivered On-Time
NEX-102963,2025-07-11,Lagos,Surulere Hub,Corporate B2B,Consumer Electronics,Sony WH-1000XM5 Headphones,1,285000,0.0,285000.0,195000,90000.0,0,Delayed Transit
NEX-102964,2025-06-16,Port Harcourt,GRA Phase 2 Store,Mobile App,Consumer Electronics,Galaxy S24 Ultra 512GB,1,1250000,0.15,1062500.0,950000,112500.0,0,Delivered On-Time
NEX-102965,2025-05-19,Lagos,Ikeja Mega-Store,In-Store Retail,Computing & Peripherals,Ergonomic Office Chair Pro,1,185000,0.1,166500.0,130000,36500.0,0,Fulfilled In-Store
NEX-102966,2025-07-30,Abuja,Central Business District Store,In-Store Retail,Consumer Electronics,Galaxy S24 Ultra 512GB,1,1250000,0.05,1187500.0,950000,237500.0,0,Delivered On-Time
NEX-102967,2025-05-21,Port Harcourt,GRA Phase 2 Store,In-Store Retail,Computing & Peripherals,Logitech MX Master 3S Mouse,1,75000,0.0,75000.0,52000,23000.0,0,Delivered On-Time
NEX-102968,2025-05-08,Lagos,Lekki Mall Outlet,Mobile App,Home Appliances,Smart Inverter Washing Machine 8kg,1,345000,0.05,327750.0,270000,57750.0,0,Delivered On-Time
NEX-102969,2025-05-05,Abuja,Wuse 2 Retail,Web Direct,Computing & Peripherals,1TB NVMe Portable SSD,1,95000,0.05,90250.0,68000,22250.0,0,Fulfilled In-Store
NEX-102970,2025-06-21,Abuja,Central Business District Store,Web Direct,Home Appliances,Double Door Refrigerator 320L,1,520000,0.0,520000.0,410000,110000.0,0,Delivered On-Time
NEX-102971,2025-06-06,Lagos,Victoria Island Flagship,Corporate B2B,Consumer Electronics,Galaxy S24 Ultra 512GB,1,1250000,0.0,1250000.0,950000,300000.0,0,Delivered On-Time
NEX-102972,2025-06-09,Abuja,Central Business District Store,Mobile App,Home Appliances,Smart Inverter Washing Machine 8kg,1,345000,0.2,276000.0,270000,6000.0,0,Delayed Transit
NEX-102973,2025-06-10,Ibadan,Bodija Outlet,Corporate B2B,Consumer Electronics,Dell XPS 15 Laptop,1,1650000,0.05,1567500.0,1320000,247500.0,0,Delivered On-Time
NEX-102974,2025-06-18,Lagos,Lekki Mall Outlet,In-Store Retail,Home Appliances,Digital Microwave Oven 25L,1,115000,0.0,115000.0,85000,30000.0,0,Delivered On-Time
NEX-102975,2025-06-06,Lagos,Surulere Hub,Web Direct,Home Appliances,Inverter Split AC 1.5HP (AC-902),1,385000,0.0,385000.0,310000,75000.0,0,Delivered On-Time
NEX-102976,2025-05-06,Port Harcourt,GRA Phase 2 Store,Mobile App,Computing & Peripherals,Wireless Mechanical Keyboard,2,65000,0.05,123500.0,84000,39500.0,0,Delivered On-Time
NEX-102977,2025-06-22,Lagos,Ikeja Mega-Store,Web Direct,Consumer Electronics,iPhone 15 Pro Max 256GB,1,1450000,0.0,1450000.0,1150000,300000.0,0,Delivered On-Time
NEX-102978,2025-06-05,Abuja,Wuse 2 Retail,In-Store Retail,Computing & Peripherals,Logitech MX Master 3S Mouse,2,75000,0.0,150000.0,104000,46000.0,0,Delivered On-Time
NEX-102979,2025-07-18,Lagos,Lekki Mall Outlet,In-Store Retail,Consumer Electronics,Galaxy S24 Ultra 512GB,1,1250000,0.1,1125000.0,950000,175000.0,0,Delivered On-Time
NEX-102980,2025-06-02,Abuja,Maitama Galleria,In-Store Retail,Consumer Electronics,iPhone 15 Pro Max 256GB,2,1450000,0.0,2900000.0,2300000,600000.0,0,Delivered On-Time
NEX-102981,2025-05-29,Ibadan,Ring Road Complex,Mobile App,Consumer Electronics,iPhone 15 Pro Max 256GB,1,1450000,0.0,1450000.0,1150000,300000.0,0,Delivered On-Time
NEX-102982,2025-06-03,Port Harcourt,GRA Phase 2 Store,Web Direct,Home Appliances,Inverter Split AC 1.5HP (AC-902),1,385000,0.0,385000.0,310000,75000.0,0,Fulfilled In-Store
NEX-102983,2025-05-12,Kano,Nasarawa Road Branch,Corporate B2B,Computing & Peripherals,1TB NVMe Portable SSD,1,95000,0.0,95000.0,68000,27000.0,0,Returned
NEX-102984,2025-07-26,Abuja,Maitama Galleria,Web Direct,Home Appliances,Chest Freezer 200L,1,245000,0.1,220500.0,195000,25500.0,0,Returned
NEX-102985,2025-05-29,Lagos,Lekki Mall Outlet,In-Store Retail,Consumer Electronics,Dell XPS 15 Laptop,1,1650000,0.15,1402500.0,1320000,82500.0,0,Delivered On-Time
NEX-102986,2025-05-14,Lagos,Lekki Mall Outlet,Mobile App,Computing & Peripherals,Wireless Mechanical Keyboard,1,65000,0.05,61750.0,42000,19750.0,0,Delivered On-Time
NEX-102987,2025-05-01,Lagos,Surulere Hub,In-Store Retail,Home Appliances,Digital Microwave Oven 25L,1,115000,0.1,103500.0,85000,18500.0,0,Fulfilled In-Store
NEX-102988,2025-06-19,Abuja,Maitama Galleria,Web Direct,Computing & Peripherals,Logitech MX Master 3S Mouse,1,75000,0.0,75000.0,52000,23000.0,0,Delivered On-Time
NEX-102989,2025-06-15,Port Harcourt,Trans-Amadi Commercial,In-Store Retail,Home Appliances,Double Door Refrigerator 320L,3,520000,0.0,1560000.0,1230000,330000.0,0,Returned
NEX-102990,2025-07-16,Lagos,Ikeja Mega-Store,In-Store Retail,Home Appliances,Inverter Split AC 1.5HP (AC-902),1,385000,0.37,244172.72,310000,-65827.28,0,Delivered On-Time
NEX-102991,2025-07-19,Abuja,Wuse 2 Retail,Mobile App,Computing & Peripherals,Logitech MX Master 3S Mouse,1,75000,0.15,63750.0,52000,11750.0,0,Delivered On-Time
NEX-102992,2025-05-30,Lagos,Lekki Mall Outlet,In-Store Retail,Computing & Peripherals,Logitech MX Master 3S Mouse,4,75000,0.0,300000.0,208000,92000.0,0,Delivered On-Time
NEX-102993,2025-05-22,Lagos,Surulere Hub,In-Store Retail,Consumer Electronics,Dell XPS 15 Laptop,1,1650000,0.05,1567500.0,1320000,247500.0,0,Delivered On-Time
NEX-102994,2025-07-27,Port Harcourt,GRA Phase 2 Store,In-Store Retail,Computing & Peripherals,1TB NVMe Portable SSD,1,95000,0.0,95000.0,68000,27000.0,0,Delivered On-Time
NEX-102995,2025-06-11,Lagos,Ikeja Mega-Store,In-Store Retail,Home Appliances,Inverter Split AC 1.5HP (AC-902),1,385000,0.0,385000.0,310000,75000.0,0,Delivered On-Time
NEX-102996,2025-07-16,Lagos,Surulere Hub,Corporate B2B,Computing & Peripherals,1TB NVMe Portable SSD,2,95000,0.05,180500.0,136000,44500.0,0,Delivered On-Time
NEX-102997,2025-06-29,Lagos,Victoria Island Flagship,In-Store Retail,Consumer Electronics,Galaxy S24 Ultra 512GB,5,1250000,0.15,5312500.0,4750000,562500.0,0,Delivered On-Time
NEX-102998,2025-05-10,Lagos,Victoria Island Flagship,Web Direct,Home Appliances,Chest Freezer 200L,3,245000,0.05,698250.0,585000,113250.0,0,Fulfilled In-Store
NEX-102999,2025-05-05,Lagos,Ikeja Mega-Store,In-Store Retail,Consumer Electronics,Sony WH-1000XM5 Headphones,1,285000,0.1,256500.0,195000,61500.0,0,Delivered On-Time
NEX-103000,2025-05-05,Lagos,Ikeja Mega-Store,In-Store Retail,Consumer Electronics,MacBook Pro 14 M3,1,1850000,0.0,1850000.0,1480000,370000.0,0,Delivered On-Time
NEX-103001,2025-07-15,Lagos,Lekki Mall Outlet,In-Store Retail,Consumer Electronics,Dell XPS 15 Laptop,1,1650000,0.05,1567500.0,1320000,247500.0,0,Delayed Transit
NEX-103002,2025-06-13,Lagos,Victoria Island Flagship,In-Store Retail,Consumer Electronics,Sony WH-1000XM5 Headphones,2,285000,0.0,570000.0,390000,180000.0,0,Delivered On-Time
NEX-103003,2025-06-01,Kano,Nasarawa Road Branch,In-Store Retail,Computing & Peripherals,1TB NVMe Portable SSD,1,95000,0.0,95000.0,68000,27000.0,0,Delivered On-Time
NEX-103004,2025-06-19,Port Harcourt,Trans-Amadi Commercial,Web Direct,Home Appliances,Double Door Refrigerator 320L,1,520000,0.05,494000.0,410000,84000.0,0,Fulfilled In-Store
NEX-103005,2025-06-24,Abuja,Central Business District Store,In-Store Retail,Home Appliances,Double Door Refrigerator 320L,3,520000,0.0,1560000.0,1230000,330000.0,0,Delivered On-Time
NEX-103006,2025-06-14,Port Harcourt,Trans-Amadi Commercial,Corporate B2B,Computing & Peripherals,Wireless Mechanical Keyboard,2,65000,0.0,130000.0,84000,46000.0,0,Fulfilled In-Store
NEX-103007,2025-07-10,Abuja,Central Business District Store,In-Store Retail,Consumer Electronics,iPhone 15 Pro Max 256GB,1,1450000,0.0,1450000.0,1150000,300000.0,0,Fulfilled In-Store
NEX-103008,2025-07-17,Lagos,Ikeja Mega-Store,In-Store Retail,Home Appliances,Smart Inverter Washing Machine 8kg,1,345000,0.29,244906.25,270000,-25093.75,0,Fulfilled In-Store
NEX-103009,2025-06-29,Abuja,Central Business District Store,Corporate B2B,Consumer Electronics,Sony WH-1000XM5 Headphones,1,285000,0.0,285000.0,195000,90000.0,0,Delivered On-Time
NEX-103010,2025-07-18,Lagos,Lekki Mall Outlet,Corporate B2B,Home Appliances,Smart Inverter Washing Machine 8kg,1,345000,0.36,220123.45,270000,-49876.55,0,Delivered On-Time
NEX-103011,2025-05-02,Lagos,Lekki Mall Outlet,Web Direct,Computing & Peripherals,Ergonomic Office Chair Pro,1,185000,0.0,185000.0,130000,55000.0,0,Delivered On-Time
NEX-103012,2025-05-31,Lagos,Victoria Island Flagship,In-Store Retail,Consumer Electronics,Dell XPS 15 Laptop,5,1650000,0.0,8250000.0,6600000,1650000.0,0,Returned
NEX-103013,2025-06-16,Lagos,Ikeja Mega-Store,In-Store Retail,Computing & Peripherals,Wireless Mechanical Keyboard,1,65000,0.0,65000.0,42000,23000.0,0,Delivered On-Time
NEX-103014,2025-05-15,Abuja,Wuse 2 Retail,In-Store Retail,Home Appliances,Digital Microwave Oven 25L,1,115000,0.0,115000.0,85000,30000.0,0,Delivered On-Time
NEX-103015,2025-06-03,Port Harcourt,GRA Phase 2 Store,In-Store Retail,Consumer Electronics,iPhone 15 Pro Max 256GB,1,1450000,0.05,1377500.0,1150000,227500.0,0,Delivered On-Time
NEX-103016,2025-05-25,Abuja,Maitama Galleria,Web Direct,Home Appliances,Chest Freezer 200L,1,245000,0.1,220500.0,195000,25500.0,0,Fulfilled In-Store
NEX-103017,2025-07-30,Port Harcourt,Trans-Amadi Commercial,In-Store Retail,Consumer Electronics,iPhone 15 Pro Max 256GB,1,1450000,0.0,1450000.0,1150000,300000.0,0,Delivered On-Time
NEX-103018,2025-07-26,Kano,Bompai Trade Centre,Mobile App,Consumer Electronics,Sony WH-1000XM5 Headphones,2,285000,0.15,484500.0,390000,94500.0,0,Delayed Transit
NEX-103019,2025-05-09,Abuja,Central Business District Store,Mobile App,Computing & Peripherals,1TB NVMe Portable SSD,1,95000,0.0,95000.0,68000,27000.0,0,Fulfilled In-Store
NEX-103020,2025-07-07,Port Harcourt,Trans-Amadi Commercial,Corporate B2B,Consumer Electronics,Sony WH-1000XM5 Headphones,1,285000,0.05,270750.0,195000,75750.0,0,Delayed Transit
NEX-103021,2025-05-04,Lagos,Surulere Hub,In-Store Retail,Consumer Electronics,Sony WH-1000XM5 Headphones,1,285000,0.0,285000.0,195000,90000.0,0,Fulfilled In-Store
NEX-103022,2025-07-18,Abuja,Maitama Galleria,Corporate B2B,Home Appliances,Smart Inverter Washing Machine 8kg,1,345000,0.0,345000.0,270000,75000.0,0,Delivered On-Time
NEX-103023,2025-05-09,Port Harcourt,GRA Phase 2 Store,Web Direct,Home Appliances,Double Door Refrigerator 320L,2,520000,0.05,988000.0,820000,168000.0,0,Delayed Transit
NEX-103024,2025-06-21,Port Harcourt,GRA Phase 2 Store,In-Store Retail,Computing & Peripherals,Wireless Mechanical Keyboard,1,65000,0.0,65000.0,42000,23000.0,0,Delivered On-Time
NEX-103025,2025-05-22,Ibadan,Bodija Outlet,In-Store Retail,Computing & Peripherals,Logitech MX Master 3S Mouse,2,75000,0.0,150000.0,104000,46000.0,0,Delivered On-Time
NEX-103026,2025-06-01,Port Harcourt,Trans-Amadi Commercial,Corporate B2B,Computing & Peripherals,1TB NVMe Portable SSD,1,95000,0.0,95000.0,68000,27000.0,0,Delivered On-Time
NEX-103027,2025-06-09,Port Harcourt,GRA Phase 2 Store,In-Store Retail,Home Appliances,Smart Inverter Washing Machine 8kg,1,345000,0.1,310500.0,270000,40500.0,1,Returned
NEX-103028,2025-07-01,Lagos,Lekki Mall Outlet,In-Store Retail,Home Appliances,Chest Freezer 200L,1,245000,0.36,157247.49,195000,-37752.51,0,Delayed Transit
NEX-103029,2025-06-19,Abuja,Central Business District Store,Corporate B2B,Computing & Peripherals,Logitech MX Master 3S Mouse,3,75000,0.0,225000.0,156000,69000.0,0,Delivered On-Time
NEX-103030,2025-07-28,Lagos,Lekki Mall Outlet,Mobile App,Consumer Electronics,Sony WH-1000XM5 Headphones,1,285000,0.0,285000.0,195000,90000.0,0,Returned
NEX-103031,2025-06-20,Port Harcourt,GRA Phase 2 Store,In-Store Retail,Home Appliances,Chest Freezer 200L,1,245000,0.05,232750.0,195000,37750.0,1,Returned
NEX-103032,2025-06-14,Abuja,Wuse 2 Retail,Web Direct,Home Appliances,Digital Microwave Oven 25L,2,115000,0.1,207000.0,170000,37000.0,0,Fulfilled In-Store
NEX-103033,2025-05-26,Abuja,Maitama Galleria,Mobile App,Computing & Peripherals,Ergonomic Office Chair Pro,2,185000,0.0,370000.0,260000,110000.0,0,Fulfilled In-Store
NEX-103034,2025-06-02,Port Harcourt,Trans-Amadi Commercial,Web Direct,Consumer Electronics,Galaxy S24 Ultra 512GB,1,1250000,0.0,1250000.0,950000,300000.0,0,Fulfilled In-Store
NEX-103035,2025-05-02,Lagos,Surulere Hub,In-Store Retail,Home Appliances,Digital Microwave Oven 25L,4,115000,0.05,437000.0,340000,97000.0,0,Delivered On-Time
NEX-103036,2025-06-16,Ibadan,Bodija Outlet,Web Direct,Consumer Electronics,iPhone 15 Pro Max 256GB,1,1450000,0.1,1305000.0,1150000,155000.0,0,Delivered On-Time
NEX-103037,2025-06-01,Lagos,Victoria Island Flagship,Web Direct,Consumer Electronics,MacBook Pro 14 M3,5,1850000,0.05,8787500.0,7400000,1387500.0,0,Delivered On-Time
NEX-103038,2025-05-22,Port Harcourt,GRA Phase 2 Store,Corporate B2B,Computing & Peripherals,1TB NVMe Portable SSD,1,95000,0.0,95000.0,68000,27000.0,0,Delivered On-Time
NEX-103039,2025-06-24,Ibadan,Bodija Outlet,Web Direct,Consumer Electronics,iPhone 15 Pro Max 256GB,1,1450000,0.0,1450000.0,1150000,300000.0,0,Delivered On-Time
NEX-103040,2025-05-03,Abuja,Central Business District Store,Web Direct,Home Appliances,Inverter Split AC 1.5HP (AC-902),1,385000,0.1,346500.0,310000,36500.0,0,Delayed Transit
NEX-103041,2025-05-27,Abuja,Maitama Galleria,In-Store Retail,Computing & Peripherals,Ergonomic Office Chair Pro,1,185000,0.0,185000.0,130000,55000.0,0,Delivered On-Time
NEX-103042,2025-06-16,Kano,Nasarawa Road Branch,Web Direct,Computing & Peripherals,Ergonomic Office Chair Pro,1,185000,0.1,166500.0,130000,36500.0,0,Delivered On-Time
NEX-103043,2025-05-23,Lagos,Ikeja Mega-Store,In-Store Retail,Home Appliances,Inverter Split AC 1.5HP (AC-902),5,385000,0.0,1925000.0,1550000,375000.0,0,Delivered On-Time
NEX-103044,2025-07-23,Abuja,Central Business District Store,Web Direct,Consumer Electronics,MacBook Pro 14 M3,1,1850000,0.15,1572500.0,1480000,92500.0,0,Delivered On-Time
NEX-103045,2025-06-28,Lagos,Victoria Island Flagship,Web Direct,Home Appliances,Chest Freezer 200L,1,245000,0.2,196000.0,195000,1000.0,1,Returned
NEX-103046,2025-06-23,Port Harcourt,GRA Phase 2 Store,In-Store Retail,Home Appliances,Chest Freezer 200L,1,245000,0.05,232750.0,195000,37750.0,0,Delivered On-Time
NEX-103047,2025-06-01,Lagos,Ikeja Mega-Store,In-Store Retail,Home Appliances,Smart Inverter Washing Machine 8kg,1,345000,0.0,345000.0,270000,75000.0,0,Delivered On-Time
NEX-103048,2025-07-14,Abuja,Central Business District Store,Web Direct,Home Appliances,Smart Inverter Washing Machine 8kg,2,345000,0.0,690000.0,540000,150000.0,1,Returned
NEX-103049,2025-07-23,Lagos,Surulere Hub,In-Store Retail,Computing & Peripherals,Logitech MX Master 3S Mouse,2,75000,0.0,150000.0,104000,46000.0,1,Returned
NEX-103050,2025-05-13,Lagos,Ikeja Mega-Store,In-Store Retail,Consumer Electronics,Dell XPS 15 Laptop,4,1650000,0.0,6600000.0,5280000,1320000.0,0,Delayed Transit
NEX-103051,2025-05-13,Port Harcourt,GRA Phase 2 Store,In-Store Retail,Consumer Electronics,MacBook Pro 14 M3,1,1850000,0.05,1757500.0,1480000,277500.0,0,Delivered On-Time
NEX-103052,2025-07-10,Ibadan,Bodija Outlet,Web Direct,Computing & Peripherals,Wireless Mechanical Keyboard,5,65000,0.05,308750.0,210000,98750.0,0,Delivered On-Time
NEX-103053,2025-06-04,Port Harcourt,Trans-Amadi Commercial,In-Store Retail,Home Appliances,Double Door Refrigerator 320L,3,520000,0.1,1404000.0,1230000,174000.0,0,Delivered On-Time
NEX-103054,2025-05-06,Port Harcourt,GRA Phase 2 Store,In-Store Retail,Home Appliances,Double Door Refrigerator 320L,2,520000,0.0,1040000.0,820000,220000.0,0,Fulfilled In-Store
NEX-103055,2025-06-29,Lagos,Victoria Island Flagship,In-Store Retail,Consumer Electronics,Galaxy S24 Ultra 512GB,5,1250000,0.0,6250000.0,4750000,1500000.0,0,Returned
NEX-103056,2025-05-03,Lagos,Lekki Mall Outlet,Corporate B2B,Computing & Peripherals,1TB NVMe Portable SSD,1,95000,0.1,85500.0,68000,17500.0,0,Fulfilled In-Store
NEX-103057,2025-06-25,Lagos,Lekki Mall Outlet,Corporate B2B,Consumer Electronics,iPhone 15 Pro Max 256GB,1,1450000,0.15,1232500.0,1150000,82500.0,0,Delayed Transit
NEX-103058,2025-07-28,Port Harcourt,Trans-Amadi Commercial,Web Direct,Consumer Electronics,Galaxy S24 Ultra 512GB,1,1250000,0.1,1125000.0,950000,175000.0,0,Delivered On-Time
NEX-103059,2025-06-26,Abuja,Wuse 2 Retail,Mobile App,Consumer Electronics,Galaxy S24 Ultra 512GB,1,1250000,0.1,1125000.0,950000,175000.0,0,Fulfilled In-Store
NEX-103060,2025-05-29,Lagos,Lekki Mall Outlet,Corporate B2B,Home Appliances,Digital Microwave Oven 25L,4,115000,0.0,460000.0,340000,120000.0,0,Fulfilled In-Store
NEX-103061,2025-07-27,Lagos,Surulere Hub,In-Store Retail,Computing & Peripherals,Ergonomic Office Chair Pro,4,185000,0.05,703000.0,520000,183000.0,0,Delivered On-Time
NEX-103062,2025-05-14,Kano,Nasarawa Road Branch,In-Store Retail,Consumer Electronics,iPhone 15 Pro Max 256GB,1,1450000,0.05,1377500.0,1150000,227500.0,0,Delivered On-Time
NEX-103063,2025-07-05,Lagos,Surulere Hub,In-Store Retail,Computing & Peripherals,27-inch 4K Gaming Monitor,1,310000,0.05,294500.0,235000,59500.0,0,Delivered On-Time
NEX-103064,2025-07-19,Port Harcourt,GRA Phase 2 Store,Web Direct,Home Appliances,Smart Inverter Washing Machine 8kg,1,345000,0.0,345000.0,270000,75000.0,0,Delivered On-Time
NEX-103065,2025-07-13,Abuja,Wuse 2 Retail,In-Store Retail,Computing & Peripherals,Wireless Mechanical Keyboard,1,65000,0.05,61750.0,42000,19750.0,0,Delayed Transit
NEX-103066,2025-05-07,Kano,Nasarawa Road Branch,In-Store Retail,Computing & Peripherals,Logitech MX Master 3S Mouse,2,75000,0.15,127500.0,104000,23500.0,0,Fulfilled In-Store
NEX-103067,2025-05-19,Abuja,Wuse 2 Retail,Web Direct,Computing & Peripherals,1TB NVMe Portable SSD,1,95000,0.05,90250.0,68000,22250.0,0,Fulfilled In-Store
NEX-103068,2025-06-03,Port Harcourt,Trans-Amadi Commercial,In-Store Retail,Consumer Electronics,Galaxy S24 Ultra 512GB,2,1250000,0.15,2125000.0,1900000,225000.0,1,Returned
NEX-103069,2025-05-31,Abuja,Maitama Galleria,Web Direct,Computing & Peripherals,Ergonomic Office Chair Pro,2,185000,0.0,370000.0,260000,110000.0,0,Delayed Transit
NEX-103070,2025-06-02,Kano,Bompai Trade Centre,In-Store Retail,Consumer Electronics,Sony WH-1000XM5 Headphones,1,285000,0.15,242250.0,195000,47250.0,0,Delivered On-Time
NEX-103071,2025-06-19,Abuja,Maitama Galleria,In-Store Retail,Consumer Electronics,MacBook Pro 14 M3,2,1850000,0.1,3330000.0,2960000,370000.0,0,Delivered On-Time
NEX-103072,2025-06-20,Lagos,Lekki Mall Outlet,In-Store Retail,Computing & Peripherals,1TB NVMe Portable SSD,1,95000,0.05,90250.0,68000,22250.0,0,Delayed Transit
NEX-103073,2025-07-30,Kano,Nasarawa Road Branch,In-Store Retail,Computing & Peripherals,1TB NVMe Portable SSD,4,95000,0.0,380000.0,272000,108000.0,0,Delivered On-Time
NEX-103074,2025-05-29,Kano,Bompai Trade Centre,In-Store Retail,Computing & Peripherals,1TB NVMe Portable SSD,1,95000,0.05,90250.0,68000,22250.0,0,Fulfilled In-Store
NEX-103075,2025-06-09,Abuja,Maitama Galleria,Corporate B2B,Computing & Peripherals,Wireless Mechanical Keyboard,1,65000,0.0,65000.0,42000,23000.0,0,Fulfilled In-Store
NEX-103076,2025-06-29,Abuja,Maitama Galleria,In-Store Retail,Computing & Peripherals,Wireless Mechanical Keyboard,1,65000,0.0,65000.0,42000,23000.0,0,Delivered On-Time
NEX-103077,2025-07-08,Lagos,Victoria Island Flagship,In-Store Retail,Consumer Electronics,Dell XPS 15 Laptop,1,1650000,0.0,1650000.0,1320000,330000.0,0,Delivered On-Time
NEX-103078,2025-07-15,Abuja,Central Business District Store,Mobile App,Home Appliances,Inverter Split AC 1.5HP (AC-902),2,385000,0.0,770000.0,620000,150000.0,0,Returned
NEX-103079,2025-07-27,Port Harcourt,Trans-Amadi Commercial,In-Store Retail,Home Appliances,Double Door Refrigerator 320L,1,520000,0.05,494000.0,410000,84000.0,0,Delivered On-Time
NEX-103080,2025-07-19,Abuja,Maitama Galleria,Web Direct,Consumer Electronics,iPhone 15 Pro Max 256GB,1,1450000,0.0,1450000.0,1150000,300000.0,0,Delivered On-Time
NEX-103081,2025-06-07,Lagos,Lekki Mall Outlet,Corporate B2B,Computing & Peripherals,Wireless Mechanical Keyboard,2,65000,0.0,130000.0,84000,46000.0,0,Delivered On-Time
NEX-103082,2025-05-06,Kano,Nasarawa Road Branch,In-Store Retail,Home Appliances,Inverter Split AC 1.5HP (AC-902),1,385000,0.0,385000.0,310000,75000.0,0,Delivered On-Time
NEX-103083,2025-06-16,Abuja,Maitama Galleria,Corporate B2B,Consumer Electronics,iPhone 15 Pro Max 256GB,1,1450000,0.05,1377500.0,1150000,227500.0,0,Delivered On-Time
NEX-103084,2025-07-21,Lagos,Ikeja Mega-Store,Corporate B2B,Home Appliances,Inverter Split AC 1.5HP (AC-902),1,385000,0.32,261598.99,310000,-48401.01,0,Delivered On-Time
NEX-103085,2025-05-20,Kano,Nasarawa Road Branch,Web Direct,Computing & Peripherals,27-inch 4K Gaming Monitor,1,310000,0.0,310000.0,235000,75000.0,0,Delayed Transit
NEX-103086,2025-06-01,Abuja,Maitama Galleria,In-Store Retail,Home Appliances,Smart Inverter Washing Machine 8kg,1,345000,0.0,345000.0,270000,75000.0,0,Delivered On-Time
NEX-103087,2025-06-12,Lagos,Surulere Hub,In-Store Retail,Computing & Peripherals,1TB NVMe Portable SSD,2,95000,0.0,190000.0,136000,54000.0,0,Delivered On-Time
NEX-103088,2025-05-18,Abuja,Central Business District Store,Web Direct,Computing & Peripherals,27-inch 4K Gaming Monitor,1,310000,0.1,279000.0,235000,44000.0,1,Returned
NEX-103089,2025-07-28,Port Harcourt,GRA Phase 2 Store,In-Store Retail,Home Appliances,Double Door Refrigerator 320L,3,520000,0.0,1560000.0,1230000,330000.0,0,Delivered On-Time
NEX-103090,2025-07-27,Lagos,Ikeja Mega-Store,Web Direct,Home Appliances,Smart Inverter Washing Machine 8kg,1,345000,0.32,234585.82,270000,-35414.18,0,Delayed Transit
NEX-103091,2025-06-25,Abuja,Maitama Galleria,In-Store Retail,Computing & Peripherals,27-inch 4K Gaming Monitor,4,310000,0.05,1178000.0,940000,238000.0,0,Delivered On-Time
NEX-103092,2025-07-14,Port Harcourt,Trans-Amadi Commercial,In-Store Retail,Consumer Electronics,Sony WH-1000XM5 Headphones,1,285000,0.05,270750.0,195000,75750.0,0,Delivered On-Time
NEX-103093,2025-05-24,Port Harcourt,GRA Phase 2 Store,Web Direct,Computing & Peripherals,Wireless Mechanical Keyboard,1,65000,0.05,61750.0,42000,19750.0,0,Delayed Transit
NEX-103094,2025-05-21,Abuja,Maitama Galleria,Corporate B2B,Computing & Peripherals,Wireless Mechanical Keyboard,1,65000,0.15,55250.0,42000,13250.0,0,Delivered On-Time
NEX-103095,2025-05-21,Lagos,Surulere Hub,In-Store Retail,Consumer Electronics,Dell XPS 15 Laptop,1,1650000,0.0,1650000.0,1320000,330000.0,0,Delivered On-Time
NEX-103096,2025-06-05,Lagos,Ikeja Mega-Store,In-Store Retail,Computing & Peripherals,1TB NVMe Portable SSD,1,95000,0.1,85500.0,68000,17500.0,0,Delivered On-Time
NEX-103097,2025-05-22,Kano,Nasarawa Road Branch,In-Store Retail,Consumer Electronics,iPhone 15 Pro Max 256GB,1,1450000,0.05,1377500.0,1150000,227500.0,0,Delayed Transit
NEX-103098,2025-05-04,Ibadan,Ring Road Complex,In-Store Retail,Computing & Peripherals,1TB NVMe Portable SSD,1,95000,0.0,95000.0,68000,27000.0,0,Delivered On-Time
NEX-103099,2025-07-04,Abuja,Central Business District Store,Web Direct,Home Appliances,Digital Microwave Oven 25L,1,115000,0.1,103500.0,85000,18500.0,0,Delayed Transit
NEX-103100,2025-05-03,Abuja,Maitama Galleria,In-Store Retail,Computing & Peripherals,Ergonomic Office Chair Pro,3,185000,0.2,444000.0,390000,54000.0,0,Delivered On-Time
NEX-103101,2025-06-27,Abuja,Wuse 2 Retail,In-Store Retail,Home Appliances,Chest Freezer 200L,3,245000,0.0,735000.0,585000,150000.0,0,Fulfilled In-Store
NEX-103102,2025-07-29,Abuja,Maitama Galleria,In-Store Retail,Home Appliances,Digital Microwave Oven 25L,2,115000,0.0,230000.0,170000,60000.0,0,Delivered On-Time
NEX-103103,2025-07-18,Abuja,Wuse 2 Retail,In-Store Retail,Consumer Electronics,Dell XPS 15 Laptop,1,1650000,0.0,1650000.0,1320000,330000.0,0,Delivered On-Time
NEX-103104,2025-07-05,Port Harcourt,GRA Phase 2 Store,Corporate B2B,Computing & Peripherals,27-inch 4K Gaming Monitor,2,310000,0.1,558000.0,470000,88000.0,0,Delivered On-Time
NEX-103105,2025-05-01,Lagos,Surulere Hub,In-Store Retail,Computing & Peripherals,Logitech MX Master 3S Mouse,1,75000,0.0,75000.0,52000,23000.0,0,Delivered On-Time
NEX-103106,2025-05-02,Port Harcourt,GRA Phase 2 Store,Web Direct,Computing & Peripherals,Logitech MX Master 3S Mouse,1,75000,0.2,60000.0,52000,8000.0,0,Delivered On-Time
NEX-103107,2025-06-17,Abuja,Central Business District Store,In-Store Retail,Computing & Peripherals,Wireless Mechanical Keyboard,3,65000,0.15,165750.0,126000,39750.0,0,Returned
NEX-103108,2025-05-18,Abuja,Maitama Galleria,In-Store Retail,Home Appliances,Smart Inverter Washing Machine 8kg,1,345000,0.0,345000.0,270000,75000.0,1,Returned
NEX-103109,2025-05-11,Ibadan,Bodija Outlet,Web Direct,Computing & Peripherals,Logitech MX Master 3S Mouse,1,75000,0.1,67500.0,52000,15500.0,0,Delayed Transit
NEX-103110,2025-07-27,Lagos,Ikeja Mega-Store,In-Store Retail,Consumer Electronics,Sony WH-1000XM5 Headphones,1,285000,0.0,285000.0,195000,90000.0,0,Delivered On-Time
NEX-103111,2025-06-06,Lagos,Victoria Island Flagship,In-Store Retail,Computing & Peripherals,1TB NVMe Portable SSD,1,95000,0.0,95000.0,68000,27000.0,0,Delayed Transit
NEX-103112,2025-07-22,Kano,Bompai Trade Centre,In-Store Retail,Consumer Electronics,MacBook Pro 14 M3,4,1850000,0.0,7400000.0,5920000,1480000.0,0,Delivered On-Time
NEX-103113,2025-05-01,Lagos,Surulere Hub,In-Store Retail,Consumer Electronics,Sony WH-1000XM5 Headphones,1,285000,0.0,285000.0,195000,90000.0,0,Delivered On-Time
NEX-103114,2025-05-07,Lagos,Lekki Mall Outlet,Web Direct,Consumer Electronics,iPhone 15 Pro Max 256GB,2,1450000,0.05,2755000.0,2300000,455000.0,1,Returned
NEX-103115,2025-07-26,Lagos,Surulere Hub,In-Store Retail,Computing & Peripherals,1TB NVMe Portable SSD,1,95000,0.05,90250.0,68000,22250.0,0,Delayed Transit
NEX-103116,2025-06-12,Abuja,Wuse 2 Retail,In-Store Retail,Computing & Peripherals,Logitech MX Master 3S Mouse,2,75000,0.0,150000.0,104000,46000.0,0,Delivered On-Time
NEX-103117,2025-06-19,Abuja,Wuse 2 Retail,Web Direct,Computing & Peripherals,Ergonomic Office Chair Pro,1,185000,0.0,185000.0,130000,55000.0,0,Delivered On-Time
NEX-103118,2025-05-15,Lagos,Victoria Island Flagship,In-Store Retail,Consumer Electronics,MacBook Pro 14 M3,1,1850000,0.15,1572500.0,1480000,92500.0,0,Delivered On-Time
NEX-103119,2025-07-18,Port Harcourt,Trans-Amadi Commercial,Corporate B2B,Home Appliances,Chest Freezer 200L,2,245000,0.05,465500.0,390000,75500.0,0,Delivered On-Time
NEX-103120,2025-07-26,Kano,Nasarawa Road Branch,Corporate B2B,Home Appliances,Smart Inverter Washing Machine 8kg,1,345000,0.0,345000.0,270000,75000.0,0,Delivered On-Time
NEX-103121,2025-07-24,Lagos,Lekki Mall Outlet,Web Direct,Computing & Peripherals,Logitech MX Master 3S Mouse,1,75000,0.0,75000.0,52000,23000.0,0,Delayed Transit
NEX-103122,2025-07-05,Lagos,Lekki Mall Outlet,Web Direct,Consumer Electronics,MacBook Pro 14 M3,2,1850000,0.05,3515000.0,2960000,555000.0,0,Delivered On-Time
NEX-103123,2025-05-04,Abuja,Wuse 2 Retail,Web Direct,Consumer Electronics,iPhone 15 Pro Max 256GB,1,1450000,0.1,1305000.0,1150000,155000.0,0,Returned
NEX-103124,2025-07-15,Lagos,Ikeja Mega-Store,In-Store Retail,Consumer Electronics,Dell XPS 15 Laptop,1,1650000,0.05,1567500.0,1320000,247500.0,0,Delivered On-Time
NEX-103125,2025-06-22,Abuja,Wuse 2 Retail,Web Direct,Computing & Peripherals,Ergonomic Office Chair Pro,1,185000,0.1,166500.0,130000,36500.0,0,Delivered On-Time
NEX-103126,2025-07-13,Lagos,Victoria Island Flagship,In-Store Retail,Computing & Peripherals,Logitech MX Master 3S Mouse,2,75000,0.0,150000.0,104000,46000.0,0,Fulfilled In-Store
NEX-103127,2025-07-08,Lagos,Ikeja Mega-Store,Corporate B2B,Consumer Electronics,Sony WH-1000XM5 Headphones,1,285000,0.0,285000.0,195000,90000.0,0,Delivered On-Time
NEX-103128,2025-05-18,Lagos,Lekki Mall Outlet,In-Store Retail,Consumer Electronics,Dell XPS 15 Laptop,1,1650000,0.15,1402500.0,1320000,82500.0,0,Fulfilled In-Store
NEX-103129,2025-05-14,Port Harcourt,GRA Phase 2 Store,Mobile App,Home Appliances,Digital Microwave Oven 25L,4,115000,0.0,460000.0,340000,120000.0,0,Delivered On-Time
NEX-103130,2025-06-09,Lagos,Lekki Mall Outlet,In-Store Retail,Consumer Electronics,Sony WH-1000XM5 Headphones,4,285000,0.05,1083000.0,780000,303000.0,0,Delivered On-Time
NEX-103131,2025-06-30,Ibadan,Ring Road Complex,In-Store Retail,Home Appliances,Inverter Split AC 1.5HP (AC-902),1,385000,0.05,365750.0,310000,55750.0,0,Fulfilled In-Store
NEX-103132,2025-06-14,Port Harcourt,GRA Phase 2 Store,In-Store Retail,Home Appliances,Chest Freezer 200L,3,245000,0.05,698250.0,585000,113250.0,0,Delivered On-Time
NEX-103133,2025-07-09,Abuja,Maitama Galleria,In-Store Retail,Home Appliances,Smart Inverter Washing Machine 8kg,1,345000,0.15,293250.0,270000,23250.0,0,Returned
NEX-103134,2025-05-31,Lagos,Ikeja Mega-Store,Mobile App,Consumer Electronics,Dell XPS 15 Laptop,5,1650000,0.2,6600000.0,6600000,0.0,0,Fulfilled In-Store
NEX-103135,2025-05-01,Abuja,Wuse 2 Retail,In-Store Retail,Computing & Peripherals,Logitech MX Master 3S Mouse,1,75000,0.2,60000.0,52000,8000.0,0,Delivered On-Time
NEX-103136,2025-06-02,Lagos,Victoria Island Flagship,Web Direct,Consumer Electronics,Galaxy S24 Ultra 512GB,1,1250000,0.0,1250000.0,950000,300000.0,0,Delivered On-Time
NEX-103137,2025-06-07,Abuja,Central Business District Store,In-Store Retail,Computing & Peripherals,Ergonomic Office Chair Pro,1,185000,0.15,157250.0,130000,27250.0,0,Delivered On-Time
NEX-103138,2025-07-10,Port Harcourt,GRA Phase 2 Store,Web Direct,Computing & Peripherals,Wireless Mechanical Keyboard,2,65000,0.0,130000.0,84000,46000.0,0,Delivered On-Time
NEX-103139,2025-07-24,Lagos,Lekki Mall Outlet,Web Direct,Home Appliances,Double Door Refrigerator 320L,1,520000,0.28,372573.59,410000,-37426.41,0,Delivered On-Time
NEX-103140,2025-06-08,Lagos,Ikeja Mega-Store,In-Store Retail,Home Appliances,Double Door Refrigerator 320L,2,520000,0.15,884000.0,820000,64000.0,0,Fulfilled In-Store
NEX-103141,2025-05-09,Abuja,Wuse 2 Retail,Web Direct,Home Appliances,Smart Inverter Washing Machine 8kg,1,345000,0.15,293250.0,270000,23250.0,0,Fulfilled In-Store
NEX-103142,2025-05-14,Lagos,Ikeja Mega-Store,In-Store Retail,Computing & Peripherals,27-inch 4K Gaming Monitor,1,310000,0.1,279000.0,235000,44000.0,0,Delivered On-Time
NEX-103143,2025-05-07,Kano,Bompai Trade Centre,In-Store Retail,Computing & Peripherals,Ergonomic Office Chair Pro,1,185000,0.15,157250.0,130000,27250.0,0,Delivered On-Time
NEX-103144,2025-05-30,Lagos,Lekki Mall Outlet,Web Direct,Home Appliances,Inverter Split AC 1.5HP (AC-902),1,385000,0.0,385000.0,310000,75000.0,0,Delivered On-Time
NEX-103145,2025-07-06,Lagos,Victoria Island Flagship,In-Store Retail,Consumer Electronics,Dell XPS 15 Laptop,2,1650000,0.0,3300000.0,2640000,660000.0,0,Fulfilled In-Store
NEX-103146,2025-06-10,Port Harcourt,Trans-Amadi Commercial,In-Store Retail,Computing & Peripherals,1TB NVMe Portable SSD,1,95000,0.0,95000.0,68000,27000.0,0,Fulfilled In-Store
NEX-103147,2025-07-28,Port Harcourt,Trans-Amadi Commercial,In-Store Retail,Consumer Electronics,MacBook Pro 14 M3,1,1850000,0.0,1850000.0,1480000,370000.0,0,Fulfilled In-Store
NEX-103148,2025-05-22,Port Harcourt,Trans-Amadi Commercial,In-Store Retail,Computing & Peripherals,Wireless Mechanical Keyboard,1,65000,0.0,65000.0,42000,23000.0,1,Returned
NEX-103149,2025-06-18,Abuja,Maitama Galleria,In-Store Retail,Home Appliances,Digital Microwave Oven 25L,1,115000,0.0,115000.0,85000,30000.0,0,Delayed Transit
NEX-103150,2025-06-13,Lagos,Victoria Island Flagship,Web Direct,Computing & Peripherals,Logitech MX Master 3S Mouse,5,75000,0.1,337500.0,260000,77500.0,0,Delivered On-Time
NEX-103151,2025-07-01,Lagos,Victoria Island Flagship,Corporate B2B,Home Appliances,Inverter Split AC 1.5HP (AC-902),4,385000,0.28,1107683.0,1240000,-132317.0,1,Returned
NEX-103152,2025-05-29,Lagos,Lekki Mall Outlet,Corporate B2B,Computing & Peripherals,Ergonomic Office Chair Pro,1,185000,0.0,185000.0,130000,55000.0,0,Delivered On-Time
NEX-103153,2025-07-23,Lagos,Surulere Hub,In-Store Retail,Computing & Peripherals,27-inch 4K Gaming Monitor,1,310000,0.0,310000.0,235000,75000.0,0,Delivered On-Time
NEX-103154,2025-07-14,Abuja,Central Business District Store,Mobile App,Home Appliances,Double Door Refrigerator 320L,2,520000,0.05,988000.0,820000,168000.0,0,Delivered On-Time
NEX-103155,2025-06-27,Kano,Nasarawa Road Branch,In-Store Retail,Consumer Electronics,MacBook Pro 14 M3,1,1850000,0.1,1665000.0,1480000,185000.0,0,Delivered On-Time
NEX-103156,2025-06-07,Kano,Nasarawa Road Branch,Mobile App,Home Appliances,Digital Microwave Oven 25L,1,115000,0.0,115000.0,85000,30000.0,0,Delivered On-Time
NEX-103157,2025-07-11,Abuja,Central Business District Store,In-Store Retail,Computing & Peripherals,Logitech MX Master 3S Mouse,1,75000,0.15,63750.0,52000,11750.0,0,Delayed Transit
NEX-103158,2025-05-30,Abuja,Maitama Galleria,In-Store Retail,Consumer Electronics,MacBook Pro 14 M3,4,1850000,0.0,7400000.0,5920000,1480000.0,0,Fulfilled In-Store
NEX-103159,2025-07-25,Lagos,Victoria Island Flagship,In-Store Retail,Computing & Peripherals,Wireless Mechanical Keyboard,1,65000,0.0,65000.0,42000,23000.0,0,Delivered On-Time
NEX-103160,2025-07-17,Lagos,Surulere Hub,Mobile App,Home Appliances,Inverter Split AC 1.5HP (AC-902),1,385000,0.36,244512.92,310000,-65487.08,0,Delivered On-Time
NEX-103161,2025-07-18,Lagos,Lekki Mall Outlet,Web Direct,Computing & Peripherals,Ergonomic Office Chair Pro,4,185000,0.0,740000.0,520000,220000.0,1,Returned
NEX-103162,2025-07-21,Abuja,Maitama Galleria,In-Store Retail,Consumer Electronics,iPhone 15 Pro Max 256GB,3,1450000,0.0,4350000.0,3450000,900000.0,0,Delivered On-Time
NEX-103163,2025-07-05,Lagos,Ikeja Mega-Store,In-Store Retail,Computing & Peripherals,Logitech MX Master 3S Mouse,1,75000,0.1,67500.0,52000,15500.0,0,Delivered On-Time
NEX-103164,2025-06-15,Lagos,Ikeja Mega-Store,In-Store Retail,Computing & Peripherals,27-inch 4K Gaming Monitor,1,310000,0.05,294500.0,235000,59500.0,0,Delivered On-Time
NEX-103165,2025-05-28,Lagos,Lekki Mall Outlet,Corporate B2B,Consumer Electronics,MacBook Pro 14 M3,1,1850000,0.0,1850000.0,1480000,370000.0,0,Delivered On-Time
NEX-103166,2025-05-22,Abuja,Maitama Galleria,In-Store Retail,Home Appliances,Digital Microwave Oven 25L,1,115000,0.0,115000.0,85000,30000.0,0,Delivered On-Time
NEX-103167,2025-07-14,Abuja,Maitama Galleria,In-Store Retail,Home Appliances,Smart Inverter Washing Machine 8kg,1,345000,0.05,327750.0,270000,57750.0,0,Delivered On-Time
NEX-103168,2025-06-13,Lagos,Victoria Island Flagship,Web Direct,Home Appliances,Double Door Refrigerator 320L,1,520000,0.05,494000.0,410000,84000.0,0,Delivered On-Time
NEX-103169,2025-06-16,Kano,Bompai Trade Centre,Corporate B2B,Computing & Peripherals,Wireless Mechanical Keyboard,1,65000,0.15,55250.0,42000,13250.0,0,Delivered On-Time
NEX-103170,2025-07-24,Kano,Nasarawa Road Branch,Corporate B2B,Consumer Electronics,Sony WH-1000XM5 Headphones,3,285000,0.1,769500.0,585000,184500.0,0,Delivered On-Time
NEX-103171,2025-05-10,Lagos,Lekki Mall Outlet,In-Store Retail,Consumer Electronics,Dell XPS 15 Laptop,1,1650000,0.0,1650000.0,1320000,330000.0,0,Fulfilled In-Store
NEX-103172,2025-07-02,Lagos,Lekki Mall Outlet,In-Store Retail,Consumer Electronics,iPhone 15 Pro Max 256GB,1,1450000,0.1,1305000.0,1150000,155000.0,0,Delayed Transit
NEX-103173,2025-07-19,Kano,Bompai Trade Centre,In-Store Retail,Computing & Peripherals,1TB NVMe Portable SSD,1,95000,0.2,76000.0,68000,8000.0,0,Delayed Transit
NEX-103174,2025-07-27,Kano,Nasarawa Road Branch,Web Direct,Consumer Electronics,iPhone 15 Pro Max 256GB,2,1450000,0.0,2900000.0,2300000,600000.0,0,Delivered On-Time
NEX-103175,2025-07-29,Lagos,Victoria Island Flagship,Mobile App,Home Appliances,Double Door Refrigerator 320L,1,520000,0.36,330954.18,410000,-79045.82,0,Delivered On-Time
NEX-103176,2025-05-12,Lagos,Ikeja Mega-Store,Corporate B2B,Consumer Electronics,MacBook Pro 14 M3,2,1850000,0.05,3515000.0,2960000,555000.0,0,Delivered On-Time
NEX-103177,2025-07-14,Abuja,Wuse 2 Retail,In-Store Retail,Home Appliances,Chest Freezer 200L,3,245000,0.0,735000.0,585000,150000.0,0,Delayed Transit
NEX-103178,2025-05-20,Lagos,Surulere Hub,In-Store Retail,Computing & Peripherals,1TB NVMe Portable SSD,1,95000,0.2,76000.0,68000,8000.0,0,Fulfilled In-Store
NEX-103179,2025-05-30,Lagos,Lekki Mall Outlet,In-Store Retail,Consumer Electronics,iPhone 15 Pro Max 256GB,1,1450000,0.05,1377500.0,1150000,227500.0,0,Delivered On-Time
NEX-103180,2025-06-29,Lagos,Surulere Hub,In-Store Retail,Home Appliances,Double Door Refrigerator 320L,1,520000,0.0,520000.0,410000,110000.0,0,Delivered On-Time
NEX-103181,2025-05-22,Abuja,Wuse 2 Retail,Web Direct,Computing & Peripherals,27-inch 4K Gaming Monitor,5,310000,0.0,1550000.0,1175000,375000.0,0,Fulfilled In-Store
NEX-103182,2025-07-11,Lagos,Ikeja Mega-Store,Web Direct,Computing & Peripherals,1TB NVMe Portable SSD,2,95000,0.05,180500.0,136000,44500.0,0,Delivered On-Time
NEX-103183,2025-06-16,Lagos,Ikeja Mega-Store,Corporate B2B,Consumer Electronics,Dell XPS 15 Laptop,2,1650000,0.0,3300000.0,2640000,660000.0,0,Delayed Transit
NEX-103184,2025-05-25,Lagos,Victoria Island Flagship,In-Store Retail,Consumer Electronics,iPhone 15 Pro Max 256GB,2,1450000,0.15,2465000.0,2300000,165000.0,0,Delivered On-Time
NEX-103185,2025-06-08,Ibadan,Ring Road Complex,Mobile App,Consumer Electronics,Galaxy S24 Ultra 512GB,2,1250000,0.0,2500000.0,1900000,600000.0,0,Delivered On-Time
NEX-103186,2025-07-19,Lagos,Surulere Hub,In-Store Retail,Home Appliances,Inverter Split AC 1.5HP (AC-902),1,385000,0.35,249396.19,310000,-60603.81,0,Delivered On-Time
NEX-103187,2025-06-01,Lagos,Lekki Mall Outlet,Web Direct,Home Appliances,Inverter Split AC 1.5HP (AC-902),4,385000,0.0,1540000.0,1240000,300000.0,0,Delivered On-Time
NEX-103188,2025-06-20,Lagos,Surulere Hub,In-Store Retail,Computing & Peripherals,Wireless Mechanical Keyboard,1,65000,0.15,55250.0,42000,13250.0,0,Delivered On-Time
NEX-103189,2025-06-18,Port Harcourt,GRA Phase 2 Store,In-Store Retail,Consumer Electronics,iPhone 15 Pro Max 256GB,1,1450000,0.2,1160000.0,1150000,10000.0,0,Delivered On-Time
NEX-103190,2025-07-23,Ibadan,Ring Road Complex,In-Store Retail,Computing & Peripherals,Logitech MX Master 3S Mouse,4,75000,0.2,240000.0,208000,32000.0,0,Fulfilled In-Store
NEX-103191,2025-07-13,Abuja,Central Business District Store,In-Store Retail,Home Appliances,Digital Microwave Oven 25L,1,115000,0.0,115000.0,85000,30000.0,0,Delivered On-Time
NEX-103192,2025-07-16,Kano,Bompai Trade Centre,In-Store Retail,Computing & Peripherals,Wireless Mechanical Keyboard,2,65000,0.0,130000.0,84000,46000.0,0,Delivered On-Time
NEX-103193,2025-06-29,Lagos,Surulere Hub,In-Store Retail,Computing & Peripherals,Ergonomic Office Chair Pro,1,185000,0.0,185000.0,130000,55000.0,1,Returned
NEX-103194,2025-05-09,Lagos,Ikeja Mega-Store,Web Direct,Consumer Electronics,iPhone 15 Pro Max 256GB,1,1450000,0.0,1450000.0,1150000,300000.0,0,Fulfilled In-Store
NEX-103195,2025-06-21,Lagos,Surulere Hub,In-Store Retail,Computing & Peripherals,1TB NVMe Portable SSD,1,95000,0.05,90250.0,68000,22250.0,0,Delayed Transit
NEX-103196,2025-06-01,Abuja,Wuse 2 Retail,Web Direct,Computing & Peripherals,Logitech MX Master 3S Mouse,1,75000,0.05,71250.0,52000,19250.0,0,Fulfilled In-Store
NEX-103197,2025-07-28,Lagos,Lekki Mall Outlet,Web Direct,Home Appliances,Smart Inverter Washing Machine 8kg,1,345000,0.38,213936.7,270000,-56063.3,0,Delayed Transit
NEX-103198,2025-05-15,Kano,Bompai Trade Centre,Corporate B2B,Consumer Electronics,MacBook Pro 14 M3,1,1850000,0.0,1850000.0,1480000,370000.0,0,Delivered On-Time
NEX-103199,2025-07-09,Abuja,Central Business District Store,Web Direct,Home Appliances,Double Door Refrigerator 320L,1,520000,0.05,494000.0,410000,84000.0,0,Delivered On-Time
NEX-103200,2025-05-31,Abuja,Central Business District Store,In-Store Retail,Consumer Electronics,Sony WH-1000XM5 Headphones,1,285000,0.0,285000.0,195000,90000.0,0,Delivered On-Time
NEX-103201,2025-06-05,Abuja,Wuse 2 Retail,In-Store Retail,Computing & Peripherals,Ergonomic Office Chair Pro,1,185000,0.0,185000.0,130000,55000.0,0,Delivered On-Time
NEX-103202,2025-06-21,Lagos,Surulere Hub,In-Store Retail,Consumer Electronics,Dell XPS 15 Laptop,1,1650000,0.0,1650000.0,1320000,330000.0,0,Delivered On-Time
NEX-103203,2025-06-08,Lagos,Ikeja Mega-Store,In-Store Retail,Home Appliances,Smart Inverter Washing Machine 8kg,2,345000,0.0,690000.0,540000,150000.0,0,Delivered On-Time
NEX-103204,2025-06-09,Port Harcourt,Trans-Amadi Commercial,Corporate B2B,Consumer Electronics,Sony WH-1000XM5 Headphones,1,285000,0.0,285000.0,195000,90000.0,0,Fulfilled In-Store
NEX-103205,2025-05-26,Kano,Nasarawa Road Branch,In-Store Retail,Computing & Peripherals,Wireless Mechanical Keyboard,1,65000,0.1,58500.0,42000,16500.0,0,Delivered On-Time
NEX-103206,2025-07-30,Abuja,Maitama Galleria,Mobile App,Home Appliances,Double Door Refrigerator 320L,2,520000,0.05,988000.0,820000,168000.0,0,Delivered On-Time
NEX-103207,2025-06-02,Kano,Nasarawa Road Branch,In-Store Retail,Consumer Electronics,MacBook Pro 14 M3,2,1850000,0.0,3700000.0,2960000,740000.0,0,Delayed Transit
NEX-103208,2025-07-20,Abuja,Maitama Galleria,Mobile App,Computing & Peripherals,Ergonomic Office Chair Pro,1,185000,0.1,166500.0,130000,36500.0,1,Returned
NEX-103209,2025-05-01,Kano,Nasarawa Road Branch,Web Direct,Home Appliances,Double Door Refrigerator 320L,1,520000,0.1,468000.0,410000,58000.0,0,Returned
NEX-103210,2025-06-18,Port Harcourt,Trans-Amadi Commercial,Mobile App,Computing & Peripherals,Wireless Mechanical Keyboard,1,65000,0.05,61750.0,42000,19750.0,0,Fulfilled In-Store
NEX-103211,2025-05-27,Lagos,Victoria Island Flagship,Web Direct,Computing & Peripherals,27-inch 4K Gaming Monitor,3,310000,0.0,930000.0,705000,225000.0,0,Delivered On-Time
NEX-103212,2025-07-14,Lagos,Ikeja Mega-Store,Corporate B2B,Computing & Peripherals,1TB NVMe Portable SSD,1,95000,0.05,90250.0,68000,22250.0,0,Delivered On-Time
NEX-103213,2025-05-15,Lagos,Surulere Hub,Corporate B2B,Home Appliances,Inverter Split AC 1.5HP (AC-902),1,385000,0.1,346500.0,310000,36500.0,0,Delivered On-Time
NEX-103214,2025-05-25,Kano,Bompai Trade Centre,Corporate B2B,Consumer Electronics,Galaxy S24 Ultra 512GB,1,1250000,0.0,1250000.0,950000,300000.0,0,Delivered On-Time
NEX-103215,2025-07-31,Abuja,Maitama Galleria,Corporate B2B,Consumer Electronics,MacBook Pro 14 M3,2,1850000,0.05,3515000.0,2960000,555000.0,0,Delivered On-Time
NEX-103216,2025-06-19,Lagos,Lekki Mall Outlet,In-Store Retail,Consumer Electronics,Sony WH-1000XM5 Headphones,2,285000,0.05,541500.0,390000,151500.0,0,Delivered On-Time
NEX-103217,2025-06-30,Lagos,Ikeja Mega-Store,Mobile App,Consumer Electronics,Sony WH-1000XM5 Headphones,4,285000,0.1,1026000.0,780000,246000.0,0,Fulfilled In-Store
NEX-103218,2025-05-09,Abuja,Maitama Galleria,In-Store Retail,Home Appliances,Digital Microwave Oven 25L,1,115000,0.1,103500.0,85000,18500.0,0,Delivered On-Time
NEX-103219,2025-05-24,Lagos,Ikeja Mega-Store,Corporate B2B,Computing & Peripherals,Wireless Mechanical Keyboard,1,65000,0.1,58500.0,42000,16500.0,0,Fulfilled In-Store
NEX-103220,2025-07-05,Abuja,Wuse 2 Retail,In-Store Retail,Computing & Peripherals,27-inch 4K Gaming Monitor,1,310000,0.0,310000.0,235000,75000.0,0,Returned
NEX-103221,2025-05-14,Lagos,Lekki Mall Outlet,Web Direct,Home Appliances,Digital Microwave Oven 25L,1,115000,0.0,115000.0,85000,30000.0,0,Delivered On-Time
NEX-103222,2025-06-04,Kano,Bompai Trade Centre,Web Direct,Consumer Electronics,MacBook Pro 14 M3,1,1850000,0.1,1665000.0,1480000,185000.0,0,Fulfilled In-Store
NEX-103223,2025-06-01,Lagos,Lekki Mall Outlet,Corporate B2B,Computing & Peripherals,Wireless Mechanical Keyboard,1,65000,0.05,61750.0,42000,19750.0,0,Fulfilled In-Store
NEX-103224,2025-07-31,Lagos,Surulere Hub,Web Direct,Computing & Peripherals,1TB NVMe Portable SSD,1,95000,0.0,95000.0,68000,27000.0,0,Delivered On-Time
NEX-103225,2025-06-11,Lagos,Surulere Hub,Mobile App,Home Appliances,Inverter Split AC 1.5HP (AC-902),2,385000,0.0,770000.0,620000,150000.0,0,Fulfilled In-Store
NEX-103226,2025-05-09,Port Harcourt,Trans-Amadi Commercial,Mobile App,Computing & Peripherals,1TB NVMe Portable SSD,2,95000,0.0,190000.0,136000,54000.0,0,Fulfilled In-Store
NEX-103227,2025-07-02,Port Harcourt,GRA Phase 2 Store,In-Store Retail,Home Appliances,Inverter Split AC 1.5HP (AC-902),1,385000,0.15,327250.0,310000,17250.0,0,Delivered On-Time
NEX-103228,2025-07-23,Lagos,Ikeja Mega-Store,Mobile App,Computing & Peripherals,Wireless Mechanical Keyboard,1,65000,0.05,61750.0,42000,19750.0,0,Delivered On-Time
NEX-103229,2025-06-08,Kano,Bompai Trade Centre,In-Store Retail,Computing & Peripherals,1TB NVMe Portable SSD,3,95000,0.15,242250.0,204000,38250.0,0,Returned
NEX-103230,2025-05-24,Lagos,Surulere Hub,Mobile App,Computing & Peripherals,Logitech MX Master 3S Mouse,1,75000,0.0,75000.0,52000,23000.0,0,Fulfilled In-Store
NEX-103231,2025-07-20,Lagos,Victoria Island Flagship,In-Store Retail,Consumer Electronics,iPhone 15 Pro Max 256GB,1,1450000,0.05,1377500.0,1150000,227500.0,0,Fulfilled In-Store
NEX-103232,2025-07-10,Ibadan,Ring Road Complex,In-Store Retail,Computing & Peripherals,1TB NVMe Portable SSD,1,95000,0.0,95000.0,68000,27000.0,0,Delayed Transit
NEX-103233,2025-05-19,Abuja,Maitama Galleria,Mobile App,Consumer Electronics,Dell XPS 15 Laptop,5,1650000,0.1,7425000.0,6600000,825000.0,0,Delivered On-Time
NEX-103234,2025-05-09,Lagos,Surulere Hub,Corporate B2B,Computing & Peripherals,1TB NVMe Portable SSD,1,95000,0.0,95000.0,68000,27000.0,0,Fulfilled In-Store
NEX-103235,2025-05-25,Abuja,Wuse 2 Retail,In-Store Retail,Computing & Peripherals,1TB NVMe Portable SSD,2,95000,0.0,190000.0,136000,54000.0,0,Delivered On-Time
NEX-103236,2025-07-06,Port Harcourt,Trans-Amadi Commercial,Mobile App,Computing & Peripherals,Logitech MX Master 3S Mouse,2,75000,0.15,127500.0,104000,23500.0,0,Delivered On-Time
NEX-103237,2025-07-30,Lagos,Victoria Island Flagship,In-Store Retail,Home Appliances,Chest Freezer 200L,1,245000,0.35,159366.51,195000,-35633.49,0,Delayed Transit
NEX-103238,2025-07-09,Lagos,Surulere Hub,Mobile App,Consumer Electronics,Dell XPS 15 Laptop,1,1650000,0.0,1650000.0,1320000,330000.0,0,Delivered On-Time
NEX-103239,2025-06-04,Port Harcourt,Trans-Amadi Commercial,In-Store Retail,Consumer Electronics,Sony WH-1000XM5 Headphones,1,285000,0.0,285000.0,195000,90000.0,0,Fulfilled In-Store
NEX-103240,2025-07-05,Lagos,Ikeja Mega-Store,In-Store Retail,Computing & Peripherals,Ergonomic Office Chair Pro,1,185000,0.05,175750.0,130000,45750.0,1,Returned
NEX-103241,2025-05-06,Lagos,Lekki Mall Outlet,Corporate B2B,Consumer Electronics,Galaxy S24 Ultra 512GB,1,1250000,0.2,1000000.0,950000,50000.0,0,Returned
NEX-103242,2025-05-29,Lagos,Victoria Island Flagship,Corporate B2B,Home Appliances,Smart Inverter Washing Machine 8kg,1,345000,0.2,276000.0,270000,6000.0,0,Delivered On-Time
NEX-103243,2025-05-31,Lagos,Ikeja Mega-Store,Mobile App,Home Appliances,Smart Inverter Washing Machine 8kg,2,345000,0.0,690000.0,540000,150000.0,0,Delivered On-Time
NEX-103244,2025-06-25,Abuja,Central Business District Store,Web Direct,Home Appliances,Digital Microwave Oven 25L,1,115000,0.05,109250.0,85000,24250.0,0,Delivered On-Time
NEX-103245,2025-07-11,Lagos,Ikeja Mega-Store,In-Store Retail,Home Appliances,Double Door Refrigerator 320L,1,520000,0.37,326344.22,410000,-83655.78,0,Fulfilled In-Store
NEX-103246,2025-05-25,Lagos,Surulere Hub,In-Store Retail,Home Appliances,Double Door Refrigerator 320L,1,520000,0.15,442000.0,410000,32000.0,0,Delivered On-Time
NEX-103247,2025-07-06,Lagos,Victoria Island Flagship,Corporate B2B,Consumer Electronics,Sony WH-1000XM5 Headphones,1,285000,0.0,285000.0,195000,90000.0,0,Delivered On-Time
NEX-103248,2025-05-05,Lagos,Victoria Island Flagship,Web Direct,Computing & Peripherals,27-inch 4K Gaming Monitor,1,310000,0.05,294500.0,235000,59500.0,0,Delayed Transit
NEX-103249,2025-06-02,Ibadan,Ring Road Complex,In-Store Retail,Home Appliances,Inverter Split AC 1.5HP (AC-902),1,385000,0.0,385000.0,310000,75000.0,0,Delivered On-Time
NEX-103250,2025-05-16,Abuja,Wuse 2 Retail,Corporate B2B,Computing & Peripherals,Wireless Mechanical Keyboard,1,65000,0.0,65000.0,42000,23000.0,0,Returned
NEX-103251,2025-05-17,Lagos,Surulere Hub,Corporate B2B,Computing & Peripherals,27-inch 4K Gaming Monitor,1,310000,0.0,310000.0,235000,75000.0,0,Delivered On-Time
NEX-103252,2025-07-30,Abuja,Maitama Galleria,Corporate B2B,Computing & Peripherals,27-inch 4K Gaming Monitor,1,310000,0.0,310000.0,235000,75000.0,0,Delivered On-Time
NEX-103253,2025-07-23,Abuja,Maitama Galleria,In-Store Retail,Computing & Peripherals,Ergonomic Office Chair Pro,1,185000,0.1,166500.0,130000,36500.0,0,Delivered On-Time
NEX-103254,2025-07-02,Abuja,Wuse 2 Retail,Corporate B2B,Home Appliances,Chest Freezer 200L,1,245000,0.0,245000.0,195000,50000.0,1,Returned
NEX-103255,2025-05-19,Abuja,Maitama Galleria,In-Store Retail,Computing & Peripherals,Logitech MX Master 3S Mouse,1,75000,0.0,75000.0,52000,23000.0,0,Delayed Transit
NEX-103256,2025-05-17,Abuja,Wuse 2 Retail,In-Store Retail,Computing & Peripherals,27-inch 4K Gaming Monitor,1,310000,0.05,294500.0,235000,59500.0,0,Delivered On-Time
NEX-103257,2025-07-26,Abuja,Central Business District Store,Web Direct,Consumer Electronics,MacBook Pro 14 M3,1,1850000,0.0,1850000.0,1480000,370000.0,0,Delivered On-Time
NEX-103258,2025-07-14,Port Harcourt,Trans-Amadi Commercial,Mobile App,Home Appliances,Inverter Split AC 1.5HP (AC-902),1,385000,0.1,346500.0,310000,36500.0,1,Returned
NEX-103259,2025-06-25,Lagos,Surulere Hub,Web Direct,Consumer Electronics,Sony WH-1000XM5 Headphones,1,285000,0.0,285000.0,195000,90000.0,0,Delivered On-Time
NEX-103260,2025-05-12,Kano,Bompai Trade Centre,In-Store Retail,Computing & Peripherals,1TB NVMe Portable SSD,1,95000,0.05,90250.0,68000,22250.0,0,Delivered On-Time
NEX-103261,2025-07-07,Lagos,Lekki Mall Outlet,In-Store Retail,Home Appliances,Digital Microwave Oven 25L,1,115000,0.29,81613.62,85000,-3386.38,0,Fulfilled In-Store
NEX-103262,2025-05-31,Kano,Bompai Trade Centre,In-Store Retail,Computing & Peripherals,Logitech MX Master 3S Mouse,1,75000,0.05,71250.0,52000,19250.0,0,Fulfilled In-Store
NEX-103263,2025-06-06,Lagos,Lekki Mall Outlet,In-Store Retail,Computing & Peripherals,Ergonomic Office Chair Pro,1,185000,0.0,185000.0,130000,55000.0,0,Delivered On-Time
NEX-103264,2025-05-10,Abuja,Wuse 2 Retail,In-Store Retail,Consumer Electronics,Galaxy S24 Ultra 512GB,1,1250000,0.15,1062500.0,950000,112500.0,1,Returned
NEX-103265,2025-06-29,Ibadan,Bodija Outlet,Web Direct,Consumer Electronics,iPhone 15 Pro Max 256GB,1,1450000,0.0,1450000.0,1150000,300000.0,0,Delivered On-Time
NEX-103266,2025-07-30,Port Harcourt,GRA Phase 2 Store,Mobile App,Consumer Electronics,MacBook Pro 14 M3,3,1850000,0.05,5272500.0,4440000,832500.0,0,Delivered On-Time
NEX-103267,2025-05-09,Lagos,Surulere Hub,In-Store Retail,Consumer Electronics,Dell XPS 15 Laptop,1,1650000,0.05,1567500.0,1320000,247500.0,0,Delivered On-Time
NEX-103268,2025-06-20,Port Harcourt,GRA Phase 2 Store,Web Direct,Consumer Electronics,iPhone 15 Pro Max 256GB,1,1450000,0.0,1450000.0,1150000,300000.0,0,Fulfilled In-Store
NEX-103269,2025-07-11,Kano,Nasarawa Road Branch,Web Direct,Computing & Peripherals,Ergonomic Office Chair Pro,1,185000,0.05,175750.0,130000,45750.0,0,Delivered On-Time
NEX-103270,2025-06-25,Port Harcourt,GRA Phase 2 Store,Web Direct,Home Appliances,Inverter Split AC 1.5HP (AC-902),3,385000,0.0,1155000.0,930000,225000.0,0,Delayed Transit
NEX-103271,2025-07-24,Lagos,Ikeja Mega-Store,In-Store Retail,Home Appliances,Digital Microwave Oven 25L,2,115000,0.35,149137.24,170000,-20862.76,0,Returned
NEX-103272,2025-06-08,Lagos,Surulere Hub,Corporate B2B,Computing & Peripherals,Wireless Mechanical Keyboard,1,65000,0.1,58500.0,42000,16500.0,0,Delayed Transit
NEX-103273,2025-07-31,Lagos,Ikeja Mega-Store,Web Direct,Home Appliances,Digital Microwave Oven 25L,1,115000,0.38,71445.29,85000,-13554.71,0,Delivered On-Time
NEX-103274,2025-06-08,Port Harcourt,Trans-Amadi Commercial,In-Store Retail,Computing & Peripherals,1TB NVMe Portable SSD,1,95000,0.2,76000.0,68000,8000.0,0,Fulfilled In-Store
NEX-103275,2025-06-15,Lagos,Surulere Hub,Web Direct,Computing & Peripherals,Wireless Mechanical Keyboard,1,65000,0.0,65000.0,42000,23000.0,0,Delivered On-Time
NEX-103276,2025-05-31,Lagos,Surulere Hub,In-Store Retail,Computing & Peripherals,Wireless Mechanical Keyboard,1,65000,0.0,65000.0,42000,23000.0,0,Delivered On-Time
NEX-103277,2025-06-02,Abuja,Wuse 2 Retail,In-Store Retail,Consumer Electronics,iPhone 15 Pro Max 256GB,2,1450000,0.05,2755000.0,2300000,455000.0,0,Fulfilled In-Store
NEX-103278,2025-07-04,Abuja,Central Business District Store,Web Direct,Consumer Electronics,iPhone 15 Pro Max 256GB,1,1450000,0.0,1450000.0,1150000,300000.0,0,Delivered On-Time
NEX-103279,2025-05-01,Kano,Nasarawa Road Branch,In-Store Retail,Home Appliances,Smart Inverter Washing Machine 8kg,1,345000,0.05,327750.0,270000,57750.0,0,Delivered On-Time
NEX-103280,2025-07-24,Port Harcourt,GRA Phase 2 Store,In-Store Retail,Consumer Electronics,iPhone 15 Pro Max 256GB,1,1450000,0.0,1450000.0,1150000,300000.0,0,Delivered On-Time
NEX-103281,2025-07-13,Port Harcourt,Trans-Amadi Commercial,Web Direct,Home Appliances,Chest Freezer 200L,2,245000,0.1,441000.0,390000,51000.0,0,Delayed Transit
NEX-103282,2025-07-21,Abuja,Wuse 2 Retail,In-Store Retail,Home Appliances,Inverter Split AC 1.5HP (AC-902),1,385000,0.05,365750.0,310000,55750.0,1,Returned
NEX-103283,2025-07-09,Lagos,Surulere Hub,In-Store Retail,Consumer Electronics,Dell XPS 15 Laptop,1,1650000,0.1,1485000.0,1320000,165000.0,0,Delivered On-Time
NEX-103284,2025-07-15,Lagos,Surulere Hub,In-Store Retail,Computing & Peripherals,27-inch 4K Gaming Monitor,1,310000,0.15,263500.0,235000,28500.0,1,Returned
NEX-103285,2025-06-07,Port Harcourt,Trans-Amadi Commercial,In-Store Retail,Computing & Peripherals,27-inch 4K Gaming Monitor,3,310000,0.05,883500.0,705000,178500.0,0,Fulfilled In-Store
NEX-103286,2025-05-12,Abuja,Wuse 2 Retail,Web Direct,Computing & Peripherals,27-inch 4K Gaming Monitor,1,310000,0.0,310000.0,235000,75000.0,0,Delivered On-Time
NEX-103287,2025-06-15,Lagos,Ikeja Mega-Store,Web Direct,Computing & Peripherals,1TB NVMe Portable SSD,1,95000,0.15,80750.0,68000,12750.0,0,Delivered On-Time
NEX-103288,2025-07-04,Lagos,Surulere Hub,In-Store Retail,Consumer Electronics,Dell XPS 15 Laptop,1,1650000,0.0,1650000.0,1320000,330000.0,0,Delivered On-Time
NEX-103289,2025-05-27,Port Harcourt,Trans-Amadi Commercial,In-Store Retail,Computing & Peripherals,27-inch 4K Gaming Monitor,1,310000,0.0,310000.0,235000,75000.0,0,Delivered On-Time
NEX-103290,2025-05-18,Lagos,Victoria Island Flagship,In-Store Retail,Home Appliances,Double Door Refrigerator 320L,4,520000,0.0,2080000.0,1640000,440000.0,0,Fulfilled In-Store
NEX-103291,2025-06-03,Lagos,Ikeja Mega-Store,Mobile App,Consumer Electronics,Sony WH-1000XM5 Headphones,2,285000,0.0,570000.0,390000,180000.0,0,Delivered On-Time
NEX-103292,2025-07-06,Abuja,Maitama Galleria,In-Store Retail,Home Appliances,Smart Inverter Washing Machine 8kg,1,345000,0.0,345000.0,270000,75000.0,0,Delayed Transit
NEX-103293,2025-05-24,Kano,Nasarawa Road Branch,Web Direct,Computing & Peripherals,Wireless Mechanical Keyboard,3,65000,0.2,156000.0,126000,30000.0,0,Fulfilled In-Store
NEX-103294,2025-05-10,Lagos,Surulere Hub,Web Direct,Consumer Electronics,Galaxy S24 Ultra 512GB,1,1250000,0.0,1250000.0,950000,300000.0,0,Delivered On-Time
NEX-103295,2025-05-11,Kano,Nasarawa Road Branch,Corporate B2B,Computing & Peripherals,Wireless Mechanical Keyboard,2,65000,0.05,123500.0,84000,39500.0,0,Delivered On-Time
NEX-103296,2025-05-08,Lagos,Lekki Mall Outlet,Web Direct,Computing & Peripherals,1TB NVMe Portable SSD,2,95000,0.05,180500.0,136000,44500.0,0,Delivered On-Time
NEX-103297,2025-05-20,Lagos,Lekki Mall Outlet,Corporate B2B,Home Appliances,Chest Freezer 200L,1,245000,0.05,232750.0,195000,37750.0,0,Delayed Transit
NEX-103298,2025-05-14,Port Harcourt,Trans-Amadi Commercial,Web Direct,Computing & Peripherals,Logitech MX Master 3S Mouse,2,75000,0.0,150000.0,104000,46000.0,0,Delivered On-Time
NEX-103299,2025-05-21,Lagos,Victoria Island Flagship,Corporate B2B,Consumer Electronics,Sony WH-1000XM5 Headphones,1,285000,0.0,285000.0,195000,90000.0,0,Fulfilled In-Store
NEX-103300,2025-07-28,Kano,Nasarawa Road Branch,In-Store Retail,Computing & Peripherals,Logitech MX Master 3S Mouse,2,75000,0.15,127500.0,104000,23500.0,0,Delayed Transit
NEX-103301,2025-07-03,Kano,Bompai Trade Centre,In-Store Retail,Computing & Peripherals,Wireless Mechanical Keyboard,1,65000,0.05,61750.0,42000,19750.0,0,Delivered On-Time
NEX-103302,2025-06-15,Lagos,Surulere Hub,In-Store Retail,Computing & Peripherals,Ergonomic Office Chair Pro,2,185000,0.15,314500.0,260000,54500.0,1,Returned
NEX-103303,2025-07-28,Ibadan,Bodija Outlet,In-Store Retail,Home Appliances,Chest Freezer 200L,1,245000,0.05,232750.0,195000,37750.0,0,Fulfilled In-Store
NEX-103304,2025-06-14,Abuja,Central Business District Store,In-Store Retail,Consumer Electronics,Dell XPS 15 Laptop,5,1650000,0.0,8250000.0,6600000,1650000.0,0,Delayed Transit
NEX-103305,2025-05-03,Lagos,Lekki Mall Outlet,In-Store Retail,Computing & Peripherals,Logitech MX Master 3S Mouse,3,75000,0.0,225000.0,156000,69000.0,0,Delayed Transit
NEX-103306,2025-07-20,Abuja,Maitama Galleria,In-Store Retail,Home Appliances,Chest Freezer 200L,1,245000,0.05,232750.0,195000,37750.0,0,Delivered On-Time
NEX-103307,2025-06-20,Ibadan,Bodija Outlet,In-Store Retail,Computing & Peripherals,Logitech MX Master 3S Mouse,1,75000,0.2,60000.0,52000,8000.0,0,Delivered On-Time
NEX-103308,2025-07-06,Lagos,Ikeja Mega-Store,In-Store Retail,Computing & Peripherals,Logitech MX Master 3S Mouse,1,75000,0.1,67500.0,52000,15500.0,0,Delivered On-Time
NEX-103309,2025-06-19,Lagos,Surulere Hub,In-Store Retail,Consumer Electronics,MacBook Pro 14 M3,1,1850000,0.0,1850000.0,1480000,370000.0,0,Delivered On-Time
NEX-103310,2025-07-10,Abuja,Wuse 2 Retail,Mobile App,Computing & Peripherals,Logitech MX Master 3S Mouse,1,75000,0.0,75000.0,52000,23000.0,0,Delivered On-Time
NEX-103311,2025-07-03,Port Harcourt,Trans-Amadi Commercial,In-Store Retail,Consumer Electronics,MacBook Pro 14 M3,2,1850000,0.05,3515000.0,2960000,555000.0,0,Delivered On-Time
NEX-103312,2025-05-19,Lagos,Lekki Mall Outlet,In-Store Retail,Consumer Electronics,MacBook Pro 14 M3,1,1850000,0.1,1665000.0,1480000,185000.0,0,Delivered On-Time
NEX-103313,2025-07-06,Lagos,Lekki Mall Outlet,Web Direct,Consumer Electronics,Sony WH-1000XM5 Headphones,1,285000,0.0,285000.0,195000,90000.0,0,Delivered On-Time
NEX-103314,2025-05-20,Lagos,Lekki Mall Outlet,Mobile App,Consumer Electronics,MacBook Pro 14 M3,1,1850000,0.0,1850000.0,1480000,370000.0,0,Delivered On-Time
NEX-103315,2025-06-17,Kano,Nasarawa Road Branch,In-Store Retail,Computing & Peripherals,Wireless Mechanical Keyboard,1,65000,0.0,65000.0,42000,23000.0,0,Delayed Transit
NEX-103316,2025-07-31,Lagos,Ikeja Mega-Store,Corporate B2B,Computing & Peripherals,Ergonomic Office Chair Pro,3,185000,0.15,471750.0,390000,81750.0,0,Delivered On-Time
NEX-103317,2025-06-05,Kano,Nasarawa Road Branch,In-Store Retail,Consumer Electronics,Dell XPS 15 Laptop,3,1650000,0.05,4702500.0,3960000,742500.0,0,Delayed Transit
NEX-103318,2025-05-26,Abuja,Wuse 2 Retail,In-Store Retail,Home Appliances,Chest Freezer 200L,2,245000,0.0,490000.0,390000,100000.0,0,Delivered On-Time
NEX-103319,2025-05-20,Lagos,Ikeja Mega-Store,In-Store Retail,Computing & Peripherals,Wireless Mechanical Keyboard,1,65000,0.0,65000.0,42000,23000.0,0,Delivered On-Time
NEX-103320,2025-07-27,Kano,Nasarawa Road Branch,Web Direct,Computing & Peripherals,27-inch 4K Gaming Monitor,4,310000,0.1,1116000.0,940000,176000.0,0,Delivered On-Time
NEX-103321,2025-06-09,Lagos,Surulere Hub,In-Store Retail,Home Appliances,Chest Freezer 200L,2,245000,0.1,441000.0,390000,51000.0,0,Delivered On-Time
NEX-103322,2025-06-12,Lagos,Surulere Hub,In-Store Retail,Home Appliances,Smart Inverter Washing Machine 8kg,2,345000,0.0,690000.0,540000,150000.0,0,Delivered On-Time
NEX-103323,2025-07-06,Ibadan,Ring Road Complex,In-Store Retail,Home Appliances,Double Door Refrigerator 320L,1,520000,0.0,520000.0,410000,110000.0,0,Delayed Transit
NEX-103324,2025-05-26,Lagos,Ikeja Mega-Store,Corporate B2B,Computing & Peripherals,1TB NVMe Portable SSD,2,95000,0.05,180500.0,136000,44500.0,0,Returned
NEX-103325,2025-06-02,Lagos,Victoria Island Flagship,Web Direct,Computing & Peripherals,Wireless Mechanical Keyboard,1,65000,0.05,61750.0,42000,19750.0,1,Returned
NEX-103326,2025-06-20,Abuja,Maitama Galleria,Mobile App,Computing & Peripherals,27-inch 4K Gaming Monitor,1,310000,0.05,294500.0,235000,59500.0,0,Delivered On-Time
NEX-103327,2025-07-30,Abuja,Wuse 2 Retail,In-Store Retail,Computing & Peripherals,Wireless Mechanical Keyboard,1,65000,0.05,61750.0,42000,19750.0,0,Delayed Transit
NEX-103328,2025-05-28,Port Harcourt,Trans-Amadi Commercial,Web Direct,Computing & Peripherals,Wireless Mechanical Keyboard,1,65000,0.1,58500.0,42000,16500.0,0,Delivered On-Time
NEX-103329,2025-05-13,Abuja,Central Business District Store,In-Store Retail,Home Appliances,Inverter Split AC 1.5HP (AC-902),1,385000,0.2,308000.0,310000,-2000.0,1,Returned
NEX-103330,2025-05-16,Lagos,Surulere Hub,In-Store Retail,Home Appliances,Smart Inverter Washing Machine 8kg,1,345000,0.1,310500.0,270000,40500.0,0,Fulfilled In-Store
NEX-103331,2025-06-15,Port Harcourt,Trans-Amadi Commercial,In-Store Retail,Consumer Electronics,iPhone 15 Pro Max 256GB,1,1450000,0.1,1305000.0,1150000,155000.0,0,Delivered On-Time
NEX-103332,2025-05-16,Abuja,Maitama Galleria,In-Store Retail,Consumer Electronics,MacBook Pro 14 M3,2,1850000,0.15,3145000.0,2960000,185000.0,0,Delivered On-Time
NEX-103333,2025-07-18,Abuja,Central Business District Store,In-Store Retail,Consumer Electronics,iPhone 15 Pro Max 256GB,2,1450000,0.0,2900000.0,2300000,600000.0,0,Delivered On-Time
NEX-103334,2025-07-03,Lagos,Lekki Mall Outlet,Corporate B2B,Computing & Peripherals,Logitech MX Master 3S Mouse,1,75000,0.1,67500.0,52000,15500.0,0,Delivered On-Time
NEX-103335,2025-06-30,Abuja,Central Business District Store,Mobile App,Consumer Electronics,Galaxy S24 Ultra 512GB,1,1250000,0.05,1187500.0,950000,237500.0,0,Delivered On-Time
NEX-103336,2025-06-28,Lagos,Victoria Island Flagship,Web Direct,Home Appliances,Smart Inverter Washing Machine 8kg,1,345000,0.0,345000.0,270000,75000.0,0,Delivered On-Time
NEX-103337,2025-05-21,Lagos,Victoria Island Flagship,Corporate B2B,Home Appliances,Smart Inverter Washing Machine 8kg,1,345000,0.15,293250.0,270000,23250.0,0,Delivered On-Time
NEX-103338,2025-05-27,Abuja,Maitama Galleria,Web Direct,Computing & Peripherals,1TB NVMe Portable SSD,1,95000,0.0,95000.0,68000,27000.0,0,Delivered On-Time
NEX-103339,2025-07-03,Lagos,Surulere Hub,In-Store Retail,Home Appliances,Digital Microwave Oven 25L,1,115000,0.38,71322.8,85000,-13677.2,0,Delivered On-Time
NEX-103340,2025-05-01,Abuja,Maitama Galleria,In-Store Retail,Computing & Peripherals,Wireless Mechanical Keyboard,1,65000,0.2,52000.0,42000,10000.0,0,Delivered On-Time
NEX-103341,2025-05-24,Port Harcourt,GRA Phase 2 Store,In-Store Retail,Consumer Electronics,Dell XPS 15 Laptop,1,1650000,0.2,1320000.0,1320000,0.0,0,Delivered On-Time
NEX-103342,2025-06-03,Port Harcourt,GRA Phase 2 Store,In-Store Retail,Computing & Peripherals,Wireless Mechanical Keyboard,1,65000,0.0,65000.0,42000,23000.0,1,Returned
NEX-103343,2025-06-16,Abuja,Maitama Galleria,Web Direct,Computing & Peripherals,27-inch 4K Gaming Monitor,3,310000,0.0,930000.0,705000,225000.0,0,Delivered On-Time
NEX-103344,2025-06-04,Abuja,Central Business District Store,In-Store Retail,Consumer Electronics,MacBook Pro 14 M3,1,1850000,0.0,1850000.0,1480000,370000.0,0,Delivered On-Time
NEX-103345,2025-06-05,Abuja,Wuse 2 Retail,In-Store Retail,Computing & Peripherals,Ergonomic Office Chair Pro,5,185000,0.1,832500.0,650000,182500.0,0,Delivered On-Time
NEX-103346,2025-06-03,Lagos,Ikeja Mega-Store,Corporate B2B,Computing & Peripherals,Wireless Mechanical Keyboard,1,65000,0.05,61750.0,42000,19750.0,0,Delayed Transit
NEX-103347,2025-06-09,Abuja,Wuse 2 Retail,Mobile App,Home Appliances,Smart Inverter Washing Machine 8kg,1,345000,0.05,327750.0,270000,57750.0,0,Delivered On-Time
NEX-103348,2025-06-13,Abuja,Maitama Galleria,Web Direct,Computing & Peripherals,Ergonomic Office Chair Pro,1,185000,0.0,185000.0,130000,55000.0,0,Delivered On-Time
NEX-103349,2025-07-13,Port Harcourt,GRA Phase 2 Store,In-Store Retail,Home Appliances,Double Door Refrigerator 320L,3,520000,0.0,1560000.0,1230000,330000.0,0,Delivered On-Time
NEX-103350,2025-06-21,Abuja,Wuse 2 Retail,In-Store Retail,Home Appliances,Smart Inverter Washing Machine 8kg,1,345000,0.0,345000.0,270000,75000.0,0,Delivered On-Time
NEX-103351,2025-06-09,Lagos,Lekki Mall Outlet,Mobile App,Consumer Electronics,Dell XPS 15 Laptop,1,1650000,0.1,1485000.0,1320000,165000.0,0,Delivered On-Time
NEX-103352,2025-07-10,Abuja,Maitama Galleria,In-Store Retail,Home Appliances,Double Door Refrigerator 320L,1,520000,0.05,494000.0,410000,84000.0,1,Returned
NEX-103353,2025-06-21,Lagos,Ikeja Mega-Store,In-Store Retail,Consumer Electronics,Galaxy S24 Ultra 512GB,1,1250000,0.0,1250000.0,950000,300000.0,0,Returned
NEX-103354,2025-06-09,Lagos,Victoria Island Flagship,In-Store Retail,Home Appliances,Digital Microwave Oven 25L,1,115000,0.1,103500.0,85000,18500.0,0,Delivered On-Time
NEX-103355,2025-05-02,Lagos,Surulere Hub,In-Store Retail,Home Appliances,Smart Inverter Washing Machine 8kg,2,345000,0.1,621000.0,540000,81000.0,1,Returned
NEX-103356,2025-07-24,Abuja,Central Business District Store,In-Store Retail,Home Appliances,Double Door Refrigerator 320L,1,520000,0.15,442000.0,410000,32000.0,0,Delayed Transit
NEX-103357,2025-07-13,Lagos,Victoria Island Flagship,In-Store Retail,Consumer Electronics,Galaxy S24 Ultra 512GB,1,1250000,0.0,1250000.0,950000,300000.0,0,Delivered On-Time
NEX-103358,2025-05-25,Abuja,Maitama Galleria,In-Store Retail,Computing & Peripherals,Wireless Mechanical Keyboard,1,65000,0.05,61750.0,42000,19750.0,0,Delivered On-Time
NEX-103359,2025-05-21,Kano,Bompai Trade Centre,Web Direct,Home Appliances,Inverter Split AC 1.5HP (AC-902),1,385000,0.1,346500.0,310000,36500.0,0,Fulfilled In-Store
NEX-103360,2025-06-26,Abuja,Central Business District Store,Corporate B2B,Home Appliances,Digital Microwave Oven 25L,1,115000,0.0,115000.0,85000,30000.0,0,Delayed Transit
NEX-103361,2025-05-13,Port Harcourt,Trans-Amadi Commercial,Web Direct,Consumer Electronics,iPhone 15 Pro Max 256GB,2,1450000,0.15,2465000.0,2300000,165000.0,1,Returned
NEX-103362,2025-06-24,Abuja,Maitama Galleria,Web Direct,Computing & Peripherals,1TB NVMe Portable SSD,2,95000,0.05,180500.0,136000,44500.0,0,Delivered On-Time
NEX-103363,2025-07-07,Lagos,Surulere Hub,In-Store Retail,Home Appliances,Chest Freezer 200L,1,245000,0.38,152678.45,195000,-42321.55,0,Fulfilled In-Store
NEX-103364,2025-07-15,Lagos,Victoria Island Flagship,Mobile App,Consumer Electronics,Sony WH-1000XM5 Headphones,1,285000,0.15,242250.0,195000,47250.0,0,Delivered On-Time
NEX-103365,2025-05-20,Abuja,Maitama Galleria,Web Direct,Home Appliances,Chest Freezer 200L,1,245000,0.15,208250.0,195000,13250.0,0,Delivered On-Time
NEX-103366,2025-06-26,Abuja,Maitama Galleria,In-Store Retail,Home Appliances,Chest Freezer 200L,1,245000,0.2,196000.0,195000,1000.0,0,Delivered On-Time
NEX-103367,2025-07-20,Port Harcourt,GRA Phase 2 Store,In-Store Retail,Home Appliances,Smart Inverter Washing Machine 8kg,2,345000,0.05,655500.0,540000,115500.0,0,Delivered On-Time
NEX-103368,2025-05-04,Port Harcourt,GRA Phase 2 Store,In-Store Retail,Consumer Electronics,Dell XPS 15 Laptop,1,1650000,0.05,1567500.0,1320000,247500.0,0,Fulfilled In-Store
NEX-103369,2025-07-07,Abuja,Maitama Galleria,Corporate B2B,Computing & Peripherals,1TB NVMe Portable SSD,1,95000,0.15,80750.0,68000,12750.0,0,Fulfilled In-Store
NEX-103370,2025-06-14,Lagos,Ikeja Mega-Store,Corporate B2B,Home Appliances,Chest Freezer 200L,1,245000,0.0,245000.0,195000,50000.0,0,Delayed Transit
NEX-103371,2025-06-17,Kano,Nasarawa Road Branch,In-Store Retail,Computing & Peripherals,27-inch 4K Gaming Monitor,1,310000,0.05,294500.0,235000,59500.0,0,Delayed Transit
NEX-103372,2025-05-06,Abuja,Maitama Galleria,Corporate B2B,Consumer Electronics,Sony WH-1000XM5 Headphones,1,285000,0.0,285000.0,195000,90000.0,0,Fulfilled In-Store
NEX-103373,2025-05-12,Lagos,Surulere Hub,In-Store Retail,Computing & Peripherals,Ergonomic Office Chair Pro,2,185000,0.0,370000.0,260000,110000.0,0,Delayed Transit
NEX-103374,2025-05-19,Lagos,Victoria Island Flagship,Corporate B2B,Home Appliances,Chest Freezer 200L,1,245000,0.0,245000.0,195000,50000.0,0,Delivered On-Time
NEX-103375,2025-06-05,Abuja,Maitama Galleria,Web Direct,Home Appliances,Digital Microwave Oven 25L,2,115000,0.0,230000.0,170000,60000.0,0,Returned
NEX-103376,2025-07-02,Lagos,Surulere Hub,In-Store Retail,Home Appliances,Chest Freezer 200L,1,245000,0.29,175084.7,195000,-19915.3,0,Delivered On-Time
NEX-103377,2025-05-09,Lagos,Ikeja Mega-Store,In-Store Retail,Computing & Peripherals,Logitech MX Master 3S Mouse,1,75000,0.05,71250.0,52000,19250.0,0,Delayed Transit
NEX-103378,2025-07-16,Lagos,Surulere Hub,In-Store Retail,Computing & Peripherals,Ergonomic Office Chair Pro,1,185000,0.05,175750.0,130000,45750.0,0,Delivered On-Time
NEX-103379,2025-07-06,Lagos,Victoria Island Flagship,Corporate B2B,Consumer Electronics,Sony WH-1000XM5 Headphones,1,285000,0.0,285000.0,195000,90000.0,0,Delivered On-Time
NEX-103380,2025-07-23,Lagos,Surulere Hub,Web Direct,Consumer Electronics,MacBook Pro 14 M3,1,1850000,0.1,1665000.0,1480000,185000.0,0,Fulfilled In-Store
NEX-103381,2025-07-22,Abuja,Maitama Galleria,In-Store Retail,Home Appliances,Inverter Split AC 1.5HP (AC-902),2,385000,0.15,654500.0,620000,34500.0,0,Delivered On-Time
NEX-103382,2025-06-30,Lagos,Ikeja Mega-Store,Web Direct,Computing & Peripherals,1TB NVMe Portable SSD,1,95000,0.0,95000.0,68000,27000.0,0,Delivered On-Time
NEX-103383,2025-06-21,Kano,Nasarawa Road Branch,Web Direct,Consumer Electronics,iPhone 15 Pro Max 256GB,1,1450000,0.0,1450000.0,1150000,300000.0,0,Delivered On-Time
NEX-103384,2025-06-08,Ibadan,Ring Road Complex,Web Direct,Consumer Electronics,iPhone 15 Pro Max 256GB,1,1450000,0.15,1232500.0,1150000,82500.0,0,Delivered On-Time
NEX-103385,2025-07-28,Abuja,Central Business District Store,In-Store Retail,Consumer Electronics,Galaxy S24 Ultra 512GB,1,1250000,0.1,1125000.0,950000,175000.0,0,Delivered On-Time
NEX-103386,2025-05-04,Port Harcourt,Trans-Amadi Commercial,In-Store Retail,Consumer Electronics,Sony WH-1000XM5 Headphones,1,285000,0.1,256500.0,195000,61500.0,0,Delivered On-Time
NEX-103387,2025-07-07,Port Harcourt,GRA Phase 2 Store,Corporate B2B,Consumer Electronics,MacBook Pro 14 M3,1,1850000,0.1,1665000.0,1480000,185000.0,0,Delivered On-Time
NEX-103388,2025-06-12,Abuja,Wuse 2 Retail,Web Direct,Home Appliances,Smart Inverter Washing Machine 8kg,1,345000,0.05,327750.0,270000,57750.0,0,Delayed Transit
NEX-103389,2025-05-25,Lagos,Surulere Hub,Web Direct,Computing & Peripherals,Wireless Mechanical Keyboard,2,65000,0.1,117000.0,84000,33000.0,0,Delivered On-Time
NEX-103390,2025-05-11,Lagos,Lekki Mall Outlet,Web Direct,Computing & Peripherals,Ergonomic Office Chair Pro,3,185000,0.2,444000.0,390000,54000.0,0,Delivered On-Time
NEX-103391,2025-07-24,Abuja,Maitama Galleria,Mobile App,Computing & Peripherals,Wireless Mechanical Keyboard,1,65000,0.2,52000.0,42000,10000.0,0,Delivered On-Time
NEX-103392,2025-07-20,Kano,Bompai Trade Centre,In-Store Retail,Computing & Peripherals,Ergonomic Office Chair Pro,1,185000,0.05,175750.0,130000,45750.0,0,Delivered On-Time
NEX-103393,2025-06-16,Lagos,Ikeja Mega-Store,Corporate B2B,Computing & Peripherals,1TB NVMe Portable SSD,1,95000,0.0,95000.0,68000,27000.0,0,Delivered On-Time
NEX-103394,2025-07-16,Port Harcourt,GRA Phase 2 Store,Mobile App,Home Appliances,Digital Microwave Oven 25L,1,115000,0.2,92000.0,85000,7000.0,0,Delivered On-Time
NEX-103395,2025-07-16,Abuja,Central Business District Store,Corporate B2B,Home Appliances,Inverter Split AC 1.5HP (AC-902),2,385000,0.05,731500.0,620000,111500.0,1,Returned
NEX-103396,2025-05-16,Lagos,Lekki Mall Outlet,In-Store Retail,Computing & Peripherals,Ergonomic Office Chair Pro,1,185000,0.0,185000.0,130000,55000.0,0,Delayed Transit
NEX-103397,2025-07-08,Lagos,Ikeja Mega-Store,Corporate B2B,Computing & Peripherals,Logitech MX Master 3S Mouse,3,75000,0.0,225000.0,156000,69000.0,0,Delivered On-Time
NEX-103398,2025-05-16,Port Harcourt,GRA Phase 2 Store,Web Direct,Consumer Electronics,MacBook Pro 14 M3,1,1850000,0.0,1850000.0,1480000,370000.0,0,Fulfilled In-Store
NEX-103399,2025-06-15,Lagos,Surulere Hub,Web Direct,Consumer Electronics,Dell XPS 15 Laptop,2,1650000,0.15,2805000.0,2640000,165000.0,0,Fulfilled In-Store
NEX-103400,2025-06-12,Abuja,Maitama Galleria,In-Store Retail,Consumer Electronics,MacBook Pro 14 M3,2,1850000,0.05,3515000.0,2960000,555000.0,0,Fulfilled In-Store
NEX-103401,2025-05-25,Port Harcourt,GRA Phase 2 Store,In-Store Retail,Home Appliances,Double Door Refrigerator 320L,1,520000,0.15,442000.0,410000,32000.0,0,Delivered On-Time
NEX-103402,2025-06-16,Lagos,Surulere Hub,Web Direct,Computing & Peripherals,1TB NVMe Portable SSD,1,95000,0.0,95000.0,68000,27000.0,0,Delivered On-Time
NEX-103403,2025-06-01,Lagos,Ikeja Mega-Store,Web Direct,Computing & Peripherals,1TB NVMe Portable SSD,1,95000,0.0,95000.0,68000,27000.0,0,Delivered On-Time
NEX-103404,2025-05-14,Abuja,Maitama Galleria,In-Store Retail,Computing & Peripherals,Ergonomic Office Chair Pro,1,185000,0.0,185000.0,130000,55000.0,0,Fulfilled In-Store
NEX-103405,2025-06-11,Port Harcourt,GRA Phase 2 Store,Web Direct,Home Appliances,Digital Microwave Oven 25L,2,115000,0.0,230000.0,170000,60000.0,0,Delivered On-Time
NEX-103406,2025-06-22,Abuja,Maitama Galleria,In-Store Retail,Home Appliances,Chest Freezer 200L,1,245000,0.1,220500.0,195000,25500.0,0,Fulfilled In-Store
NEX-103407,2025-07-05,Abuja,Central Business District Store,Web Direct,Computing & Peripherals,Wireless Mechanical Keyboard,1,65000,0.0,65000.0,42000,23000.0,0,Delivered On-Time
NEX-103408,2025-06-27,Abuja,Maitama Galleria,In-Store Retail,Computing & Peripherals,Wireless Mechanical Keyboard,1,65000,0.15,55250.0,42000,13250.0,0,Delivered On-Time
NEX-103409,2025-06-27,Lagos,Lekki Mall Outlet,Web Direct,Consumer Electronics,Sony WH-1000XM5 Headphones,1,285000,0.05,270750.0,195000,75750.0,1,Returned
NEX-103410,2025-06-06,Kano,Bompai Trade Centre,Web Direct,Home Appliances,Chest Freezer 200L,2,245000,0.05,465500.0,390000,75500.0,0,Delivered On-Time
NEX-103411,2025-06-03,Kano,Nasarawa Road Branch,In-Store Retail,Consumer Electronics,iPhone 15 Pro Max 256GB,1,1450000,0.0,1450000.0,1150000,300000.0,0,Fulfilled In-Store
NEX-103412,2025-05-16,Lagos,Lekki Mall Outlet,Web Direct,Home Appliances,Inverter Split AC 1.5HP (AC-902),3,385000,0.1,1039500.0,930000,109500.0,0,Delivered On-Time
NEX-103413,2025-05-03,Lagos,Ikeja Mega-Store,Corporate B2B,Consumer Electronics,Sony WH-1000XM5 Headphones,1,285000,0.05,270750.0,195000,75750.0,0,Fulfilled In-Store
NEX-103414,2025-06-06,Port Harcourt,GRA Phase 2 Store,Web Direct,Consumer Electronics,MacBook Pro 14 M3,1,1850000,0.15,1572500.0,1480000,92500.0,0,Delivered On-Time
NEX-103415,2025-06-13,Lagos,Lekki Mall Outlet,In-Store Retail,Consumer Electronics,MacBook Pro 14 M3,1,1850000,0.05,1757500.0,1480000,277500.0,0,Fulfilled In-Store
NEX-103416,2025-06-25,Port Harcourt,GRA Phase 2 Store,In-Store Retail,Computing & Peripherals,Wireless Mechanical Keyboard,1,65000,0.1,58500.0,42000,16500.0,0,Delivered On-Time
NEX-103417,2025-06-23,Lagos,Ikeja Mega-Store,Web Direct,Computing & Peripherals,Ergonomic Office Chair Pro,2,185000,0.0,370000.0,260000,110000.0,0,Delivered On-Time
NEX-103418,2025-05-04,Abuja,Wuse 2 Retail,In-Store Retail,Consumer Electronics,Galaxy S24 Ultra 512GB,1,1250000,0.0,1250000.0,950000,300000.0,0,Delivered On-Time
NEX-103419,2025-06-11,Port Harcourt,GRA Phase 2 Store,Web Direct,Computing & Peripherals,Logitech MX Master 3S Mouse,1,75000,0.0,75000.0,52000,23000.0,0,Fulfilled In-Store
NEX-103420,2025-07-18,Abuja,Central Business District Store,Corporate B2B,Computing & Peripherals,Logitech MX Master 3S Mouse,1,75000,0.05,71250.0,52000,19250.0,0,Delivered On-Time
NEX-103421,2025-07-04,Abuja,Wuse 2 Retail,Web Direct,Consumer Electronics,Galaxy S24 Ultra 512GB,1,1250000,0.1,1125000.0,950000,175000.0,0,Delivered On-Time
NEX-103422,2025-05-12,Lagos,Victoria Island Flagship,In-Store Retail,Consumer Electronics,Sony WH-1000XM5 Headphones,1,285000,0.0,285000.0,195000,90000.0,0,Delayed Transit
NEX-103423,2025-05-31,Port Harcourt,Trans-Amadi Commercial,In-Store Retail,Computing & Peripherals,27-inch 4K Gaming Monitor,1,310000,0.0,310000.0,235000,75000.0,0,Delivered On-Time
NEX-103424,2025-07-11,Abuja,Wuse 2 Retail,In-Store Retail,Computing & Peripherals,27-inch 4K Gaming Monitor,1,310000,0.05,294500.0,235000,59500.0,0,Delivered On-Time
NEX-103425,2025-06-27,Abuja,Maitama Galleria,Corporate B2B,Home Appliances,Digital Microwave Oven 25L,1,115000,0.15,97750.0,85000,12750.0,0,Fulfilled In-Store
NEX-103426,2025-05-02,Abuja,Maitama Galleria,Web Direct,Consumer Electronics,iPhone 15 Pro Max 256GB,1,1450000,0.1,1305000.0,1150000,155000.0,0,Delivered On-Time
NEX-103427,2025-06-05,Lagos,Surulere Hub,In-Store Retail,Consumer Electronics,MacBook Pro 14 M3,1,1850000,0.05,1757500.0,1480000,277500.0,0,Fulfilled In-Store
NEX-103428,2025-07-03,Abuja,Maitama Galleria,In-Store Retail,Home Appliances,Chest Freezer 200L,2,245000,0.0,490000.0,390000,100000.0,0,Delayed Transit
NEX-103429,2025-06-30,Lagos,Lekki Mall Outlet,In-Store Retail,Computing & Peripherals,Wireless Mechanical Keyboard,1,65000,0.05,61750.0,42000,19750.0,0,Delivered On-Time
NEX-103430,2025-06-02,Lagos,Victoria Island Flagship,Mobile App,Computing & Peripherals,1TB NVMe Portable SSD,2,95000,0.0,190000.0,136000,54000.0,0,Delivered On-Time
NEX-103431,2025-06-25,Lagos,Victoria Island Flagship,In-Store Retail,Home Appliances,Inverter Split AC 1.5HP (AC-902),3,385000,0.05,1097250.0,930000,167250.0,0,Delivered On-Time
NEX-103432,2025-05-02,Port Harcourt,Trans-Amadi Commercial,In-Store Retail,Computing & Peripherals,Logitech MX Master 3S Mouse,1,75000,0.05,71250.0,52000,19250.0,0,Delivered On-Time
NEX-103433,2025-05-16,Abuja,Wuse 2 Retail,In-Store Retail,Consumer Electronics,Dell XPS 15 Laptop,2,1650000,0.0,3300000.0,2640000,660000.0,0,Delayed Transit
NEX-103434,2025-07-22,Lagos,Surulere Hub,Web Direct,Consumer Electronics,iPhone 15 Pro Max 256GB,3,1450000,0.0,4350000.0,3450000,900000.0,0,Delivered On-Time
NEX-103435,2025-07-11,Port Harcourt,GRA Phase 2 Store,Mobile App,Computing & Peripherals,27-inch 4K Gaming Monitor,1,310000,0.0,310000.0,235000,75000.0,0,Delayed Transit
NEX-103436,2025-07-06,Ibadan,Bodija Outlet,Web Direct,Consumer Electronics,MacBook Pro 14 M3,2,1850000,0.0,3700000.0,2960000,740000.0,0,Fulfilled In-Store
NEX-103437,2025-06-11,Abuja,Maitama Galleria,Web Direct,Computing & Peripherals,Ergonomic Office Chair Pro,2,185000,0.05,351500.0,260000,91500.0,0,Delayed Transit
NEX-103438,2025-05-07,Kano,Bompai Trade Centre,In-Store Retail,Computing & Peripherals,Wireless Mechanical Keyboard,3,65000,0.05,185250.0,126000,59250.0,0,Delivered On-Time
NEX-103439,2025-07-21,Lagos,Lekki Mall Outlet,In-Store Retail,Home Appliances,Double Door Refrigerator 320L,1,520000,0.28,372506.11,410000,-37493.89,0,Delivered On-Time
NEX-103440,2025-06-25,Lagos,Lekki Mall Outlet,Corporate B2B,Consumer Electronics,Galaxy S24 Ultra 512GB,1,1250000,0.0,1250000.0,950000,300000.0,0,Delivered On-Time
NEX-103441,2025-06-26,Lagos,Ikeja Mega-Store,Corporate B2B,Consumer Electronics,Galaxy S24 Ultra 512GB,1,1250000,0.0,1250000.0,950000,300000.0,0,Delivered On-Time
NEX-103442,2025-07-07,Lagos,Ikeja Mega-Store,Corporate B2B,Home Appliances,Smart Inverter Washing Machine 8kg,1,345000,0.3,240277.58,270000,-29722.42,0,Fulfilled In-Store
NEX-103443,2025-06-10,Lagos,Ikeja Mega-Store,Web Direct,Consumer Electronics,iPhone 15 Pro Max 256GB,2,1450000,0.1,2610000.0,2300000,310000.0,0,Fulfilled In-Store
NEX-103444,2025-06-24,Lagos,Victoria Island Flagship,In-Store Retail,Home Appliances,Chest Freezer 200L,1,245000,0.0,245000.0,195000,50000.0,0,Delivered On-Time
NEX-103445,2025-07-10,Lagos,Surulere Hub,In-Store Retail,Computing & Peripherals,1TB NVMe Portable SSD,1,95000,0.0,95000.0,68000,27000.0,0,Delivered On-Time
NEX-103446,2025-06-16,Lagos,Ikeja Mega-Store,Web Direct,Home Appliances,Digital Microwave Oven 25L,3,115000,0.05,327750.0,255000,72750.0,0,Delivered On-Time
NEX-103447,2025-06-22,Lagos,Ikeja Mega-Store,In-Store Retail,Consumer Electronics,Sony WH-1000XM5 Headphones,1,285000,0.0,285000.0,195000,90000.0,0,Delivered On-Time
NEX-103448,2025-05-15,Port Harcourt,GRA Phase 2 Store,In-Store Retail,Computing & Peripherals,Wireless Mechanical Keyboard,1,65000,0.15,55250.0,42000,13250.0,1,Returned
NEX-103449,2025-06-16,Lagos,Ikeja Mega-Store,In-Store Retail,Consumer Electronics,Dell XPS 15 Laptop,2,1650000,0.15,2805000.0,2640000,165000.0,0,Delivered On-Time
NEX-103450,2025-07-10,Abuja,Maitama Galleria,In-Store Retail,Consumer Electronics,Sony WH-1000XM5 Headphones,1,285000,0.2,228000.0,195000,33000.0,0,Fulfilled In-Store
NEX-103451,2025-05-06,Lagos,Ikeja Mega-Store,Web Direct,Home Appliances,Smart Inverter Washing Machine 8kg,1,345000,0.0,345000.0,270000,75000.0,0,Delivered On-Time
NEX-103452,2025-06-20,Kano,Nasarawa Road Branch,In-Store Retail,Home Appliances,Inverter Split AC 1.5HP (AC-902),3,385000,0.2,924000.0,930000,-6000.0,0,Delivered On-Time
NEX-103453,2025-05-19,Lagos,Lekki Mall Outlet,In-Store Retail,Consumer Electronics,Sony WH-1000XM5 Headphones,1,285000,0.0,285000.0,195000,90000.0,0,Delivered On-Time
NEX-103454,2025-07-20,Kano,Nasarawa Road Branch,In-Store Retail,Computing & Peripherals,Ergonomic Office Chair Pro,1,185000,0.0,185000.0,130000,55000.0,0,Fulfilled In-Store
NEX-103455,2025-07-27,Kano,Bompai Trade Centre,In-Store Retail,Computing & Peripherals,27-inch 4K Gaming Monitor,1,310000,0.2,248000.0,235000,13000.0,0,Returned
NEX-103456,2025-05-11,Abuja,Central Business District Store,Corporate B2B,Home Appliances,Chest Freezer 200L,1,245000,0.0,245000.0,195000,50000.0,0,Fulfilled In-Store
NEX-103457,2025-05-25,Abuja,Central Business District Store,Corporate B2B,Consumer Electronics,Galaxy S24 Ultra 512GB,1,1250000,0.0,1250000.0,950000,300000.0,0,Delayed Transit
NEX-103458,2025-07-29,Lagos,Ikeja Mega-Store,Corporate B2B,Home Appliances,Smart Inverter Washing Machine 8kg,1,345000,0.29,246465.76,270000,-23534.24,0,Delivered On-Time
NEX-103459,2025-05-19,Kano,Nasarawa Road Branch,In-Store Retail,Home Appliances,Double Door Refrigerator 320L,1,520000,0.0,520000.0,410000,110000.0,0,Fulfilled In-Store
NEX-103460,2025-07-20,Kano,Bompai Trade Centre,Web Direct,Computing & Peripherals,27-inch 4K Gaming Monitor,1,310000,0.0,310000.0,235000,75000.0,0,Fulfilled In-Store
NEX-103461,2025-05-09,Lagos,Lekki Mall Outlet,Web Direct,Consumer Electronics,MacBook Pro 14 M3,1,1850000,0.05,1757500.0,1480000,277500.0,0,Delivered On-Time
NEX-103462,2025-06-16,Port Harcourt,GRA Phase 2 Store,Mobile App,Consumer Electronics,iPhone 15 Pro Max 256GB,1,1450000,0.05,1377500.0,1150000,227500.0,0,Delayed Transit
NEX-103463,2025-05-25,Abuja,Central Business District Store,In-Store Retail,Computing & Peripherals,Ergonomic Office Chair Pro,1,185000,0.1,166500.0,130000,36500.0,0,Delivered On-Time
NEX-103464,2025-06-27,Lagos,Victoria Island Flagship,In-Store Retail,Home Appliances,Inverter Split AC 1.5HP (AC-902),2,385000,0.1,693000.0,620000,73000.0,0,Delivered On-Time
NEX-103465,2025-05-24,Lagos,Victoria Island Flagship,Web Direct,Computing & Peripherals,Wireless Mechanical Keyboard,2,65000,0.15,110500.0,84000,26500.0,0,Delivered On-Time
NEX-103466,2025-06-30,Lagos,Lekki Mall Outlet,In-Store Retail,Consumer Electronics,Sony WH-1000XM5 Headphones,1,285000,0.0,285000.0,195000,90000.0,1,Returned
NEX-103467,2025-07-03,Ibadan,Ring Road Complex,Mobile App,Computing & Peripherals,Wireless Mechanical Keyboard,1,65000,0.1,58500.0,42000,16500.0,0,Delayed Transit
NEX-103468,2025-06-16,Kano,Nasarawa Road Branch,Corporate B2B,Computing & Peripherals,1TB NVMe Portable SSD,1,95000,0.1,85500.0,68000,17500.0,0,Delivered On-Time
NEX-103469,2025-06-18,Lagos,Surulere Hub,In-Store Retail,Computing & Peripherals,Ergonomic Office Chair Pro,2,185000,0.0,370000.0,260000,110000.0,0,Delayed Transit
NEX-103470,2025-07-20,Lagos,Lekki Mall Outlet,Corporate B2B,Computing & Peripherals,Ergonomic Office Chair Pro,1,185000,0.15,157250.0,130000,27250.0,0,Delivered On-Time
NEX-103471,2025-07-03,Kano,Bompai Trade Centre,Corporate B2B,Consumer Electronics,Dell XPS 15 Laptop,1,1650000,0.0,1650000.0,1320000,330000.0,1,Returned
NEX-103472,2025-07-22,Lagos,Victoria Island Flagship,Web Direct,Computing & Peripherals,Wireless Mechanical Keyboard,1,65000,0.05,61750.0,42000,19750.0,0,Delivered On-Time
NEX-103473,2025-05-17,Ibadan,Bodija Outlet,Corporate B2B,Consumer Electronics,Galaxy S24 Ultra 512GB,1,1250000,0.05,1187500.0,950000,237500.0,0,Delayed Transit
NEX-103474,2025-05-04,Ibadan,Ring Road Complex,In-Store Retail,Consumer Electronics,Dell XPS 15 Laptop,1,1650000,0.05,1567500.0,1320000,247500.0,0,Delivered On-Time
NEX-103475,2025-07-11,Lagos,Surulere Hub,In-Store Retail,Consumer Electronics,iPhone 15 Pro Max 256GB,1,1450000,0.0,1450000.0,1150000,300000.0,0,Delivered On-Time
NEX-103476,2025-07-25,Abuja,Wuse 2 Retail,In-Store Retail,Home Appliances,Digital Microwave Oven 25L,2,115000,0.0,230000.0,170000,60000.0,0,Delivered On-Time
NEX-103477,2025-07-29,Lagos,Victoria Island Flagship,Corporate B2B,Consumer Electronics,Galaxy S24 Ultra 512GB,1,1250000,0.0,1250000.0,950000,300000.0,0,Delayed Transit
NEX-103478,2025-06-21,Lagos,Ikeja Mega-Store,Mobile App,Home Appliances,Double Door Refrigerator 320L,1,520000,0.2,416000.0,410000,6000.0,0,Delayed Transit
NEX-103479,2025-07-12,Abuja,Wuse 2 Retail,Corporate B2B,Consumer Electronics,Galaxy S24 Ultra 512GB,1,1250000,0.1,1125000.0,950000,175000.0,0,Returned
NEX-103480,2025-06-17,Lagos,Surulere Hub,Corporate B2B,Computing & Peripherals,1TB NVMe Portable SSD,2,95000,0.05,180500.0,136000,44500.0,0,Delivered On-Time
NEX-103481,2025-06-15,Lagos,Surulere Hub,Web Direct,Computing & Peripherals,1TB NVMe Portable SSD,1,95000,0.05,90250.0,68000,22250.0,0,Delivered On-Time
NEX-103482,2025-05-17,Port Harcourt,Trans-Amadi Commercial,Web Direct,Home Appliances,Chest Freezer 200L,1,245000,0.2,196000.0,195000,1000.0,0,Delayed Transit
NEX-103483,2025-06-17,Kano,Bompai Trade Centre,Web Direct,Home Appliances,Double Door Refrigerator 320L,1,520000,0.0,520000.0,410000,110000.0,0,Delivered On-Time
NEX-103484,2025-05-16,Lagos,Victoria Island Flagship,Corporate B2B,Consumer Electronics,Dell XPS 15 Laptop,1,1650000,0.05,1567500.0,1320000,247500.0,0,Delivered On-Time
NEX-103485,2025-07-13,Lagos,Surulere Hub,Corporate B2B,Consumer Electronics,Dell XPS 15 Laptop,1,1650000,0.0,1650000.0,1320000,330000.0,0,Delivered On-Time
NEX-103486,2025-06-17,Lagos,Ikeja Mega-Store,In-Store Retail,Consumer Electronics,iPhone 15 Pro Max 256GB,2,1450000,0.05,2755000.0,2300000,455000.0,0,Delivered On-Time
NEX-103487,2025-06-20,Abuja,Wuse 2 Retail,Corporate B2B,Computing & Peripherals,Logitech MX Master 3S Mouse,1,75000,0.0,75000.0,52000,23000.0,0,Delivered On-Time
NEX-103488,2025-07-28,Lagos,Victoria Island Flagship,Web Direct,Home Appliances,Chest Freezer 200L,4,245000,0.31,680749.04,780000,-99250.96,0,Delivered On-Time
NEX-103489,2025-07-11,Lagos,Victoria Island Flagship,In-Store Retail,Home Appliances,Inverter Split AC 1.5HP (AC-902),1,385000,0.34,255232.46,310000,-54767.54,1,Returned
NEX-103490,2025-07-14,Lagos,Surulere Hub,Web Direct,Computing & Peripherals,Logitech MX Master 3S Mouse,1,75000,0.15,63750.0,52000,11750.0,0,Delivered On-Time
NEX-103491,2025-06-05,Abuja,Maitama Galleria,In-Store Retail,Computing & Peripherals,27-inch 4K Gaming Monitor,1,310000,0.2,248000.0,235000,13000.0,0,Delivered On-Time
NEX-103492,2025-07-01,Port Harcourt,GRA Phase 2 Store,In-Store Retail,Consumer Electronics,Galaxy S24 Ultra 512GB,3,1250000,0.05,3562500.0,2850000,712500.0,0,Delayed Transit
NEX-103493,2025-05-27,Lagos,Ikeja Mega-Store,In-Store Retail,Home Appliances,Digital Microwave Oven 25L,1,115000,0.15,97750.0,85000,12750.0,0,Returned
NEX-103494,2025-05-21,Lagos,Lekki Mall Outlet,Web Direct,Computing & Peripherals,Wireless Mechanical Keyboard,1,65000,0.1,58500.0,42000,16500.0,0,Delayed Transit
NEX-103495,2025-06-23,Lagos,Lekki Mall Outlet,In-Store Retail,Computing & Peripherals,27-inch 4K Gaming Monitor,1,310000,0.0,310000.0,235000,75000.0,0,Delivered On-Time
NEX-103496,2025-05-01,Port Harcourt,Trans-Amadi Commercial,In-Store Retail,Home Appliances,Chest Freezer 200L,2,245000,0.0,490000.0,390000,100000.0,0,Delayed Transit
NEX-103497,2025-06-04,Lagos,Ikeja Mega-Store,In-Store Retail,Computing & Peripherals,27-inch 4K Gaming Monitor,1,310000,0.0,310000.0,235000,75000.0,0,Delayed Transit
NEX-103498,2025-06-30,Lagos,Victoria Island Flagship,In-Store Retail,Computing & Peripherals,Wireless Mechanical Keyboard,1,65000,0.2,52000.0,42000,10000.0,0,Delivered On-Time
NEX-103499,2025-05-10,Abuja,Wuse 2 Retail,Web Direct,Computing & Peripherals,1TB NVMe Portable SSD,1,95000,0.0,95000.0,68000,27000.0,0,Fulfilled In-Store
NEX-103500,2025-07-20,Abuja,Maitama Galleria,In-Store Retail,Home Appliances,Double Door Refrigerator 320L,1,520000,0.1,468000.0,410000,58000.0,0,Delivered On-Time
NEX-103501,2025-05-12,Lagos,Surulere Hub,In-Store Retail,Consumer Electronics,MacBook Pro 14 M3,1,1850000,0.0,1850000.0,1480000,370000.0,0,Fulfilled In-Store
NEX-103502,2025-06-22,Lagos,Victoria Island Flagship,In-Store Retail,Home Appliances,Smart Inverter Washing Machine 8kg,3,345000,0.0,1035000.0,810000,225000.0,0,Delivered On-Time
NEX-103503,2025-05-23,Ibadan,Ring Road Complex,In-Store Retail,Home Appliances,Digital Microwave Oven 25L,1,115000,0.05,109250.0,85000,24250.0,0,Delivered On-Time
NEX-103504,2025-06-06,Lagos,Ikeja Mega-Store,Corporate B2B,Consumer Electronics,MacBook Pro 14 M3,1,1850000,0.0,1850000.0,1480000,370000.0,0,Fulfilled In-Store
NEX-103505,2025-07-19,Kano,Bompai Trade Centre,In-Store Retail,Consumer Electronics,Galaxy S24 Ultra 512GB,1,1250000,0.1,1125000.0,950000,175000.0,0,Delivered On-Time
NEX-103506,2025-05-10,Lagos,Lekki Mall Outlet,In-Store Retail,Consumer Electronics,MacBook Pro 14 M3,1,1850000,0.0,1850000.0,1480000,370000.0,0,Delivered On-Time
NEX-103507,2025-05-23,Lagos,Victoria Island Flagship,In-Store Retail,Computing & Peripherals,27-inch 4K Gaming Monitor,1,310000,0.0,310000.0,235000,75000.0,0,Delivered On-Time
NEX-103508,2025-07-17,Lagos,Lekki Mall Outlet,Web Direct,Consumer Electronics,Dell XPS 15 Laptop,2,1650000,0.15,2805000.0,2640000,165000.0,0,Delivered On-Time
NEX-103509,2025-07-26,Lagos,Surulere Hub,In-Store Retail,Consumer Electronics,iPhone 15 Pro Max 256GB,1,1450000,0.2,1160000.0,1150000,10000.0,0,Fulfilled In-Store
NEX-103510,2025-06-12,Kano,Bompai Trade Centre,Web Direct,Home Appliances,Chest Freezer 200L,1,245000,0.0,245000.0,195000,50000.0,0,Delivered On-Time
NEX-103511,2025-05-08,Port Harcourt,GRA Phase 2 Store,Web Direct,Home Appliances,Chest Freezer 200L,1,245000,0.0,245000.0,195000,50000.0,0,Delivered On-Time
NEX-103512,2025-07-27,Lagos,Lekki Mall Outlet,In-Store Retail,Computing & Peripherals,1TB NVMe Portable SSD,1,95000,0.0,95000.0,68000,27000.0,0,Delivered On-Time
NEX-103513,2025-05-11,Lagos,Lekki Mall Outlet,Web Direct,Home Appliances,Chest Freezer 200L,1,245000,0.05,232750.0,195000,37750.0,0,Delivered On-Time
NEX-103514,2025-06-11,Lagos,Ikeja Mega-Store,Corporate B2B,Computing & Peripherals,27-inch 4K Gaming Monitor,1,310000,0.0,310000.0,235000,75000.0,0,Delivered On-Time
NEX-103515,2025-07-04,Abuja,Wuse 2 Retail,In-Store Retail,Computing & Peripherals,1TB NVMe Portable SSD,1,95000,0.05,90250.0,68000,22250.0,0,Delayed Transit
NEX-103516,2025-07-09,Lagos,Victoria Island Flagship,In-Store Retail,Computing & Peripherals,27-inch 4K Gaming Monitor,1,310000,0.0,310000.0,235000,75000.0,0,Delivered On-Time
NEX-103517,2025-07-17,Ibadan,Bodija Outlet,In-Store Retail,Home Appliances,Chest Freezer 200L,1,245000,0.15,208250.0,195000,13250.0,0,Fulfilled In-Store
NEX-103518,2025-05-15,Abuja,Central Business District Store,Corporate B2B,Consumer Electronics,iPhone 15 Pro Max 256GB,1,1450000,0.0,1450000.0,1150000,300000.0,0,Delivered On-Time
NEX-103519,2025-06-21,Port Harcourt,GRA Phase 2 Store,Corporate B2B,Consumer Electronics,MacBook Pro 14 M3,1,1850000,0.0,1850000.0,1480000,370000.0,0,Delivered On-Time
NEX-103520,2025-05-17,Lagos,Lekki Mall Outlet,In-Store Retail,Home Appliances,Digital Microwave Oven 25L,2,115000,0.05,218500.0,170000,48500.0,0,Delivered On-Time
NEX-103521,2025-05-18,Lagos,Lekki Mall Outlet,In-Store Retail,Computing & Peripherals,Logitech MX Master 3S Mouse,1,75000,0.0,75000.0,52000,23000.0,0,Delivered On-Time
NEX-103522,2025-06-09,Port Harcourt,GRA Phase 2 Store,Web Direct,Computing & Peripherals,1TB NVMe Portable SSD,2,95000,0.05,180500.0,136000,44500.0,0,Fulfilled In-Store
NEX-103523,2025-07-30,Lagos,Surulere Hub,In-Store Retail,Computing & Peripherals,Logitech MX Master 3S Mouse,1,75000,0.0,75000.0,52000,23000.0,1,Returned
NEX-103524,2025-05-23,Port Harcourt,GRA Phase 2 Store,In-Store Retail,Consumer Electronics,Galaxy S24 Ultra 512GB,3,1250000,0.0,3750000.0,2850000,900000.0,0,Delayed Transit
NEX-103525,2025-07-16,Port Harcourt,Trans-Amadi Commercial,Mobile App,Consumer Electronics,MacBook Pro 14 M3,2,1850000,0.1,3330000.0,2960000,370000.0,0,Delivered On-Time
NEX-103526,2025-06-25,Lagos,Ikeja Mega-Store,In-Store Retail,Computing & Peripherals,1TB NVMe Portable SSD,1,95000,0.0,95000.0,68000,27000.0,0,Returned
NEX-103527,2025-06-25,Port Harcourt,GRA Phase 2 Store,Web Direct,Home Appliances,Double Door Refrigerator 320L,1,520000,0.05,494000.0,410000,84000.0,0,Delivered On-Time
NEX-103528,2025-07-05,Abuja,Maitama Galleria,Web Direct,Computing & Peripherals,Wireless Mechanical Keyboard,2,65000,0.05,123500.0,84000,39500.0,0,Delivered On-Time
NEX-103529,2025-07-01,Kano,Nasarawa Road Branch,In-Store Retail,Computing & Peripherals,Wireless Mechanical Keyboard,1,65000,0.15,55250.0,42000,13250.0,0,Delivered On-Time
NEX-103530,2025-07-06,Abuja,Maitama Galleria,Web Direct,Consumer Electronics,Galaxy S24 Ultra 512GB,2,1250000,0.05,2375000.0,1900000,475000.0,0,Delayed Transit
NEX-103531,2025-07-23,Lagos,Victoria Island Flagship,In-Store Retail,Home Appliances,Inverter Split AC 1.5HP (AC-902),1,385000,0.36,245818.81,310000,-64181.19,0,Returned
NEX-103532,2025-05-01,Abuja,Maitama Galleria,In-Store Retail,Computing & Peripherals,1TB NVMe Portable SSD,3,95000,0.15,242250.0,204000,38250.0,0,Delayed Transit
NEX-103533,2025-07-18,Abuja,Maitama Galleria,In-Store Retail,Home Appliances,Digital Microwave Oven 25L,1,115000,0.0,115000.0,85000,30000.0,0,Delivered On-Time
NEX-103534,2025-05-10,Lagos,Ikeja Mega-Store,Corporate B2B,Computing & Peripherals,Ergonomic Office Chair Pro,1,185000,0.1,166500.0,130000,36500.0,0,Delivered On-Time
NEX-103535,2025-06-15,Lagos,Victoria Island Flagship,In-Store Retail,Home Appliances,Chest Freezer 200L,1,245000,0.0,245000.0,195000,50000.0,0,Fulfilled In-Store
NEX-103536,2025-07-30,Lagos,Lekki Mall Outlet,Web Direct,Home Appliances,Smart Inverter Washing Machine 8kg,1,345000,0.32,234135.27,270000,-35864.73,0,Delivered On-Time
NEX-103537,2025-07-30,Kano,Nasarawa Road Branch,In-Store Retail,Home Appliances,Digital Microwave Oven 25L,1,115000,0.0,115000.0,85000,30000.0,0,Fulfilled In-Store
NEX-103538,2025-06-24,Lagos,Lekki Mall Outlet,Web Direct,Consumer Electronics,MacBook Pro 14 M3,2,1850000,0.0,3700000.0,2960000,740000.0,0,Delivered On-Time
NEX-103539,2025-05-19,Lagos,Lekki Mall Outlet,In-Store Retail,Computing & Peripherals,Logitech MX Master 3S Mouse,2,75000,0.1,135000.0,104000,31000.0,0,Returned
NEX-103540,2025-05-06,Ibadan,Ring Road Complex,Corporate B2B,Computing & Peripherals,Wireless Mechanical Keyboard,1,65000,0.1,58500.0,42000,16500.0,0,Delivered On-Time
NEX-103541,2025-06-26,Lagos,Victoria Island Flagship,In-Store Retail,Home Appliances,Digital Microwave Oven 25L,2,115000,0.15,195500.0,170000,25500.0,0,Delivered On-Time
NEX-103542,2025-05-16,Lagos,Victoria Island Flagship,In-Store Retail,Home Appliances,Chest Freezer 200L,1,245000,0.1,220500.0,195000,25500.0,0,Fulfilled In-Store
NEX-103543,2025-05-10,Lagos,Victoria Island Flagship,In-Store Retail,Consumer Electronics,Galaxy S24 Ultra 512GB,5,1250000,0.05,5937500.0,4750000,1187500.0,0,Delivered On-Time
NEX-103544,2025-06-25,Port Harcourt,Trans-Amadi Commercial,Corporate B2B,Computing & Peripherals,Ergonomic Office Chair Pro,1,185000,0.0,185000.0,130000,55000.0,0,Fulfilled In-Store
NEX-103545,2025-05-13,Abuja,Central Business District Store,In-Store Retail,Home Appliances,Smart Inverter Washing Machine 8kg,1,345000,0.0,345000.0,270000,75000.0,0,Delivered On-Time
NEX-103546,2025-05-06,Lagos,Victoria Island Flagship,In-Store Retail,Computing & Peripherals,Ergonomic Office Chair Pro,1,185000,0.0,185000.0,130000,55000.0,0,Delivered On-Time
NEX-103547,2025-06-24,Lagos,Surulere Hub,Web Direct,Computing & Peripherals,Wireless Mechanical Keyboard,1,65000,0.0,65000.0,42000,23000.0,0,Delivered On-Time
NEX-103548,2025-05-02,Lagos,Victoria Island Flagship,Mobile App,Home Appliances,Double Door Refrigerator 320L,1,520000,0.05,494000.0,410000,84000.0,0,Delayed Transit
NEX-103549,2025-06-09,Lagos,Ikeja Mega-Store,In-Store Retail,Home Appliances,Inverter Split AC 1.5HP (AC-902),2,385000,0.1,693000.0,620000,73000.0,0,Delivered On-Time
NEX-103550,2025-05-09,Lagos,Lekki Mall Outlet,In-Store Retail,Consumer Electronics,iPhone 15 Pro Max 256GB,1,1450000,0.0,1450000.0,1150000,300000.0,0,Delivered On-Time
NEX-103551,2025-05-18,Lagos,Surulere Hub,Corporate B2B,Consumer Electronics,iPhone 15 Pro Max 256GB,1,1450000,0.05,1377500.0,1150000,227500.0,0,Fulfilled In-Store
NEX-103552,2025-07-28,Abuja,Wuse 2 Retail,In-Store Retail,Home Appliances,Inverter Split AC 1.5HP (AC-902),2,385000,0.1,693000.0,620000,73000.0,0,Fulfilled In-Store
NEX-103553,2025-07-14,Abuja,Wuse 2 Retail,Web Direct,Home Appliances,Digital Microwave Oven 25L,1,115000,0.1,103500.0,85000,18500.0,0,Fulfilled In-Store
NEX-103554,2025-05-28,Abuja,Maitama Galleria,Web Direct,Consumer Electronics,iPhone 15 Pro Max 256GB,1,1450000,0.0,1450000.0,1150000,300000.0,0,Delivered On-Time
NEX-103555,2025-06-28,Abuja,Central Business District Store,In-Store Retail,Computing & Peripherals,Logitech MX Master 3S Mouse,1,75000,0.0,75000.0,52000,23000.0,0,Delivered On-Time
NEX-103556,2025-06-13,Port Harcourt,Trans-Amadi Commercial,Mobile App,Consumer Electronics,Sony WH-1000XM5 Headphones,2,285000,0.0,570000.0,390000,180000.0,0,Delivered On-Time
NEX-103557,2025-07-27,Lagos,Surulere Hub,Corporate B2B,Computing & Peripherals,27-inch 4K Gaming Monitor,1,310000,0.05,294500.0,235000,59500.0,0,Fulfilled In-Store
NEX-103558,2025-06-10,Abuja,Wuse 2 Retail,In-Store Retail,Computing & Peripherals,27-inch 4K Gaming Monitor,2,310000,0.05,589000.0,470000,119000.0,0,Delayed Transit
NEX-103559,2025-05-18,Lagos,Lekki Mall Outlet,Corporate B2B,Computing & Peripherals,Wireless Mechanical Keyboard,2,65000,0.05,123500.0,84000,39500.0,0,Delayed Transit
NEX-103560,2025-06-10,Lagos,Surulere Hub,In-Store Retail,Home Appliances,Digital Microwave Oven 25L,3,115000,0.0,345000.0,255000,90000.0,0,Delayed Transit
NEX-103561,2025-07-21,Lagos,Lekki Mall Outlet,In-Store Retail,Computing & Peripherals,Ergonomic Office Chair Pro,1,185000,0.05,175750.0,130000,45750.0,0,Delayed Transit
NEX-103562,2025-06-14,Port Harcourt,GRA Phase 2 Store,Web Direct,Home Appliances,Smart Inverter Washing Machine 8kg,3,345000,0.1,931500.0,810000,121500.0,0,Fulfilled In-Store
NEX-103563,2025-07-06,Port Harcourt,Trans-Amadi Commercial,In-Store Retail,Computing & Peripherals,1TB NVMe Portable SSD,2,95000,0.05,180500.0,136000,44500.0,0,Fulfilled In-Store
NEX-103564,2025-05-22,Abuja,Wuse 2 Retail,In-Store Retail,Consumer Electronics,Galaxy S24 Ultra 512GB,2,1250000,0.05,2375000.0,1900000,475000.0,0,Delayed Transit
NEX-103565,2025-06-05,Lagos,Lekki Mall Outlet,In-Store Retail,Consumer Electronics,Galaxy S24 Ultra 512GB,2,1250000,0.0,2500000.0,1900000,600000.0,0,Delivered On-Time
NEX-103566,2025-07-25,Abuja,Wuse 2 Retail,In-Store Retail,Home Appliances,Inverter Split AC 1.5HP (AC-902),3,385000,0.0,1155000.0,930000,225000.0,0,Delivered On-Time
NEX-103567,2025-06-24,Lagos,Ikeja Mega-Store,Web Direct,Home Appliances,Smart Inverter Washing Machine 8kg,1,345000,0.0,345000.0,270000,75000.0,0,Delivered On-Time
NEX-103568,2025-07-03,Lagos,Lekki Mall Outlet,Web Direct,Home Appliances,Digital Microwave Oven 25L,1,115000,0.36,73540.15,85000,-11459.85,0,Delivered On-Time
NEX-103569,2025-06-29,Port Harcourt,GRA Phase 2 Store,In-Store Retail,Home Appliances,Digital Microwave Oven 25L,2,115000,0.05,218500.0,170000,48500.0,0,Delivered On-Time
NEX-103570,2025-05-04,Abuja,Central Business District Store,In-Store Retail,Home Appliances,Digital Microwave Oven 25L,2,115000,0.05,218500.0,170000,48500.0,0,Delivered On-Time
NEX-103571,2025-06-02,Abuja,Wuse 2 Retail,In-Store Retail,Consumer Electronics,Galaxy S24 Ultra 512GB,1,1250000,0.2,1000000.0,950000,50000.0,0,Delivered On-Time
NEX-103572,2025-06-29,Lagos,Victoria Island Flagship,In-Store Retail,Computing & Peripherals,Wireless Mechanical Keyboard,1,65000,0.0,65000.0,42000,23000.0,0,Delivered On-Time
NEX-103573,2025-07-27,Lagos,Ikeja Mega-Store,Web Direct,Home Appliances,Double Door Refrigerator 320L,1,520000,0.29,370045.63,410000,-39954.37,0,Delivered On-Time
NEX-103574,2025-06-18,Port Harcourt,GRA Phase 2 Store,Web Direct,Consumer Electronics,iPhone 15 Pro Max 256GB,1,1450000,0.05,1377500.0,1150000,227500.0,0,Delivered On-Time
NEX-103575,2025-05-03,Lagos,Victoria Island Flagship,Mobile App,Home Appliances,Smart Inverter Washing Machine 8kg,1,345000,0.1,310500.0,270000,40500.0,0,Delivered On-Time
NEX-103576,2025-07-27,Abuja,Central Business District Store,Mobile App,Computing & Peripherals,Ergonomic Office Chair Pro,1,185000,0.0,185000.0,130000,55000.0,0,Delayed Transit
NEX-103577,2025-05-20,Lagos,Ikeja Mega-Store,Corporate B2B,Home Appliances,Inverter Split AC 1.5HP (AC-902),1,385000,0.0,385000.0,310000,75000.0,0,Fulfilled In-Store
NEX-103578,2025-07-21,Lagos,Surulere Hub,In-Store Retail,Consumer Electronics,iPhone 15 Pro Max 256GB,2,1450000,0.05,2755000.0,2300000,455000.0,0,Fulfilled In-Store
NEX-103579,2025-06-16,Kano,Nasarawa Road Branch,In-Store Retail,Computing & Peripherals,Ergonomic Office Chair Pro,1,185000,0.05,175750.0,130000,45750.0,0,Fulfilled In-Store
NEX-103580,2025-07-23,Ibadan,Ring Road Complex,Web Direct,Home Appliances,Double Door Refrigerator 320L,1,520000,0.05,494000.0,410000,84000.0,0,Delivered On-Time
NEX-103581,2025-05-16,Port Harcourt,GRA Phase 2 Store,Mobile App,Home Appliances,Chest Freezer 200L,1,245000,0.05,232750.0,195000,37750.0,0,Delivered On-Time
NEX-103582,2025-07-29,Lagos,Lekki Mall Outlet,Corporate B2B,Home Appliances,Smart Inverter Washing Machine 8kg,1,345000,0.36,222069.99,270000,-47930.01,0,Delivered On-Time
NEX-103583,2025-05-20,Lagos,Victoria Island Flagship,Web Direct,Computing & Peripherals,Ergonomic Office Chair Pro,1,185000,0.0,185000.0,130000,55000.0,0,Delivered On-Time
NEX-103584,2025-07-24,Lagos,Ikeja Mega-Store,In-Store Retail,Consumer Electronics,iPhone 15 Pro Max 256GB,1,1450000,0.05,1377500.0,1150000,227500.0,0,Fulfilled In-Store
NEX-103585,2025-07-05,Lagos,Victoria Island Flagship,Mobile App,Computing & Peripherals,Ergonomic Office Chair Pro,2,185000,0.0,370000.0,260000,110000.0,0,Delivered On-Time
NEX-103586,2025-07-03,Lagos,Surulere Hub,Web Direct,Computing & Peripherals,27-inch 4K Gaming Monitor,1,310000,0.15,263500.0,235000,28500.0,0,Delivered On-Time
NEX-103587,2025-05-28,Lagos,Lekki Mall Outlet,Mobile App,Home Appliances,Double Door Refrigerator 320L,1,520000,0.1,468000.0,410000,58000.0,0,Delivered On-Time
NEX-103588,2025-06-06,Port Harcourt,Trans-Amadi Commercial,Web Direct,Home Appliances,Chest Freezer 200L,1,245000,0.0,245000.0,195000,50000.0,0,Delivered On-Time
NEX-103589,2025-06-25,Lagos,Victoria Island Flagship,In-Store Retail,Computing & Peripherals,Logitech MX Master 3S Mouse,1,75000,0.1,67500.0,52000,15500.0,0,Fulfilled In-Store
NEX-103590,2025-05-27,Abuja,Wuse 2 Retail,In-Store Retail,Computing & Peripherals,Ergonomic Office Chair Pro,3,185000,0.15,471750.0,390000,81750.0,0,Delivered On-Time
NEX-103591,2025-07-14,Lagos,Ikeja Mega-Store,In-Store Retail,Home Appliances,Inverter Split AC 1.5HP (AC-902),1,385000,0.37,244101.24,310000,-65898.76,0,Returned
NEX-103592,2025-05-26,Abuja,Central Business District Store,In-Store Retail,Home Appliances,Inverter Split AC 1.5HP (AC-902),1,385000,0.2,308000.0,310000,-2000.0,0,Fulfilled In-Store
NEX-103593,2025-05-19,Port Harcourt,Trans-Amadi Commercial,In-Store Retail,Home Appliances,Chest Freezer 200L,1,245000,0.2,196000.0,195000,1000.0,0,Fulfilled In-Store
NEX-103594,2025-05-14,Port Harcourt,Trans-Amadi Commercial,In-Store Retail,Computing & Peripherals,Logitech MX Master 3S Mouse,2,75000,0.0,150000.0,104000,46000.0,0,Delayed Transit
NEX-103595,2025-05-30,Port Harcourt,Trans-Amadi Commercial,In-Store Retail,Computing & Peripherals,1TB NVMe Portable SSD,1,95000,0.05,90250.0,68000,22250.0,0,Fulfilled In-Store
NEX-103596,2025-06-28,Abuja,Maitama Galleria,In-Store Retail,Consumer Electronics,Sony WH-1000XM5 Headphones,1,285000,0.15,242250.0,195000,47250.0,0,Delivered On-Time
NEX-103597,2025-06-23,Port Harcourt,Trans-Amadi Commercial,Mobile App,Home Appliances,Chest Freezer 200L,1,245000,0.15,208250.0,195000,13250.0,0,Delivered On-Time
NEX-103598,2025-06-28,Port Harcourt,GRA Phase 2 Store,In-Store Retail,Computing & Peripherals,Wireless Mechanical Keyboard,2,65000,0.05,123500.0,84000,39500.0,0,Delayed Transit
NEX-103599,2025-07-24,Port Harcourt,Trans-Amadi Commercial,Web Direct,Computing & Peripherals,Wireless Mechanical Keyboard,1,65000,0.0,65000.0,42000,23000.0,0,Fulfilled In-Store
NEX-103600,2025-05-21,Lagos,Victoria Island Flagship,In-Store Retail,Computing & Peripherals,Wireless Mechanical Keyboard,1,65000,0.0,65000.0,42000,23000.0,0,Fulfilled In-Store
NEX-103601,2025-07-30,Lagos,Lekki Mall Outlet,Mobile App,Home Appliances,Digital Microwave Oven 25L,1,115000,0.32,78584.29,85000,-6415.71,0,Delivered On-Time
NEX-103602,2025-05-30,Abuja,Central Business District Store,Mobile App,Home Appliances,Inverter Split AC 1.5HP (AC-902),3,385000,0.1,1039500.0,930000,109500.0,0,Delivered On-Time
NEX-103603,2025-07-17,Lagos,Surulere Hub,Corporate B2B,Home Appliances,Smart Inverter Washing Machine 8kg,1,345000,0.3,242545.07,270000,-27454.93,0,Delivered On-Time
NEX-103604,2025-07-31,Ibadan,Bodija Outlet,Corporate B2B,Home Appliances,Digital Microwave Oven 25L,1,115000,0.0,115000.0,85000,30000.0,0,Delivered On-Time
NEX-103605,2025-07-29,Lagos,Victoria Island Flagship,Corporate B2B,Home Appliances,Double Door Refrigerator 320L,2,520000,0.29,734947.84,820000,-85052.16,0,Returned
NEX-103606,2025-07-17,Lagos,Victoria Island Flagship,In-Store Retail,Home Appliances,Inverter Split AC 1.5HP (AC-902),1,385000,0.29,271888.79,310000,-38111.21,1,Returned
NEX-103607,2025-05-22,Lagos,Victoria Island Flagship,Corporate B2B,Computing & Peripherals,Ergonomic Office Chair Pro,4,185000,0.05,703000.0,520000,183000.0,0,Fulfilled In-Store
NEX-103608,2025-07-25,Port Harcourt,Trans-Amadi Commercial,In-Store Retail,Home Appliances,Inverter Split AC 1.5HP (AC-902),1,385000,0.0,385000.0,310000,75000.0,0,Returned
NEX-103609,2025-06-15,Lagos,Victoria Island Flagship,In-Store Retail,Home Appliances,Double Door Refrigerator 320L,1,520000,0.1,468000.0,410000,58000.0,0,Delivered On-Time
NEX-103610,2025-07-19,Lagos,Victoria Island Flagship,In-Store Retail,Consumer Electronics,Galaxy S24 Ultra 512GB,5,1250000,0.05,5937500.0,4750000,1187500.0,0,Fulfilled In-Store
NEX-103611,2025-06-05,Ibadan,Bodija Outlet,Web Direct,Consumer Electronics,iPhone 15 Pro Max 256GB,1,1450000,0.05,1377500.0,1150000,227500.0,0,Delivered On-Time
NEX-103612,2025-07-21,Port Harcourt,GRA Phase 2 Store,Web Direct,Home Appliances,Chest Freezer 200L,2,245000,0.0,490000.0,390000,100000.0,0,Delivered On-Time
NEX-103613,2025-05-04,Abuja,Wuse 2 Retail,In-Store Retail,Consumer Electronics,Galaxy S24 Ultra 512GB,1,1250000,0.1,1125000.0,950000,175000.0,0,Delivered On-Time
NEX-103614,2025-06-01,Abuja,Wuse 2 Retail,Web Direct,Computing & Peripherals,Logitech MX Master 3S Mouse,2,75000,0.0,150000.0,104000,46000.0,0,Fulfilled In-Store
NEX-103615,2025-07-19,Kano,Bompai Trade Centre,Mobile App,Consumer Electronics,Sony WH-1000XM5 Headphones,1,285000,0.1,256500.0,195000,61500.0,1,Returned
NEX-103616,2025-05-02,Port Harcourt,GRA Phase 2 Store,Corporate B2B,Consumer Electronics,Dell XPS 15 Laptop,1,1650000,0.0,1650000.0,1320000,330000.0,0,Delivered On-Time
NEX-103617,2025-06-05,Lagos,Victoria Island Flagship,Mobile App,Consumer Electronics,Sony WH-1000XM5 Headphones,1,285000,0.05,270750.0,195000,75750.0,0,Delivered On-Time
NEX-103618,2025-07-29,Port Harcourt,Trans-Amadi Commercial,In-Store Retail,Computing & Peripherals,Ergonomic Office Chair Pro,3,185000,0.0,555000.0,390000,165000.0,0,Fulfilled In-Store
NEX-103619,2025-06-08,Lagos,Lekki Mall Outlet,Web Direct,Home Appliances,Double Door Refrigerator 320L,3,520000,0.0,1560000.0,1230000,330000.0,0,Delayed Transit
NEX-103620,2025-05-17,Lagos,Surulere Hub,Mobile App,Consumer Electronics,Dell XPS 15 Laptop,3,1650000,0.0,4950000.0,3960000,990000.0,0,Delivered On-Time
NEX-103621,2025-05-29,Abuja,Maitama Galleria,Corporate B2B,Home Appliances,Inverter Split AC 1.5HP (AC-902),1,385000,0.05,365750.0,310000,55750.0,0,Delivered On-Time
NEX-103622,2025-07-02,Kano,Bompai Trade Centre,Web Direct,Home Appliances,Chest Freezer 200L,2,245000,0.15,416500.0,390000,26500.0,0,Delivered On-Time
NEX-103623,2025-07-31,Port Harcourt,Trans-Amadi Commercial,In-Store Retail,Consumer Electronics,Sony WH-1000XM5 Headphones,1,285000,0.05,270750.0,195000,75750.0,0,Delayed Transit
NEX-103624,2025-07-12,Abuja,Wuse 2 Retail,Corporate B2B,Home Appliances,Chest Freezer 200L,1,245000,0.0,245000.0,195000,50000.0,0,Fulfilled In-Store
NEX-103625,2025-05-07,Lagos,Surulere Hub,In-Store Retail,Consumer Electronics,Sony WH-1000XM5 Headphones,1,285000,0.0,285000.0,195000,90000.0,0,Delivered On-Time
NEX-103626,2025-07-14,Abuja,Wuse 2 Retail,Corporate B2B,Consumer Electronics,Sony WH-1000XM5 Headphones,1,285000,0.0,285000.0,195000,90000.0,0,Delivered On-Time
NEX-103627,2025-05-15,Lagos,Lekki Mall Outlet,In-Store Retail,Computing & Peripherals,1TB NVMe Portable SSD,1,95000,0.0,95000.0,68000,27000.0,0,Returned
NEX-103628,2025-06-26,Abuja,Maitama Galleria,In-Store Retail,Home Appliances,Inverter Split AC 1.5HP (AC-902),1,385000,0.05,365750.0,310000,55750.0,0,Delivered On-Time
NEX-103629,2025-07-05,Port Harcourt,Trans-Amadi Commercial,In-Store Retail,Computing & Peripherals,Wireless Mechanical Keyboard,5,65000,0.15,276250.0,210000,66250.0,0,Delivered On-Time
NEX-103630,2025-05-07,Port Harcourt,GRA Phase 2 Store,Web Direct,Computing & Peripherals,Wireless Mechanical Keyboard,1,65000,0.0,65000.0,42000,23000.0,0,Delivered On-Time
NEX-103631,2025-05-19,Lagos,Surulere Hub,Mobile App,Consumer Electronics,iPhone 15 Pro Max 256GB,2,1450000,0.0,2900000.0,2300000,600000.0,0,Delivered On-Time
NEX-103632,2025-07-24,Abuja,Wuse 2 Retail,In-Store Retail,Computing & Peripherals,27-inch 4K Gaming Monitor,1,310000,0.0,310000.0,235000,75000.0,0,Delivered On-Time
NEX-103633,2025-06-19,Lagos,Ikeja Mega-Store,Web Direct,Computing & Peripherals,27-inch 4K Gaming Monitor,2,310000,0.0,620000.0,470000,150000.0,0,Delivered On-Time
NEX-103634,2025-06-22,Abuja,Central Business District Store,Web Direct,Consumer Electronics,Galaxy S24 Ultra 512GB,1,1250000,0.15,1062500.0,950000,112500.0,0,Fulfilled In-Store
NEX-103635,2025-06-01,Port Harcourt,Trans-Amadi Commercial,In-Store Retail,Consumer Electronics,iPhone 15 Pro Max 256GB,1,1450000,0.0,1450000.0,1150000,300000.0,0,Delivered On-Time
NEX-103636,2025-07-18,Kano,Bompai Trade Centre,Corporate B2B,Home Appliances,Inverter Split AC 1.5HP (AC-902),2,385000,0.1,693000.0,620000,73000.0,0,Delivered On-Time
NEX-103637,2025-06-04,Ibadan,Ring Road Complex,Corporate B2B,Consumer Electronics,iPhone 15 Pro Max 256GB,2,1450000,0.0,2900000.0,2300000,600000.0,0,Delivered On-Time
NEX-103638,2025-07-15,Lagos,Surulere Hub,Mobile App,Home Appliances,Double Door Refrigerator 320L,1,520000,0.32,351640.49,410000,-58359.51,0,Delayed Transit
NEX-103639,2025-06-18,Lagos,Surulere Hub,In-Store Retail,Consumer Electronics,MacBook Pro 14 M3,3,1850000,0.1,4995000.0,4440000,555000.0,0,Fulfilled In-Store
NEX-103640,2025-06-11,Lagos,Lekki Mall Outlet,Corporate B2B,Home Appliances,Digital Microwave Oven 25L,1,115000,0.0,115000.0,85000,30000.0,0,Delayed Transit
NEX-103641,2025-06-09,Lagos,Victoria Island Flagship,In-Store Retail,Home Appliances,Double Door Refrigerator 320L,1,520000,0.0,520000.0,410000,110000.0,0,Delayed Transit
NEX-103642,2025-07-04,Abuja,Maitama Galleria,In-Store Retail,Home Appliances,Chest Freezer 200L,1,245000,0.05,232750.0,195000,37750.0,0,Delayed Transit
NEX-103643,2025-07-13,Kano,Nasarawa Road Branch,In-Store Retail,Computing & Peripherals,27-inch 4K Gaming Monitor,1,310000,0.05,294500.0,235000,59500.0,0,Fulfilled In-Store
NEX-103644,2025-05-18,Abuja,Central Business District Store,In-Store Retail,Home Appliances,Chest Freezer 200L,1,245000,0.1,220500.0,195000,25500.0,0,Fulfilled In-Store
NEX-103645,2025-07-01,Lagos,Lekki Mall Outlet,In-Store Retail,Home Appliances,Digital Microwave Oven 25L,1,115000,0.31,79387.94,85000,-5612.06,0,Delivered On-Time
NEX-103646,2025-05-30,Abuja,Central Business District Store,In-Store Retail,Computing & Peripherals,Ergonomic Office Chair Pro,1,185000,0.05,175750.0,130000,45750.0,0,Fulfilled In-Store
NEX-103647,2025-07-25,Ibadan,Bodija Outlet,Mobile App,Home Appliances,Digital Microwave Oven 25L,1,115000,0.15,97750.0,85000,12750.0,0,Delivered On-Time
NEX-103648,2025-07-11,Lagos,Ikeja Mega-Store,Web Direct,Computing & Peripherals,Ergonomic Office Chair Pro,2,185000,0.0,370000.0,260000,110000.0,0,Delivered On-Time
NEX-103649,2025-06-11,Kano,Nasarawa Road Branch,In-Store Retail,Consumer Electronics,MacBook Pro 14 M3,1,1850000,0.05,1757500.0,1480000,277500.0,0,Delivered On-Time
NEX-103650,2025-07-11,Abuja,Central Business District Store,In-Store Retail,Home Appliances,Smart Inverter Washing Machine 8kg,1,345000,0.0,345000.0,270000,75000.0,0,Delayed Transit
NEX-103651,2025-06-16,Abuja,Maitama Galleria,Corporate B2B,Consumer Electronics,Dell XPS 15 Laptop,2,1650000,0.05,3135000.0,2640000,495000.0,0,Delayed Transit
NEX-103652,2025-06-25,Port Harcourt,Trans-Amadi Commercial,In-Store Retail,Home Appliances,Digital Microwave Oven 25L,1,115000,0.0,115000.0,85000,30000.0,0,Delivered On-Time
NEX-103653,2025-05-05,Lagos,Ikeja Mega-Store,In-Store Retail,Consumer Electronics,iPhone 15 Pro Max 256GB,1,1450000,0.05,1377500.0,1150000,227500.0,0,Fulfilled In-Store
NEX-103654,2025-05-31,Lagos,Ikeja Mega-Store,Corporate B2B,Consumer Electronics,Galaxy S24 Ultra 512GB,2,1250000,0.05,2375000.0,1900000,475000.0,0,Delivered On-Time
NEX-103655,2025-06-02,Abuja,Maitama Galleria,In-Store Retail,Home Appliances,Smart Inverter Washing Machine 8kg,1,345000,0.05,327750.0,270000,57750.0,0,Delivered On-Time
NEX-103656,2025-05-14,Lagos,Lekki Mall Outlet,In-Store Retail,Computing & Peripherals,Logitech MX Master 3S Mouse,3,75000,0.0,225000.0,156000,69000.0,0,Delivered On-Time
NEX-103657,2025-06-10,Lagos,Surulere Hub,Mobile App,Computing & Peripherals,Wireless Mechanical Keyboard,1,65000,0.05,61750.0,42000,19750.0,0,Delayed Transit
NEX-103658,2025-06-12,Lagos,Surulere Hub,Mobile App,Computing & Peripherals,Logitech MX Master 3S Mouse,4,75000,0.0,300000.0,208000,92000.0,0,Fulfilled In-Store
NEX-103659,2025-07-09,Port Harcourt,Trans-Amadi Commercial,Web Direct,Computing & Peripherals,1TB NVMe Portable SSD,1,95000,0.0,95000.0,68000,27000.0,0,Delivered On-Time
NEX-103660,2025-05-19,Lagos,Surulere Hub,Mobile App,Computing & Peripherals,27-inch 4K Gaming Monitor,1,310000,0.1,279000.0,235000,44000.0,0,Fulfilled In-Store
NEX-103661,2025-06-25,Lagos,Surulere Hub,Mobile App,Home Appliances,Digital Microwave Oven 25L,1,115000,0.15,97750.0,85000,12750.0,0,Delivered On-Time
NEX-103662,2025-07-27,Ibadan,Bodija Outlet,In-Store Retail,Computing & Peripherals,Ergonomic Office Chair Pro,2,185000,0.05,351500.0,260000,91500.0,0,Delivered On-Time
NEX-103663,2025-07-01,Abuja,Wuse 2 Retail,Corporate B2B,Consumer Electronics,Galaxy S24 Ultra 512GB,2,1250000,0.0,2500000.0,1900000,600000.0,0,Fulfilled In-Store
NEX-103664,2025-07-03,Port Harcourt,GRA Phase 2 Store,Web Direct,Computing & Peripherals,Ergonomic Office Chair Pro,2,185000,0.1,333000.0,260000,73000.0,0,Fulfilled In-Store
NEX-103665,2025-05-25,Abuja,Wuse 2 Retail,In-Store Retail,Consumer Electronics,iPhone 15 Pro Max 256GB,1,1450000,0.15,1232500.0,1150000,82500.0,0,Delivered On-Time
NEX-103666,2025-05-06,Abuja,Maitama Galleria,Web Direct,Home Appliances,Double Door Refrigerator 320L,2,520000,0.1,936000.0,820000,116000.0,0,Delivered On-Time
NEX-103667,2025-05-24,Lagos,Ikeja Mega-Store,In-Store Retail,Home Appliances,Digital Microwave Oven 25L,1,115000,0.1,103500.0,85000,18500.0,0,Returned
NEX-103668,2025-06-15,Lagos,Victoria Island Flagship,In-Store Retail,Computing & Peripherals,Wireless Mechanical Keyboard,1,65000,0.0,65000.0,42000,23000.0,0,Delivered On-Time
NEX-103669,2025-06-05,Lagos,Ikeja Mega-Store,Web Direct,Home Appliances,Smart Inverter Washing Machine 8kg,3,345000,0.05,983250.0,810000,173250.0,0,Delivered On-Time
NEX-103670,2025-07-26,Lagos,Victoria Island Flagship,In-Store Retail,Home Appliances,Chest Freezer 200L,1,245000,0.36,157950.92,195000,-37049.08,0,Delivered On-Time
NEX-103671,2025-06-17,Lagos,Victoria Island Flagship,Web Direct,Consumer Electronics,iPhone 15 Pro Max 256GB,1,1450000,0.15,1232500.0,1150000,82500.0,0,Fulfilled In-Store
NEX-103672,2025-07-17,Port Harcourt,GRA Phase 2 Store,In-Store Retail,Home Appliances,Inverter Split AC 1.5HP (AC-902),1,385000,0.1,346500.0,310000,36500.0,1,Returned
NEX-103673,2025-05-02,Abuja,Central Business District Store,Web Direct,Consumer Electronics,iPhone 15 Pro Max 256GB,1,1450000,0.1,1305000.0,1150000,155000.0,0,Fulfilled In-Store
NEX-103674,2025-07-02,Abuja,Wuse 2 Retail,In-Store Retail,Home Appliances,Smart Inverter Washing Machine 8kg,1,345000,0.0,345000.0,270000,75000.0,0,Delivered On-Time
NEX-103675,2025-06-15,Abuja,Central Business District Store,In-Store Retail,Home Appliances,Chest Freezer 200L,3,245000,0.0,735000.0,585000,150000.0,0,Delivered On-Time
NEX-103676,2025-06-19,Lagos,Ikeja Mega-Store,In-Store Retail,Computing & Peripherals,Wireless Mechanical Keyboard,1,65000,0.1,58500.0,42000,16500.0,0,Fulfilled In-Store
NEX-103677,2025-07-17,Lagos,Surulere Hub,Web Direct,Consumer Electronics,Galaxy S24 Ultra 512GB,1,1250000,0.15,1062500.0,950000,112500.0,0,Fulfilled In-Store
NEX-103678,2025-05-29,Abuja,Wuse 2 Retail,In-Store Retail,Consumer Electronics,Sony WH-1000XM5 Headphones,1,285000,0.1,256500.0,195000,61500.0,0,Delayed Transit
NEX-103679,2025-06-12,Abuja,Maitama Galleria,Corporate B2B,Home Appliances,Double Door Refrigerator 320L,1,520000,0.15,442000.0,410000,32000.0,0,Fulfilled In-Store
NEX-103680,2025-07-17,Kano,Nasarawa Road Branch,In-Store Retail,Consumer Electronics,Dell XPS 15 Laptop,1,1650000,0.2,1320000.0,1320000,0.0,0,Delivered On-Time
NEX-103681,2025-07-29,Port Harcourt,Trans-Amadi Commercial,In-Store Retail,Consumer Electronics,MacBook Pro 14 M3,2,1850000,0.0,3700000.0,2960000,740000.0,0,Delivered On-Time
NEX-103682,2025-07-26,Lagos,Victoria Island Flagship,In-Store Retail,Computing & Peripherals,Logitech MX Master 3S Mouse,2,75000,0.1,135000.0,104000,31000.0,0,Delivered On-Time
NEX-103683,2025-05-01,Port Harcourt,Trans-Amadi Commercial,In-Store Retail,Home Appliances,Double Door Refrigerator 320L,1,520000,0.0,520000.0,410000,110000.0,0,Delivered On-Time
NEX-103684,2025-07-12,Port Harcourt,Trans-Amadi Commercial,Web Direct,Home Appliances,Double Door Refrigerator 320L,1,520000,0.1,468000.0,410000,58000.0,0,Delivered On-Time
NEX-103685,2025-05-08,Abuja,Central Business District Store,In-Store Retail,Home Appliances,Digital Microwave Oven 25L,2,115000,0.0,230000.0,170000,60000.0,0,Delivered On-Time
NEX-103686,2025-07-20,Abuja,Maitama Galleria,Mobile App,Home Appliances,Digital Microwave Oven 25L,1,115000,0.05,109250.0,85000,24250.0,0,Delivered On-Time
NEX-103687,2025-06-17,Lagos,Ikeja Mega-Store,In-Store Retail,Consumer Electronics,Galaxy S24 Ultra 512GB,1,1250000,0.0,1250000.0,950000,300000.0,0,Delivered On-Time
NEX-103688,2025-06-24,Abuja,Maitama Galleria,Mobile App,Home Appliances,Smart Inverter Washing Machine 8kg,1,345000,0.05,327750.0,270000,57750.0,0,Delivered On-Time
NEX-103689,2025-07-24,Lagos,Surulere Hub,Web Direct,Consumer Electronics,MacBook Pro 14 M3,1,1850000,0.0,1850000.0,1480000,370000.0,0,Delivered On-Time
NEX-103690,2025-06-06,Port Harcourt,Trans-Amadi Commercial,Web Direct,Computing & Peripherals,Logitech MX Master 3S Mouse,2,75000,0.05,142500.0,104000,38500.0,0,Fulfilled In-Store
NEX-103691,2025-06-12,Lagos,Surulere Hub,Web Direct,Home Appliances,Inverter Split AC 1.5HP (AC-902),1,385000,0.05,365750.0,310000,55750.0,0,Returned
NEX-103692,2025-05-09,Port Harcourt,Trans-Amadi Commercial,In-Store Retail,Computing & Peripherals,Logitech MX Master 3S Mouse,1,75000,0.05,71250.0,52000,19250.0,0,Fulfilled In-Store
NEX-103693,2025-06-16,Kano,Bompai Trade Centre,In-Store Retail,Home Appliances,Inverter Split AC 1.5HP (AC-902),1,385000,0.15,327250.0,310000,17250.0,0,Fulfilled In-Store
NEX-103694,2025-05-30,Port Harcourt,Trans-Amadi Commercial,Web Direct,Consumer Electronics,iPhone 15 Pro Max 256GB,1,1450000,0.0,1450000.0,1150000,300000.0,0,Delivered On-Time
NEX-103695,2025-05-18,Lagos,Victoria Island Flagship,In-Store Retail,Consumer Electronics,MacBook Pro 14 M3,1,1850000,0.0,1850000.0,1480000,370000.0,0,Fulfilled In-Store
NEX-103696,2025-07-21,Lagos,Victoria Island Flagship,In-Store Retail,Consumer Electronics,iPhone 15 Pro Max 256GB,1,1450000,0.0,1450000.0,1150000,300000.0,0,Delivered On-Time
NEX-103697,2025-06-24,Lagos,Ikeja Mega-Store,In-Store Retail,Home Appliances,Inverter Split AC 1.5HP (AC-902),1,385000,0.0,385000.0,310000,75000.0,0,Delivered On-Time
NEX-103698,2025-07-11,Lagos,Ikeja Mega-Store,Web Direct,Consumer Electronics,MacBook Pro 14 M3,1,1850000,0.0,1850000.0,1480000,370000.0,0,Delayed Transit
NEX-103699,2025-07-17,Lagos,Lekki Mall Outlet,In-Store Retail,Computing & Peripherals,Ergonomic Office Chair Pro,1,185000,0.15,157250.0,130000,27250.0,0,Delivered On-Time
NEX-103700,2025-06-25,Abuja,Wuse 2 Retail,Web Direct,Home Appliances,Double Door Refrigerator 320L,1,520000,0.15,442000.0,410000,32000.0,0,Fulfilled In-Store
NEX-103701,2025-07-24,Ibadan,Bodija Outlet,Corporate B2B,Home Appliances,Digital Microwave Oven 25L,1,115000,0.0,115000.0,85000,30000.0,0,Delivered On-Time
NEX-103702,2025-05-20,Lagos,Surulere Hub,In-Store Retail,Home Appliances,Digital Microwave Oven 25L,1,115000,0.05,109250.0,85000,24250.0,0,Fulfilled In-Store
NEX-103703,2025-05-01,Abuja,Wuse 2 Retail,Web Direct,Consumer Electronics,Dell XPS 15 Laptop,1,1650000,0.0,1650000.0,1320000,330000.0,0,Delivered On-Time
NEX-103704,2025-05-03,Abuja,Maitama Galleria,Web Direct,Home Appliances,Digital Microwave Oven 25L,1,115000,0.05,109250.0,85000,24250.0,0,Delivered On-Time
NEX-103705,2025-05-19,Lagos,Victoria Island Flagship,In-Store Retail,Computing & Peripherals,Wireless Mechanical Keyboard,1,65000,0.05,61750.0,42000,19750.0,0,Fulfilled In-Store
NEX-103706,2025-06-22,Kano,Nasarawa Road Branch,In-Store Retail,Consumer Electronics,MacBook Pro 14 M3,1,1850000,0.0,1850000.0,1480000,370000.0,0,Delivered On-Time
NEX-103707,2025-07-21,Lagos,Surulere Hub,In-Store Retail,Consumer Electronics,Galaxy S24 Ultra 512GB,1,1250000,0.15,1062500.0,950000,112500.0,0,Delayed Transit
NEX-103708,2025-06-19,Lagos,Ikeja Mega-Store,Mobile App,Computing & Peripherals,Logitech MX Master 3S Mouse,1,75000,0.1,67500.0,52000,15500.0,0,Delayed Transit
NEX-103709,2025-07-06,Abuja,Maitama Galleria,Mobile App,Computing & Peripherals,Wireless Mechanical Keyboard,1,65000,0.0,65000.0,42000,23000.0,0,Delivered On-Time
NEX-103710,2025-05-03,Port Harcourt,Trans-Amadi Commercial,In-Store Retail,Home Appliances,Chest Freezer 200L,2,245000,0.0,490000.0,390000,100000.0,0,Delayed Transit
NEX-103711,2025-06-04,Lagos,Victoria Island Flagship,Web Direct,Consumer Electronics,Galaxy S24 Ultra 512GB,1,1250000,0.05,1187500.0,950000,237500.0,0,Delivered On-Time
NEX-103712,2025-05-25,Lagos,Surulere Hub,Web Direct,Consumer Electronics,iPhone 15 Pro Max 256GB,1,1450000,0.05,1377500.0,1150000,227500.0,0,Delivered On-Time
NEX-103713,2025-07-18,Abuja,Central Business District Store,In-Store Retail,Computing & Peripherals,Wireless Mechanical Keyboard,1,65000,0.1,58500.0,42000,16500.0,0,Delivered On-Time
NEX-103714,2025-07-04,Port Harcourt,GRA Phase 2 Store,In-Store Retail,Computing & Peripherals,Wireless Mechanical Keyboard,1,65000,0.0,65000.0,42000,23000.0,0,Delivered On-Time
NEX-103715,2025-05-25,Lagos,Surulere Hub,Web Direct,Computing & Peripherals,Wireless Mechanical Keyboard,1,65000,0.0,65000.0,42000,23000.0,1,Returned
NEX-103716,2025-05-11,Lagos,Ikeja Mega-Store,In-Store Retail,Consumer Electronics,Dell XPS 15 Laptop,1,1650000,0.0,1650000.0,1320000,330000.0,0,Fulfilled In-Store
NEX-103717,2025-05-24,Abuja,Wuse 2 Retail,In-Store Retail,Consumer Electronics,Galaxy S24 Ultra 512GB,1,1250000,0.05,1187500.0,950000,237500.0,0,Delivered On-Time
NEX-103718,2025-07-13,Abuja,Central Business District Store,In-Store Retail,Consumer Electronics,Galaxy S24 Ultra 512GB,1,1250000,0.05,1187500.0,950000,237500.0,0,Delivered On-Time
NEX-103719,2025-06-29,Lagos,Lekki Mall Outlet,Corporate B2B,Consumer Electronics,iPhone 15 Pro Max 256GB,3,1450000,0.1,3915000.0,3450000,465000.0,0,Delivered On-Time
NEX-103720,2025-05-28,Port Harcourt,Trans-Amadi Commercial,In-Store Retail,Consumer Electronics,MacBook Pro 14 M3,1,1850000,0.05,1757500.0,1480000,277500.0,0,Delivered On-Time
NEX-103721,2025-06-29,Ibadan,Ring Road Complex,Corporate B2B,Computing & Peripherals,1TB NVMe Portable SSD,1,95000,0.0,95000.0,68000,27000.0,0,Returned
NEX-103722,2025-05-05,Port Harcourt,GRA Phase 2 Store,In-Store Retail,Consumer Electronics,Dell XPS 15 Laptop,1,1650000,0.15,1402500.0,1320000,82500.0,0,Delivered On-Time
NEX-103723,2025-07-20,Port Harcourt,GRA Phase 2 Store,In-Store Retail,Consumer Electronics,iPhone 15 Pro Max 256GB,1,1450000,0.05,1377500.0,1150000,227500.0,1,Returned
NEX-103724,2025-07-16,Kano,Nasarawa Road Branch,In-Store Retail,Computing & Peripherals,27-inch 4K Gaming Monitor,1,310000,0.0,310000.0,235000,75000.0,0,Delivered On-Time
NEX-103725,2025-07-31,Abuja,Central Business District Store,In-Store Retail,Computing & Peripherals,27-inch 4K Gaming Monitor,3,310000,0.0,930000.0,705000,225000.0,0,Delivered On-Time
NEX-103726,2025-07-12,Lagos,Lekki Mall Outlet,In-Store Retail,Computing & Peripherals,Wireless Mechanical Keyboard,1,65000,0.0,65000.0,42000,23000.0,0,Delivered On-Time
NEX-103727,2025-05-11,Lagos,Ikeja Mega-Store,In-Store Retail,Home Appliances,Digital Microwave Oven 25L,2,115000,0.1,207000.0,170000,37000.0,0,Delivered On-Time
NEX-103728,2025-07-16,Lagos,Lekki Mall Outlet,In-Store Retail,Consumer Electronics,Dell XPS 15 Laptop,1,1650000,0.0,1650000.0,1320000,330000.0,0,Delivered On-Time
NEX-103729,2025-05-03,Lagos,Ikeja Mega-Store,Web Direct,Home Appliances,Inverter Split AC 1.5HP (AC-902),1,385000,0.1,346500.0,310000,36500.0,0,Delivered On-Time
NEX-103730,2025-05-03,Lagos,Ikeja Mega-Store,In-Store Retail,Consumer Electronics,Galaxy S24 Ultra 512GB,1,1250000,0.0,1250000.0,950000,300000.0,0,Delayed Transit
NEX-103731,2025-05-04,Lagos,Lekki Mall Outlet,In-Store Retail,Home Appliances,Chest Freezer 200L,1,245000,0.05,232750.0,195000,37750.0,0,Delivered On-Time
NEX-103732,2025-05-08,Lagos,Surulere Hub,Web Direct,Home Appliances,Digital Microwave Oven 25L,1,115000,0.0,115000.0,85000,30000.0,1,Returned
NEX-103733,2025-05-30,Ibadan,Bodija Outlet,In-Store Retail,Computing & Peripherals,Ergonomic Office Chair Pro,2,185000,0.0,370000.0,260000,110000.0,0,Delivered On-Time
NEX-103734,2025-07-31,Kano,Nasarawa Road Branch,In-Store Retail,Consumer Electronics,Sony WH-1000XM5 Headphones,1,285000,0.05,270750.0,195000,75750.0,0,Delivered On-Time
NEX-103735,2025-05-18,Abuja,Wuse 2 Retail,In-Store Retail,Computing & Peripherals,1TB NVMe Portable SSD,3,95000,0.0,285000.0,204000,81000.0,0,Delivered On-Time
NEX-103736,2025-05-21,Lagos,Victoria Island Flagship,In-Store Retail,Home Appliances,Double Door Refrigerator 320L,2,520000,0.05,988000.0,820000,168000.0,0,Delayed Transit
NEX-103737,2025-05-06,Lagos,Victoria Island Flagship,In-Store Retail,Home Appliances,Smart Inverter Washing Machine 8kg,1,345000,0.05,327750.0,270000,57750.0,0,Fulfilled In-Store
NEX-103738,2025-06-30,Port Harcourt,GRA Phase 2 Store,In-Store Retail,Computing & Peripherals,Logitech MX Master 3S Mouse,1,75000,0.0,75000.0,52000,23000.0,0,Delivered On-Time
NEX-103739,2025-06-25,Kano,Bompai Trade Centre,Mobile App,Computing & Peripherals,27-inch 4K Gaming Monitor,1,310000,0.2,248000.0,235000,13000.0,0,Fulfilled In-Store
NEX-103740,2025-06-27,Port Harcourt,GRA Phase 2 Store,In-Store Retail,Home Appliances,Chest Freezer 200L,1,245000,0.15,208250.0,195000,13250.0,0,Delayed Transit
NEX-103741,2025-05-16,Abuja,Central Business District Store,In-Store Retail,Home Appliances,Smart Inverter Washing Machine 8kg,1,345000,0.05,327750.0,270000,57750.0,0,Delivered On-Time
NEX-103742,2025-06-23,Kano,Bompai Trade Centre,In-Store Retail,Computing & Peripherals,Logitech MX Master 3S Mouse,2,75000,0.0,150000.0,104000,46000.0,1,Returned
NEX-103743,2025-05-13,Lagos,Lekki Mall Outlet,In-Store Retail,Home Appliances,Digital Microwave Oven 25L,2,115000,0.0,230000.0,170000,60000.0,0,Delayed Transit
NEX-103744,2025-07-11,Lagos,Lekki Mall Outlet,Mobile App,Home Appliances,Digital Microwave Oven 25L,1,115000,0.3,80935.13,85000,-4064.87,0,Delivered On-Time
NEX-103745,2025-05-25,Port Harcourt,GRA Phase 2 Store,Web Direct,Home Appliances,Chest Freezer 200L,1,245000,0.0,245000.0,195000,50000.0,0,Delivered On-Time
NEX-103746,2025-06-30,Port Harcourt,Trans-Amadi Commercial,Web Direct,Home Appliances,Double Door Refrigerator 320L,4,520000,0.2,1664000.0,1640000,24000.0,0,Fulfilled In-Store
NEX-103747,2025-05-25,Lagos,Lekki Mall Outlet,Web Direct,Computing & Peripherals,27-inch 4K Gaming Monitor,1,310000,0.15,263500.0,235000,28500.0,1,Returned
NEX-103748,2025-06-01,Abuja,Maitama Galleria,Web Direct,Consumer Electronics,Dell XPS 15 Laptop,2,1650000,0.0,3300000.0,2640000,660000.0,0,Delivered On-Time
NEX-103749,2025-06-04,Lagos,Surulere Hub,In-Store Retail,Computing & Peripherals,Wireless Mechanical Keyboard,1,65000,0.1,58500.0,42000,16500.0,0,Delivered On-Time
NEX-103750,2025-07-30,Lagos,Ikeja Mega-Store,Web Direct,Computing & Peripherals,Logitech MX Master 3S Mouse,1,75000,0.0,75000.0,52000,23000.0,0,Delivered On-Time
NEX-103751,2025-06-01,Lagos,Victoria Island Flagship,Corporate B2B,Home Appliances,Inverter Split AC 1.5HP (AC-902),3,385000,0.05,1097250.0,930000,167250.0,1,Returned
NEX-103752,2025-06-24,Lagos,Lekki Mall Outlet,Corporate B2B,Consumer Electronics,MacBook Pro 14 M3,1,1850000,0.0,1850000.0,1480000,370000.0,0,Delayed Transit
NEX-103753,2025-06-02,Kano,Bompai Trade Centre,In-Store Retail,Home Appliances,Double Door Refrigerator 320L,1,520000,0.1,468000.0,410000,58000.0,0,Delivered On-Time
NEX-103754,2025-05-28,Lagos,Surulere Hub,In-Store Retail,Home Appliances,Smart Inverter Washing Machine 8kg,1,345000,0.1,310500.0,270000,40500.0,0,Fulfilled In-Store
NEX-103755,2025-07-23,Ibadan,Ring Road Complex,In-Store Retail,Home Appliances,Double Door Refrigerator 320L,1,520000,0.0,520000.0,410000,110000.0,0,Fulfilled In-Store
NEX-103756,2025-06-03,Lagos,Lekki Mall Outlet,In-Store Retail,Home Appliances,Double Door Refrigerator 320L,2,520000,0.0,1040000.0,820000,220000.0,0,Delayed Transit
NEX-103757,2025-05-23,Kano,Bompai Trade Centre,In-Store Retail,Computing & Peripherals,27-inch 4K Gaming Monitor,3,310000,0.0,930000.0,705000,225000.0,0,Delivered On-Time
NEX-103758,2025-06-22,Lagos,Surulere Hub,Web Direct,Consumer Electronics,MacBook Pro 14 M3,1,1850000,0.0,1850000.0,1480000,370000.0,0,Fulfilled In-Store
NEX-103759,2025-06-26,Lagos,Surulere Hub,Web Direct,Home Appliances,Double Door Refrigerator 320L,1,520000,0.05,494000.0,410000,84000.0,0,Delivered On-Time
NEX-103760,2025-07-22,Abuja,Central Business District Store,In-Store Retail,Consumer Electronics,Galaxy S24 Ultra 512GB,1,1250000,0.1,1125000.0,950000,175000.0,0,Returned
NEX-103761,2025-07-23,Lagos,Victoria Island Flagship,Corporate B2B,Home Appliances,Chest Freezer 200L,1,245000,0.35,159559.58,195000,-35440.42,0,Delivered On-Time
NEX-103762,2025-06-29,Port Harcourt,GRA Phase 2 Store,In-Store Retail,Computing & Peripherals,Wireless Mechanical Keyboard,5,65000,0.0,325000.0,210000,115000.0,0,Delivered On-Time
NEX-103763,2025-06-21,Ibadan,Ring Road Complex,Web Direct,Computing & Peripherals,Logitech MX Master 3S Mouse,3,75000,0.0,225000.0,156000,69000.0,0,Returned
NEX-103764,2025-07-21,Lagos,Lekki Mall Outlet,Web Direct,Consumer Electronics,Sony WH-1000XM5 Headphones,1,285000,0.1,256500.0,195000,61500.0,0,Delayed Transit
NEX-103765,2025-06-18,Port Harcourt,Trans-Amadi Commercial,In-Store Retail,Home Appliances,Smart Inverter Washing Machine 8kg,1,345000,0.15,293250.0,270000,23250.0,0,Fulfilled In-Store
NEX-103766,2025-05-09,Abuja,Maitama Galleria,Web Direct,Computing & Peripherals,27-inch 4K Gaming Monitor,1,310000,0.0,310000.0,235000,75000.0,0,Fulfilled In-Store
NEX-103767,2025-06-26,Lagos,Ikeja Mega-Store,In-Store Retail,Consumer Electronics,MacBook Pro 14 M3,1,1850000,0.1,1665000.0,1480000,185000.0,0,Delivered On-Time
NEX-103768,2025-05-01,Kano,Nasarawa Road Branch,In-Store Retail,Home Appliances,Double Door Refrigerator 320L,1,520000,0.1,468000.0,410000,58000.0,0,Fulfilled In-Store
NEX-103769,2025-07-05,Ibadan,Ring Road Complex,In-Store Retail,Consumer Electronics,Galaxy S24 Ultra 512GB,1,1250000,0.15,1062500.0,950000,112500.0,0,Delayed Transit
NEX-103770,2025-07-10,Lagos,Lekki Mall Outlet,In-Store Retail,Home Appliances,Chest Freezer 200L,1,245000,0.32,167072.2,195000,-27927.8,0,Delayed Transit
NEX-103771,2025-06-27,Abuja,Maitama Galleria,In-Store Retail,Consumer Electronics,Galaxy S24 Ultra 512GB,1,1250000,0.0,1250000.0,950000,300000.0,0,Delivered On-Time
NEX-103772,2025-05-02,Abuja,Central Business District Store,Corporate B2B,Consumer Electronics,iPhone 15 Pro Max 256GB,2,1450000,0.05,2755000.0,2300000,455000.0,0,Delayed Transit
NEX-103773,2025-06-15,Abuja,Central Business District Store,Web Direct,Home Appliances,Chest Freezer 200L,2,245000,0.05,465500.0,390000,75500.0,0,Delivered On-Time
NEX-103774,2025-06-30,Abuja,Central Business District Store,Corporate B2B,Home Appliances,Chest Freezer 200L,1,245000,0.05,232750.0,195000,37750.0,1,Returned
NEX-103775,2025-07-01,Abuja,Wuse 2 Retail,Corporate B2B,Computing & Peripherals,1TB NVMe Portable SSD,2,95000,0.0,190000.0,136000,54000.0,0,Delivered On-Time
NEX-103776,2025-06-09,Port Harcourt,GRA Phase 2 Store,In-Store Retail,Computing & Peripherals,Wireless Mechanical Keyboard,1,65000,0.1,58500.0,42000,16500.0,0,Delivered On-Time
NEX-103777,2025-06-05,Port Harcourt,GRA Phase 2 Store,Web Direct,Consumer Electronics,MacBook Pro 14 M3,4,1850000,0.0,7400000.0,5920000,1480000.0,1,Returned
NEX-103778,2025-06-15,Port Harcourt,Trans-Amadi Commercial,Web Direct,Home Appliances,Digital Microwave Oven 25L,2,115000,0.15,195500.0,170000,25500.0,0,Delivered On-Time
NEX-103779,2025-07-26,Abuja,Maitama Galleria,In-Store Retail,Home Appliances,Smart Inverter Washing Machine 8kg,2,345000,0.1,621000.0,540000,81000.0,0,Delivered On-Time
NEX-103780,2025-06-07,Lagos,Victoria Island Flagship,Web Direct,Home Appliances,Smart Inverter Washing Machine 8kg,2,345000,0.0,690000.0,540000,150000.0,0,Delivered On-Time
NEX-103781,2025-05-17,Kano,Bompai Trade Centre,Web Direct,Consumer Electronics,Dell XPS 15 Laptop,1,1650000,0.1,1485000.0,1320000,165000.0,0,Delivered On-Time
NEX-103782,2025-06-17,Lagos,Victoria Island Flagship,Corporate B2B,Computing & Peripherals,Wireless Mechanical Keyboard,1,65000,0.05,61750.0,42000,19750.0,0,Delivered On-Time
NEX-103783,2025-05-05,Port Harcourt,Trans-Amadi Commercial,Mobile App,Home Appliances,Smart Inverter Washing Machine 8kg,1,345000,0.0,345000.0,270000,75000.0,0,Delivered On-Time
NEX-103784,2025-06-15,Port Harcourt,GRA Phase 2 Store,In-Store Retail,Consumer Electronics,iPhone 15 Pro Max 256GB,3,1450000,0.15,3697500.0,3450000,247500.0,0,Fulfilled In-Store
NEX-103785,2025-06-23,Abuja,Wuse 2 Retail,Corporate B2B,Consumer Electronics,Galaxy S24 Ultra 512GB,1,1250000,0.1,1125000.0,950000,175000.0,0,Fulfilled In-Store
NEX-103786,2025-07-01,Abuja,Wuse 2 Retail,Mobile App,Computing & Peripherals,Ergonomic Office Chair Pro,1,185000,0.1,166500.0,130000,36500.0,0,Delivered On-Time
NEX-103787,2025-05-21,Lagos,Surulere Hub,In-Store Retail,Computing & Peripherals,1TB NVMe Portable SSD,4,95000,0.05,361000.0,272000,89000.0,0,Delivered On-Time
NEX-103788,2025-05-29,Abuja,Maitama Galleria,In-Store Retail,Home Appliances,Inverter Split AC 1.5HP (AC-902),1,385000,0.0,385000.0,310000,75000.0,1,Returned
NEX-103789,2025-05-11,Ibadan,Bodija Outlet,In-Store Retail,Computing & Peripherals,Ergonomic Office Chair Pro,1,185000,0.0,185000.0,130000,55000.0,0,Delivered On-Time
NEX-103790,2025-05-09,Port Harcourt,GRA Phase 2 Store,Web Direct,Computing & Peripherals,Logitech MX Master 3S Mouse,1,75000,0.0,75000.0,52000,23000.0,0,Delivered On-Time
NEX-103791,2025-05-10,Lagos,Surulere Hub,Web Direct,Consumer Electronics,MacBook Pro 14 M3,1,1850000,0.0,1850000.0,1480000,370000.0,1,Returned
NEX-103792,2025-05-27,Lagos,Surulere Hub,In-Store Retail,Computing & Peripherals,1TB NVMe Portable SSD,1,95000,0.05,90250.0,68000,22250.0,0,Delivered On-Time
NEX-103793,2025-07-23,Lagos,Lekki Mall Outlet,Mobile App,Consumer Electronics,iPhone 15 Pro Max 256GB,1,1450000,0.0,1450000.0,1150000,300000.0,0,Returned
NEX-103794,2025-05-09,Abuja,Maitama Galleria,In-Store Retail,Consumer Electronics,iPhone 15 Pro Max 256GB,5,1450000,0.1,6525000.0,5750000,775000.0,0,Delivered On-Time
NEX-103795,2025-06-17,Lagos,Ikeja Mega-Store,Web Direct,Home Appliances,Double Door Refrigerator 320L,1,520000,0.1,468000.0,410000,58000.0,0,Delayed Transit
NEX-103796,2025-07-26,Lagos,Victoria Island Flagship,In-Store Retail,Home Appliances,Chest Freezer 200L,1,245000,0.35,158486.55,195000,-36513.45,0,Delivered On-Time
NEX-103797,2025-07-14,Lagos,Surulere Hub,In-Store Retail,Computing & Peripherals,Logitech MX Master 3S Mouse,1,75000,0.05,71250.0,52000,19250.0,0,Delivered On-Time
NEX-103798,2025-06-23,Lagos,Surulere Hub,In-Store Retail,Home Appliances,Smart Inverter Washing Machine 8kg,1,345000,0.05,327750.0,270000,57750.0,0,Delivered On-Time
NEX-103799,2025-07-04,Lagos,Lekki Mall Outlet,Corporate B2B,Computing & Peripherals,Ergonomic Office Chair Pro,1,185000,0.1,166500.0,130000,36500.0,0,Delivered On-Time
NEX-103800,2025-05-07,Lagos,Victoria Island Flagship,Web Direct,Home Appliances,Double Door Refrigerator 320L,1,520000,0.0,520000.0,410000,110000.0,0,Fulfilled In-Store
NEX-103801,2025-05-25,Abuja,Central Business District Store,Web Direct,Consumer Electronics,iPhone 15 Pro Max 256GB,1,1450000,0.1,1305000.0,1150000,155000.0,0,Returned
NEX-103802,2025-07-06,Lagos,Ikeja Mega-Store,In-Store Retail,Consumer Electronics,Sony WH-1000XM5 Headphones,1,285000,0.0,285000.0,195000,90000.0,0,Delivered On-Time
NEX-103803,2025-06-19,Lagos,Ikeja Mega-Store,In-Store Retail,Consumer Electronics,MacBook Pro 14 M3,1,1850000,0.05,1757500.0,1480000,277500.0,0,Delivered On-Time
NEX-103804,2025-06-23,Ibadan,Ring Road Complex,Web Direct,Home Appliances,Double Door Refrigerator 320L,1,520000,0.15,442000.0,410000,32000.0,0,Delivered On-Time
NEX-103805,2025-05-07,Lagos,Lekki Mall Outlet,In-Store Retail,Computing & Peripherals,Ergonomic Office Chair Pro,2,185000,0.15,314500.0,260000,54500.0,0,Delayed Transit
NEX-103806,2025-05-21,Lagos,Lekki Mall Outlet,Web Direct,Consumer Electronics,Sony WH-1000XM5 Headphones,1,285000,0.0,285000.0,195000,90000.0,0,Delivered On-Time
NEX-103807,2025-06-03,Abuja,Wuse 2 Retail,Web Direct,Consumer Electronics,Dell XPS 15 Laptop,1,1650000,0.1,1485000.0,1320000,165000.0,0,Returned
NEX-103808,2025-07-17,Lagos,Ikeja Mega-Store,In-Store Retail,Computing & Peripherals,Ergonomic Office Chair Pro,1,185000,0.0,185000.0,130000,55000.0,0,Delivered On-Time
NEX-103809,2025-06-10,Port Harcourt,Trans-Amadi Commercial,Web Direct,Home Appliances,Smart Inverter Washing Machine 8kg,1,345000,0.1,310500.0,270000,40500.0,0,Fulfilled In-Store
NEX-103810,2025-05-01,Lagos,Ikeja Mega-Store,Mobile App,Consumer Electronics,MacBook Pro 14 M3,2,1850000,0.2,2960000.0,2960000,0.0,0,Delayed Transit
NEX-103811,2025-06-18,Abuja,Maitama Galleria,In-Store Retail,Home Appliances,Inverter Split AC 1.5HP (AC-902),2,385000,0.05,731500.0,620000,111500.0,0,Delivered On-Time
NEX-103812,2025-07-27,Lagos,Ikeja Mega-Store,In-Store Retail,Computing & Peripherals,Ergonomic Office Chair Pro,1,185000,0.15,157250.0,130000,27250.0,0,Delayed Transit
NEX-103813,2025-05-30,Lagos,Victoria Island Flagship,Corporate B2B,Home Appliances,Inverter Split AC 1.5HP (AC-902),2,385000,0.15,654500.0,620000,34500.0,0,Delivered On-Time
NEX-103814,2025-07-28,Lagos,Ikeja Mega-Store,In-Store Retail,Computing & Peripherals,27-inch 4K Gaming Monitor,2,310000,0.05,589000.0,470000,119000.0,0,Fulfilled In-Store
NEX-103815,2025-05-06,Abuja,Central Business District Store,In-Store Retail,Consumer Electronics,MacBook Pro 14 M3,1,1850000,0.05,1757500.0,1480000,277500.0,0,Fulfilled In-Store
NEX-103816,2025-05-12,Lagos,Lekki Mall Outlet,In-Store Retail,Home Appliances,Double Door Refrigerator 320L,1,520000,0.0,520000.0,410000,110000.0,0,Delivered On-Time
NEX-103817,2025-07-25,Kano,Nasarawa Road Branch,Corporate B2B,Home Appliances,Digital Microwave Oven 25L,1,115000,0.05,109250.0,85000,24250.0,0,Returned
NEX-103818,2025-07-27,Lagos,Surulere Hub,Web Direct,Computing & Peripherals,27-inch 4K Gaming Monitor,1,310000,0.1,279000.0,235000,44000.0,0,Delivered On-Time
NEX-103819,2025-06-23,Abuja,Central Business District Store,Corporate B2B,Home Appliances,Chest Freezer 200L,5,245000,0.15,1041250.0,975000,66250.0,0,Delivered On-Time
NEX-103820,2025-06-23,Ibadan,Ring Road Complex,In-Store Retail,Home Appliances,Inverter Split AC 1.5HP (AC-902),1,385000,0.15,327250.0,310000,17250.0,0,Delayed Transit
NEX-103821,2025-05-15,Kano,Nasarawa Road Branch,In-Store Retail,Computing & Peripherals,Ergonomic Office Chair Pro,1,185000,0.0,185000.0,130000,55000.0,0,Fulfilled In-Store
NEX-103822,2025-05-10,Abuja,Maitama Galleria,In-Store Retail,Home Appliances,Inverter Split AC 1.5HP (AC-902),1,385000,0.0,385000.0,310000,75000.0,1,Returned
NEX-103823,2025-07-12,Abuja,Wuse 2 Retail,Corporate B2B,Computing & Peripherals,Logitech MX Master 3S Mouse,1,75000,0.05,71250.0,52000,19250.0,0,Delivered On-Time
NEX-103824,2025-07-04,Abuja,Maitama Galleria,Web Direct,Consumer Electronics,Dell XPS 15 Laptop,1,1650000,0.0,1650000.0,1320000,330000.0,0,Delivered On-Time
NEX-103825,2025-05-07,Lagos,Victoria Island Flagship,In-Store Retail,Consumer Electronics,iPhone 15 Pro Max 256GB,2,1450000,0.1,2610000.0,2300000,310000.0,0,Delivered On-Time
NEX-103826,2025-05-18,Lagos,Ikeja Mega-Store,In-Store Retail,Home Appliances,Digital Microwave Oven 25L,1,115000,0.1,103500.0,85000,18500.0,1,Returned
NEX-103827,2025-05-27,Ibadan,Ring Road Complex,Web Direct,Computing & Peripherals,Logitech MX Master 3S Mouse,1,75000,0.2,60000.0,52000,8000.0,0,Fulfilled In-Store
NEX-103828,2025-06-16,Abuja,Central Business District Store,Corporate B2B,Consumer Electronics,Sony WH-1000XM5 Headphones,2,285000,0.0,570000.0,390000,180000.0,1,Returned
NEX-103829,2025-06-23,Abuja,Wuse 2 Retail,Web Direct,Home Appliances,Digital Microwave Oven 25L,1,115000,0.05,109250.0,85000,24250.0,0,Fulfilled In-Store
NEX-103830,2025-07-06,Lagos,Ikeja Mega-Store,In-Store Retail,Home Appliances,Inverter Split AC 1.5HP (AC-902),2,385000,0.35,499734.98,620000,-120265.02,1,Returned
NEX-103831,2025-06-30,Lagos,Victoria Island Flagship,Corporate B2B,Home Appliances,Chest Freezer 200L,1,245000,0.0,245000.0,195000,50000.0,0,Returned
NEX-103832,2025-05-27,Port Harcourt,Trans-Amadi Commercial,In-Store Retail,Computing & Peripherals,Wireless Mechanical Keyboard,2,65000,0.1,117000.0,84000,33000.0,0,Delivered On-Time
NEX-103833,2025-07-28,Port Harcourt,GRA Phase 2 Store,Mobile App,Computing & Peripherals,27-inch 4K Gaming Monitor,1,310000,0.0,310000.0,235000,75000.0,0,Delayed Transit
NEX-103834,2025-07-14,Lagos,Surulere Hub,Mobile App,Computing & Peripherals,27-inch 4K Gaming Monitor,1,310000,0.0,310000.0,235000,75000.0,0,Delayed Transit
NEX-103835,2025-05-09,Port Harcourt,GRA Phase 2 Store,Web Direct,Consumer Electronics,Dell XPS 15 Laptop,2,1650000,0.05,3135000.0,2640000,495000.0,0,Delivered On-Time
NEX-103836,2025-05-27,Abuja,Maitama Galleria,In-Store Retail,Consumer Electronics,Sony WH-1000XM5 Headphones,1,285000,0.15,242250.0,195000,47250.0,0,Delivered On-Time
NEX-103837,2025-05-10,Abuja,Central Business District Store,In-Store Retail,Home Appliances,Chest Freezer 200L,1,245000,0.0,245000.0,195000,50000.0,0,Returned
NEX-103838,2025-07-02,Abuja,Wuse 2 Retail,In-Store Retail,Computing & Peripherals,1TB NVMe Portable SSD,1,95000,0.2,76000.0,68000,8000.0,0,Delivered On-Time
NEX-103839,2025-05-28,Lagos,Victoria Island Flagship,Web Direct,Consumer Electronics,iPhone 15 Pro Max 256GB,1,1450000,0.0,1450000.0,1150000,300000.0,0,Fulfilled In-Store
NEX-103840,2025-06-27,Ibadan,Bodija Outlet,In-Store Retail,Consumer Electronics,Dell XPS 15 Laptop,1,1650000,0.0,1650000.0,1320000,330000.0,0,Fulfilled In-Store
NEX-103841,2025-06-01,Lagos,Surulere Hub,Web Direct,Computing & Peripherals,27-inch 4K Gaming Monitor,1,310000,0.0,310000.0,235000,75000.0,0,Fulfilled In-Store
NEX-103842,2025-06-12,Lagos,Lekki Mall Outlet,Corporate B2B,Computing & Peripherals,27-inch 4K Gaming Monitor,1,310000,0.0,310000.0,235000,75000.0,0,Returned
NEX-103843,2025-05-31,Abuja,Central Business District Store,Mobile App,Computing & Peripherals,27-inch 4K Gaming Monitor,1,310000,0.0,310000.0,235000,75000.0,0,Delivered On-Time
NEX-103844,2025-06-04,Abuja,Central Business District Store,In-Store Retail,Consumer Electronics,Sony WH-1000XM5 Headphones,2,285000,0.0,570000.0,390000,180000.0,0,Delivered On-Time
NEX-103845,2025-05-22,Ibadan,Bodija Outlet,In-Store Retail,Computing & Peripherals,Ergonomic Office Chair Pro,1,185000,0.1,166500.0,130000,36500.0,0,Fulfilled In-Store
NEX-103846,2025-05-17,Abuja,Wuse 2 Retail,Corporate B2B,Computing & Peripherals,Ergonomic Office Chair Pro,1,185000,0.15,157250.0,130000,27250.0,0,Delayed Transit
NEX-103847,2025-06-10,Abuja,Maitama Galleria,Corporate B2B,Consumer Electronics,iPhone 15 Pro Max 256GB,3,1450000,0.05,4132500.0,3450000,682500.0,0,Delayed Transit
NEX-103848,2025-05-03,Port Harcourt,GRA Phase 2 Store,Web Direct,Computing & Peripherals,27-inch 4K Gaming Monitor,1,310000,0.05,294500.0,235000,59500.0,0,Delayed Transit
NEX-103849,2025-07-05,Lagos,Victoria Island Flagship,Web Direct,Computing & Peripherals,Ergonomic Office Chair Pro,4,185000,0.1,666000.0,520000,146000.0,0,Delivered On-Time
NEX-103850,2025-05-02,Kano,Bompai Trade Centre,In-Store Retail,Computing & Peripherals,Logitech MX Master 3S Mouse,1,75000,0.0,75000.0,52000,23000.0,0,Delivered On-Time
NEX-103851,2025-05-30,Lagos,Surulere Hub,Web Direct,Home Appliances,Double Door Refrigerator 320L,1,520000,0.0,520000.0,410000,110000.0,0,Fulfilled In-Store
NEX-103852,2025-07-21,Port Harcourt,GRA Phase 2 Store,Mobile App,Consumer Electronics,Galaxy S24 Ultra 512GB,2,1250000,0.05,2375000.0,1900000,475000.0,0,Fulfilled In-Store
NEX-103853,2025-06-24,Ibadan,Bodija Outlet,In-Store Retail,Consumer Electronics,iPhone 15 Pro Max 256GB,1,1450000,0.0,1450000.0,1150000,300000.0,0,Delivered On-Time
NEX-103854,2025-06-18,Lagos,Surulere Hub,In-Store Retail,Computing & Peripherals,27-inch 4K Gaming Monitor,1,310000,0.05,294500.0,235000,59500.0,0,Delayed Transit
NEX-103855,2025-06-11,Abuja,Maitama Galleria,Corporate B2B,Consumer Electronics,Dell XPS 15 Laptop,1,1650000,0.05,1567500.0,1320000,247500.0,0,Delivered On-Time
NEX-103856,2025-06-27,Lagos,Victoria Island Flagship,In-Store Retail,Home Appliances,Chest Freezer 200L,1,245000,0.15,208250.0,195000,13250.0,0,Delivered On-Time
NEX-103857,2025-06-24,Kano,Bompai Trade Centre,Web Direct,Consumer Electronics,Galaxy S24 Ultra 512GB,2,1250000,0.05,2375000.0,1900000,475000.0,0,Delivered On-Time
NEX-103858,2025-05-08,Port Harcourt,Trans-Amadi Commercial,In-Store Retail,Consumer Electronics,iPhone 15 Pro Max 256GB,4,1450000,0.1,5220000.0,4600000,620000.0,0,Fulfilled In-Store
NEX-103859,2025-05-17,Lagos,Surulere Hub,Corporate B2B,Consumer Electronics,Galaxy S24 Ultra 512GB,1,1250000,0.05,1187500.0,950000,237500.0,0,Fulfilled In-Store
NEX-103860,2025-06-07,Lagos,Lekki Mall Outlet,Web Direct,Home Appliances,Inverter Split AC 1.5HP (AC-902),1,385000,0.0,385000.0,310000,75000.0,0,Delivered On-Time
NEX-103861,2025-05-05,Abuja,Wuse 2 Retail,Web Direct,Home Appliances,Smart Inverter Washing Machine 8kg,1,345000,0.15,293250.0,270000,23250.0,0,Delayed Transit
NEX-103862,2025-07-03,Lagos,Surulere Hub,Corporate B2B,Consumer Electronics,Dell XPS 15 Laptop,1,1650000,0.0,1650000.0,1320000,330000.0,0,Delivered On-Time
NEX-103863,2025-05-14,Abuja,Maitama Galleria,Mobile App,Home Appliances,Digital Microwave Oven 25L,1,115000,0.0,115000.0,85000,30000.0,0,Returned
NEX-103864,2025-06-14,Lagos,Lekki Mall Outlet,Web Direct,Computing & Peripherals,Wireless Mechanical Keyboard,1,65000,0.0,65000.0,42000,23000.0,0,Fulfilled In-Store
NEX-103865,2025-07-23,Lagos,Lekki Mall Outlet,Web Direct,Computing & Peripherals,27-inch 4K Gaming Monitor,1,310000,0.0,310000.0,235000,75000.0,0,Delivered On-Time
NEX-103866,2025-05-24,Lagos,Surulere Hub,Web Direct,Computing & Peripherals,1TB NVMe Portable SSD,1,95000,0.05,90250.0,68000,22250.0,0,Delivered On-Time
NEX-103867,2025-07-11,Abuja,Maitama Galleria,Web Direct,Home Appliances,Digital Microwave Oven 25L,2,115000,0.0,230000.0,170000,60000.0,0,Fulfilled In-Store
NEX-103868,2025-07-07,Abuja,Maitama Galleria,Corporate B2B,Consumer Electronics,iPhone 15 Pro Max 256GB,2,1450000,0.1,2610000.0,2300000,310000.0,1,Returned
NEX-103869,2025-07-18,Port Harcourt,Trans-Amadi Commercial,Web Direct,Computing & Peripherals,Logitech MX Master 3S Mouse,1,75000,0.05,71250.0,52000,19250.0,0,Delivered On-Time
NEX-103870,2025-05-13,Abuja,Maitama Galleria,In-Store Retail,Computing & Peripherals,1TB NVMe Portable SSD,1,95000,0.05,90250.0,68000,22250.0,0,Fulfilled In-Store
NEX-103871,2025-07-30,Lagos,Surulere Hub,Corporate B2B,Consumer Electronics,Dell XPS 15 Laptop,1,1650000,0.0,1650000.0,1320000,330000.0,0,Fulfilled In-Store
NEX-103872,2025-07-11,Lagos,Lekki Mall Outlet,In-Store Retail,Consumer Electronics,Galaxy S24 Ultra 512GB,1,1250000,0.05,1187500.0,950000,237500.0,0,Delivered On-Time
NEX-103873,2025-06-27,Lagos,Surulere Hub,In-Store Retail,Computing & Peripherals,Wireless Mechanical Keyboard,5,65000,0.1,292500.0,210000,82500.0,0,Delivered On-Time
NEX-103874,2025-07-17,Lagos,Ikeja Mega-Store,Corporate B2B,Consumer Electronics,iPhone 15 Pro Max 256GB,1,1450000,0.2,1160000.0,1150000,10000.0,0,Fulfilled In-Store
NEX-103875,2025-06-04,Lagos,Victoria Island Flagship,In-Store Retail,Consumer Electronics,iPhone 15 Pro Max 256GB,1,1450000,0.0,1450000.0,1150000,300000.0,0,Delivered On-Time
NEX-103876,2025-07-16,Kano,Nasarawa Road Branch,In-Store Retail,Computing & Peripherals,Logitech MX Master 3S Mouse,1,75000,0.0,75000.0,52000,23000.0,0,Fulfilled In-Store
NEX-103877,2025-06-29,Lagos,Surulere Hub,In-Store Retail,Home Appliances,Digital Microwave Oven 25L,3,115000,0.05,327750.0,255000,72750.0,0,Delayed Transit
NEX-103878,2025-06-10,Lagos,Lekki Mall Outlet,Corporate B2B,Home Appliances,Digital Microwave Oven 25L,2,115000,0.2,184000.0,170000,14000.0,0,Fulfilled In-Store
NEX-103879,2025-07-06,Abuja,Maitama Galleria,In-Store Retail,Home Appliances,Chest Freezer 200L,1,245000,0.0,245000.0,195000,50000.0,0,Delivered On-Time
NEX-103880,2025-05-14,Port Harcourt,GRA Phase 2 Store,Corporate B2B,Home Appliances,Digital Microwave Oven 25L,1,115000,0.0,115000.0,85000,30000.0,0,Fulfilled In-Store
NEX-103881,2025-05-10,Lagos,Surulere Hub,In-Store Retail,Home Appliances,Digital Microwave Oven 25L,5,115000,0.05,546250.0,425000,121250.0,0,Delivered On-Time
NEX-103882,2025-07-08,Lagos,Victoria Island Flagship,Web Direct,Consumer Electronics,Galaxy S24 Ultra 512GB,2,1250000,0.0,2500000.0,1900000,600000.0,0,Delayed Transit
NEX-103883,2025-05-23,Port Harcourt,Trans-Amadi Commercial,Web Direct,Home Appliances,Inverter Split AC 1.5HP (AC-902),1,385000,0.05,365750.0,310000,55750.0,0,Fulfilled In-Store
NEX-103884,2025-06-18,Lagos,Victoria Island Flagship,Corporate B2B,Computing & Peripherals,1TB NVMe Portable SSD,1,95000,0.0,95000.0,68000,27000.0,0,Delivered On-Time
NEX-103885,2025-06-05,Port Harcourt,Trans-Amadi Commercial,In-Store Retail,Consumer Electronics,MacBook Pro 14 M3,2,1850000,0.15,3145000.0,2960000,185000.0,0,Fulfilled In-Store
NEX-103886,2025-07-21,Lagos,Victoria Island Flagship,Web Direct,Consumer Electronics,iPhone 15 Pro Max 256GB,2,1450000,0.2,2320000.0,2300000,20000.0,0,Delayed Transit
NEX-103887,2025-05-19,Abuja,Maitama Galleria,In-Store Retail,Computing & Peripherals,Logitech MX Master 3S Mouse,2,75000,0.1,135000.0,104000,31000.0,0,Fulfilled In-Store
NEX-103888,2025-06-18,Abuja,Maitama Galleria,Mobile App,Home Appliances,Digital Microwave Oven 25L,1,115000,0.1,103500.0,85000,18500.0,0,Returned
NEX-103889,2025-07-20,Abuja,Central Business District Store,Web Direct,Home Appliances,Smart Inverter Washing Machine 8kg,1,345000,0.1,310500.0,270000,40500.0,0,Delayed Transit
NEX-103890,2025-06-22,Abuja,Wuse 2 Retail,Mobile App,Consumer Electronics,Galaxy S24 Ultra 512GB,2,1250000,0.0,2500000.0,1900000,600000.0,0,Returned
NEX-103891,2025-05-12,Port Harcourt,GRA Phase 2 Store,Mobile App,Computing & Peripherals,Wireless Mechanical Keyboard,1,65000,0.1,58500.0,42000,16500.0,1,Returned
NEX-103892,2025-06-20,Lagos,Victoria Island Flagship,Web Direct,Home Appliances,Inverter Split AC 1.5HP (AC-902),3,385000,0.0,1155000.0,930000,225000.0,0,Delivered On-Time
NEX-103893,2025-07-09,Abuja,Maitama Galleria,Web Direct,Computing & Peripherals,Wireless Mechanical Keyboard,1,65000,0.1,58500.0,42000,16500.0,0,Delivered On-Time
NEX-103894,2025-06-21,Lagos,Victoria Island Flagship,Mobile App,Consumer Electronics,Dell XPS 15 Laptop,1,1650000,0.05,1567500.0,1320000,247500.0,0,Delivered On-Time
NEX-103895,2025-07-18,Lagos,Surulere Hub,Web Direct,Computing & Peripherals,Logitech MX Master 3S Mouse,1,75000,0.0,75000.0,52000,23000.0,0,Delivered On-Time
NEX-103896,2025-07-31,Lagos,Victoria Island Flagship,In-Store Retail,Consumer Electronics,MacBook Pro 14 M3,1,1850000,0.0,1850000.0,1480000,370000.0,0,Delivered On-Time
NEX-103897,2025-07-08,Lagos,Lekki Mall Outlet,Mobile App,Consumer Electronics,MacBook Pro 14 M3,1,1850000,0.0,1850000.0,1480000,370000.0,0,Fulfilled In-Store
NEX-103898,2025-07-08,Lagos,Ikeja Mega-Store,Web Direct,Home Appliances,Chest Freezer 200L,1,245000,0.33,163643.7,195000,-31356.3,0,Delayed Transit
NEX-103899,2025-06-20,Abuja,Wuse 2 Retail,In-Store Retail,Consumer Electronics,Galaxy S24 Ultra 512GB,1,1250000,0.0,1250000.0,950000,300000.0,0,Delivered On-Time
NEX-103900,2025-05-06,Lagos,Victoria Island Flagship,Web Direct,Consumer Electronics,Dell XPS 15 Laptop,2,1650000,0.0,3300000.0,2640000,660000.0,0,Fulfilled In-Store
NEX-103901,2025-06-09,Abuja,Wuse 2 Retail,Corporate B2B,Home Appliances,Digital Microwave Oven 25L,1,115000,0.0,115000.0,85000,30000.0,0,Fulfilled In-Store
NEX-103902,2025-05-31,Lagos,Victoria Island Flagship,Corporate B2B,Computing & Peripherals,27-inch 4K Gaming Monitor,1,310000,0.0,310000.0,235000,75000.0,0,Delayed Transit
NEX-103903,2025-06-19,Lagos,Surulere Hub,In-Store Retail,Consumer Electronics,Dell XPS 15 Laptop,1,1650000,0.1,1485000.0,1320000,165000.0,0,Delivered On-Time
NEX-103904,2025-05-01,Abuja,Maitama Galleria,In-Store Retail,Home Appliances,Double Door Refrigerator 320L,1,520000,0.05,494000.0,410000,84000.0,0,Fulfilled In-Store
NEX-103905,2025-07-21,Lagos,Lekki Mall Outlet,Web Direct,Consumer Electronics,Galaxy S24 Ultra 512GB,1,1250000,0.2,1000000.0,950000,50000.0,0,Delivered On-Time
NEX-103906,2025-07-24,Port Harcourt,GRA Phase 2 Store,Corporate B2B,Consumer Electronics,MacBook Pro 14 M3,1,1850000,0.0,1850000.0,1480000,370000.0,0,Delivered On-Time
NEX-103907,2025-07-24,Lagos,Ikeja Mega-Store,Mobile App,Computing & Peripherals,Logitech MX Master 3S Mouse,3,75000,0.0,225000.0,156000,69000.0,0,Delivered On-Time
NEX-103908,2025-05-04,Lagos,Surulere Hub,Web Direct,Home Appliances,Smart Inverter Washing Machine 8kg,5,345000,0.15,1466250.0,1350000,116250.0,0,Fulfilled In-Store
NEX-103909,2025-05-10,Lagos,Ikeja Mega-Store,Corporate B2B,Computing & Peripherals,Ergonomic Office Chair Pro,1,185000,0.0,185000.0,130000,55000.0,0,Delivered On-Time
NEX-103910,2025-06-04,Port Harcourt,GRA Phase 2 Store,In-Store Retail,Consumer Electronics,Galaxy S24 Ultra 512GB,1,1250000,0.1,1125000.0,950000,175000.0,0,Delivered On-Time
NEX-103911,2025-05-22,Lagos,Ikeja Mega-Store,Mobile App,Computing & Peripherals,27-inch 4K Gaming Monitor,2,310000,0.0,620000.0,470000,150000.0,0,Delivered On-Time
NEX-103912,2025-05-30,Ibadan,Ring Road Complex,Corporate B2B,Home Appliances,Inverter Split AC 1.5HP (AC-902),1,385000,0.05,365750.0,310000,55750.0,0,Delivered On-Time
NEX-103913,2025-05-09,Lagos,Victoria Island Flagship,In-Store Retail,Computing & Peripherals,Wireless Mechanical Keyboard,1,65000,0.1,58500.0,42000,16500.0,0,Returned
NEX-103914,2025-07-10,Lagos,Victoria Island Flagship,In-Store Retail,Computing & Peripherals,Ergonomic Office Chair Pro,1,185000,0.1,166500.0,130000,36500.0,0,Delivered On-Time
NEX-103915,2025-05-16,Ibadan,Ring Road Complex,In-Store Retail,Home Appliances,Double Door Refrigerator 320L,1,520000,0.0,520000.0,410000,110000.0,0,Delivered On-Time
NEX-103916,2025-05-30,Ibadan,Ring Road Complex,In-Store Retail,Computing & Peripherals,27-inch 4K Gaming Monitor,1,310000,0.05,294500.0,235000,59500.0,0,Delivered On-Time
NEX-103917,2025-07-28,Port Harcourt,Trans-Amadi Commercial,In-Store Retail,Consumer Electronics,Sony WH-1000XM5 Headphones,1,285000,0.0,285000.0,195000,90000.0,0,Returned
NEX-103918,2025-07-11,Lagos,Lekki Mall Outlet,In-Store Retail,Computing & Peripherals,Wireless Mechanical Keyboard,1,65000,0.0,65000.0,42000,23000.0,0,Delivered On-Time
NEX-103919,2025-07-15,Lagos,Lekki Mall Outlet,Web Direct,Consumer Electronics,iPhone 15 Pro Max 256GB,1,1450000,0.0,1450000.0,1150000,300000.0,0,Delivered On-Time
NEX-103920,2025-05-13,Lagos,Surulere Hub,Web Direct,Consumer Electronics,Dell XPS 15 Laptop,1,1650000,0.05,1567500.0,1320000,247500.0,0,Delivered On-Time
NEX-103921,2025-05-08,Port Harcourt,Trans-Amadi Commercial,Mobile App,Computing & Peripherals,Logitech MX Master 3S Mouse,1,75000,0.0,75000.0,52000,23000.0,1,Returned
NEX-103922,2025-07-11,Lagos,Victoria Island Flagship,In-Store Retail,Consumer Electronics,Galaxy S24 Ultra 512GB,1,1250000,0.0,1250000.0,950000,300000.0,0,Delivered On-Time
NEX-103923,2025-07-13,Abuja,Wuse 2 Retail,In-Store Retail,Consumer Electronics,Sony WH-1000XM5 Headphones,1,285000,0.15,242250.0,195000,47250.0,0,Delivered On-Time
NEX-103924,2025-05-26,Port Harcourt,Trans-Amadi Commercial,In-Store Retail,Computing & Peripherals,1TB NVMe Portable SSD,1,95000,0.15,80750.0,68000,12750.0,0,Delivered On-Time
NEX-103925,2025-07-02,Port Harcourt,Trans-Amadi Commercial,In-Store Retail,Home Appliances,Chest Freezer 200L,1,245000,0.0,245000.0,195000,50000.0,1,Returned
NEX-103926,2025-06-20,Lagos,Ikeja Mega-Store,Corporate B2B,Home Appliances,Smart Inverter Washing Machine 8kg,1,345000,0.0,345000.0,270000,75000.0,0,Delivered On-Time
NEX-103927,2025-06-25,Abuja,Central Business District Store,Web Direct,Consumer Electronics,MacBook Pro 14 M3,2,1850000,0.0,3700000.0,2960000,740000.0,0,Fulfilled In-Store
NEX-103928,2025-07-20,Lagos,Lekki Mall Outlet,In-Store Retail,Consumer Electronics,MacBook Pro 14 M3,1,1850000,0.0,1850000.0,1480000,370000.0,0,Fulfilled In-Store
NEX-103929,2025-06-12,Abuja,Maitama Galleria,In-Store Retail,Computing & Peripherals,Logitech MX Master 3S Mouse,1,75000,0.0,75000.0,52000,23000.0,0,Delivered On-Time
NEX-103930,2025-07-25,Port Harcourt,Trans-Amadi Commercial,In-Store Retail,Home Appliances,Chest Freezer 200L,1,245000,0.0,245000.0,195000,50000.0,0,Delayed Transit
NEX-103931,2025-05-09,Lagos,Victoria Island Flagship,In-Store Retail,Home Appliances,Double Door Refrigerator 320L,1,520000,0.15,442000.0,410000,32000.0,0,Fulfilled In-Store
NEX-103932,2025-05-29,Lagos,Lekki Mall Outlet,In-Store Retail,Home Appliances,Double Door Refrigerator 320L,2,520000,0.15,884000.0,820000,64000.0,0,Delivered On-Time
NEX-103933,2025-07-08,Ibadan,Ring Road Complex,In-Store Retail,Computing & Peripherals,Logitech MX Master 3S Mouse,2,75000,0.0,150000.0,104000,46000.0,0,Delivered On-Time
NEX-103934,2025-06-02,Abuja,Wuse 2 Retail,In-Store Retail,Computing & Peripherals,Ergonomic Office Chair Pro,1,185000,0.0,185000.0,130000,55000.0,0,Delivered On-Time
NEX-103935,2025-07-23,Lagos,Surulere Hub,In-Store Retail,Computing & Peripherals,1TB NVMe Portable SSD,1,95000,0.2,76000.0,68000,8000.0,0,Delivered On-Time
NEX-103936,2025-06-09,Lagos,Surulere Hub,Mobile App,Home Appliances,Chest Freezer 200L,1,245000,0.05,232750.0,195000,37750.0,0,Delivered On-Time
NEX-103937,2025-05-05,Abuja,Wuse 2 Retail,In-Store Retail,Home Appliances,Digital Microwave Oven 25L,1,115000,0.15,97750.0,85000,12750.0,0,Fulfilled In-Store
NEX-103938,2025-07-14,Lagos,Ikeja Mega-Store,Web Direct,Computing & Peripherals,27-inch 4K Gaming Monitor,1,310000,0.0,310000.0,235000,75000.0,0,Returned
NEX-103939,2025-06-10,Lagos,Lekki Mall Outlet,Corporate B2B,Consumer Electronics,Sony WH-1000XM5 Headphones,2,285000,0.15,484500.0,390000,94500.0,0,Fulfilled In-Store
NEX-103940,2025-07-04,Abuja,Wuse 2 Retail,In-Store Retail,Home Appliances,Inverter Split AC 1.5HP (AC-902),1,385000,0.0,385000.0,310000,75000.0,0,Delivered On-Time
NEX-103941,2025-06-19,Lagos,Surulere Hub,In-Store Retail,Home Appliances,Double Door Refrigerator 320L,1,520000,0.0,520000.0,410000,110000.0,1,Returned
NEX-103942,2025-06-12,Lagos,Surulere Hub,In-Store Retail,Consumer Electronics,iPhone 15 Pro Max 256GB,1,1450000,0.1,1305000.0,1150000,155000.0,0,Delivered On-Time
NEX-103943,2025-05-09,Abuja,Central Business District Store,Corporate B2B,Computing & Peripherals,27-inch 4K Gaming Monitor,1,310000,0.05,294500.0,235000,59500.0,0,Delayed Transit
NEX-103944,2025-07-08,Abuja,Wuse 2 Retail,In-Store Retail,Computing & Peripherals,1TB NVMe Portable SSD,1,95000,0.15,80750.0,68000,12750.0,1,Returned
NEX-103945,2025-05-13,Port Harcourt,Trans-Amadi Commercial,Web Direct,Computing & Peripherals,Ergonomic Office Chair Pro,2,185000,0.0,370000.0,260000,110000.0,0,Delivered On-Time
NEX-103946,2025-06-05,Lagos,Surulere Hub,In-Store Retail,Computing & Peripherals,Ergonomic Office Chair Pro,1,185000,0.0,185000.0,130000,55000.0,0,Delivered On-Time
NEX-103947,2025-05-16,Lagos,Lekki Mall Outlet,In-Store Retail,Computing & Peripherals,27-inch 4K Gaming Monitor,1,310000,0.0,310000.0,235000,75000.0,1,Returned
NEX-103948,2025-06-04,Lagos,Surulere Hub,In-Store Retail,Consumer Electronics,iPhone 15 Pro Max 256GB,1,1450000,0.15,1232500.0,1150000,82500.0,0,Delayed Transit
NEX-103949,2025-06-09,Ibadan,Ring Road Complex,In-Store Retail,Computing & Peripherals,Logitech MX Master 3S Mouse,1,75000,0.0,75000.0,52000,23000.0,0,Delivered On-Time
NEX-103950,2025-07-11,Abuja,Maitama Galleria,Web Direct,Home Appliances,Double Door Refrigerator 320L,1,520000,0.0,520000.0,410000,110000.0,0,Returned
NEX-103951,2025-07-31,Abuja,Wuse 2 Retail,Web Direct,Home Appliances,Inverter Split AC 1.5HP (AC-902),2,385000,0.05,731500.0,620000,111500.0,0,Delayed Transit
NEX-103952,2025-06-22,Lagos,Lekki Mall Outlet,Mobile App,Home Appliances,Smart Inverter Washing Machine 8kg,1,345000,0.1,310500.0,270000,40500.0,0,Delayed Transit
NEX-103953,2025-07-25,Ibadan,Ring Road Complex,Mobile App,Home Appliances,Inverter Split AC 1.5HP (AC-902),3,385000,0.1,1039500.0,930000,109500.0,0,Returned
NEX-103954,2025-07-29,Lagos,Ikeja Mega-Store,Corporate B2B,Computing & Peripherals,Logitech MX Master 3S Mouse,1,75000,0.05,71250.0,52000,19250.0,0,Delivered On-Time
NEX-103955,2025-07-21,Lagos,Lekki Mall Outlet,Mobile App,Computing & Peripherals,27-inch 4K Gaming Monitor,1,310000,0.2,248000.0,235000,13000.0,0,Delivered On-Time
NEX-103956,2025-05-08,Lagos,Ikeja Mega-Store,In-Store Retail,Consumer Electronics,Sony WH-1000XM5 Headphones,1,285000,0.1,256500.0,195000,61500.0,0,Delivered On-Time
NEX-103957,2025-05-01,Lagos,Victoria Island Flagship,Corporate B2B,Computing & Peripherals,Logitech MX Master 3S Mouse,1,75000,0.0,75000.0,52000,23000.0,0,Delivered On-Time
NEX-103958,2025-06-22,Kano,Bompai Trade Centre,In-Store Retail,Computing & Peripherals,Logitech MX Master 3S Mouse,1,75000,0.1,67500.0,52000,15500.0,0,Delayed Transit
NEX-103959,2025-05-27,Abuja,Wuse 2 Retail,In-Store Retail,Computing & Peripherals,Logitech MX Master 3S Mouse,1,75000,0.0,75000.0,52000,23000.0,0,Fulfilled In-Store
NEX-103960,2025-06-26,Lagos,Lekki Mall Outlet,In-Store Retail,Consumer Electronics,Sony WH-1000XM5 Headphones,1,285000,0.2,228000.0,195000,33000.0,0,Delivered On-Time
NEX-103961,2025-06-09,Ibadan,Bodija Outlet,Corporate B2B,Consumer Electronics,MacBook Pro 14 M3,1,1850000,0.1,1665000.0,1480000,185000.0,0,Delivered On-Time
NEX-103962,2025-07-05,Lagos,Ikeja Mega-Store,Web Direct,Home Appliances,Chest Freezer 200L,1,245000,0.35,159404.23,195000,-35595.77,0,Delayed Transit
NEX-103963,2025-07-29,Lagos,Victoria Island Flagship,In-Store Retail,Consumer Electronics,iPhone 15 Pro Max 256GB,1,1450000,0.1,1305000.0,1150000,155000.0,0,Delivered On-Time
NEX-103964,2025-05-12,Kano,Nasarawa Road Branch,Corporate B2B,Computing & Peripherals,27-inch 4K Gaming Monitor,2,310000,0.1,558000.0,470000,88000.0,0,Delivered On-Time
NEX-103965,2025-06-11,Lagos,Ikeja Mega-Store,In-Store Retail,Computing & Peripherals,Wireless Mechanical Keyboard,1,65000,0.05,61750.0,42000,19750.0,0,Delayed Transit
NEX-103966,2025-06-22,Ibadan,Bodija Outlet,In-Store Retail,Consumer Electronics,iPhone 15 Pro Max 256GB,3,1450000,0.05,4132500.0,3450000,682500.0,0,Delivered On-Time
NEX-103967,2025-07-10,Abuja,Maitama Galleria,Web Direct,Consumer Electronics,iPhone 15 Pro Max 256GB,4,1450000,0.05,5510000.0,4600000,910000.0,0,Delivered On-Time
NEX-103968,2025-05-24,Lagos,Surulere Hub,Corporate B2B,Home Appliances,Chest Freezer 200L,2,245000,0.15,416500.0,390000,26500.0,0,Delivered On-Time
NEX-103969,2025-06-12,Port Harcourt,GRA Phase 2 Store,In-Store Retail,Home Appliances,Inverter Split AC 1.5HP (AC-902),1,385000,0.0,385000.0,310000,75000.0,0,Delayed Transit
NEX-103970,2025-07-03,Lagos,Victoria Island Flagship,Web Direct,Home Appliances,Inverter Split AC 1.5HP (AC-902),1,385000,0.33,256733.3,310000,-53266.7,0,Delivered On-Time
NEX-103971,2025-05-12,Lagos,Victoria Island Flagship,In-Store Retail,Computing & Peripherals,1TB NVMe Portable SSD,1,95000,0.15,80750.0,68000,12750.0,0,Delivered On-Time
NEX-103972,2025-07-23,Lagos,Lekki Mall Outlet,Web Direct,Computing & Peripherals,Wireless Mechanical Keyboard,2,65000,0.0,130000.0,84000,46000.0,0,Delivered On-Time
NEX-103973,2025-07-22,Lagos,Lekki Mall Outlet,In-Store Retail,Consumer Electronics,Sony WH-1000XM5 Headphones,2,285000,0.2,456000.0,390000,66000.0,0,Delivered On-Time
NEX-103974,2025-06-16,Lagos,Victoria Island Flagship,In-Store Retail,Computing & Peripherals,Ergonomic Office Chair Pro,1,185000,0.0,185000.0,130000,55000.0,0,Delivered On-Time
NEX-103975,2025-05-26,Lagos,Lekki Mall Outlet,Corporate B2B,Home Appliances,Chest Freezer 200L,1,245000,0.05,232750.0,195000,37750.0,0,Delivered On-Time
NEX-103976,2025-07-28,Lagos,Victoria Island Flagship,Mobile App,Home Appliances,Inverter Split AC 1.5HP (AC-902),1,385000,0.35,250895.14,310000,-59104.86,1,Returned
NEX-103977,2025-07-29,Port Harcourt,Trans-Amadi Commercial,Corporate B2B,Consumer Electronics,iPhone 15 Pro Max 256GB,2,1450000,0.0,2900000.0,2300000,600000.0,0,Delivered On-Time
NEX-103978,2025-06-27,Lagos,Ikeja Mega-Store,Mobile App,Consumer Electronics,Galaxy S24 Ultra 512GB,1,1250000,0.05,1187500.0,950000,237500.0,0,Delayed Transit
NEX-103979,2025-05-10,Abuja,Wuse 2 Retail,In-Store Retail,Computing & Peripherals,1TB NVMe Portable SSD,2,95000,0.05,180500.0,136000,44500.0,0,Fulfilled In-Store
NEX-103980,2025-06-08,Abuja,Wuse 2 Retail,Web Direct,Computing & Peripherals,27-inch 4K Gaming Monitor,2,310000,0.15,527000.0,470000,57000.0,0,Delivered On-Time
NEX-103981,2025-07-16,Lagos,Ikeja Mega-Store,Web Direct,Consumer Electronics,MacBook Pro 14 M3,1,1850000,0.1,1665000.0,1480000,185000.0,0,Delivered On-Time
NEX-103982,2025-07-23,Kano,Nasarawa Road Branch,Web Direct,Home Appliances,Inverter Split AC 1.5HP (AC-902),1,385000,0.0,385000.0,310000,75000.0,0,Delivered On-Time
NEX-103983,2025-05-05,Abuja,Wuse 2 Retail,In-Store Retail,Computing & Peripherals,27-inch 4K Gaming Monitor,1,310000,0.2,248000.0,235000,13000.0,0,Delivered On-Time
NEX-103984,2025-07-22,Abuja,Wuse 2 Retail,In-Store Retail,Computing & Peripherals,1TB NVMe Portable SSD,1,95000,0.0,95000.0,68000,27000.0,0,Delivered On-Time
NEX-103985,2025-05-09,Lagos,Surulere Hub,Web Direct,Home Appliances,Inverter Split AC 1.5HP (AC-902),3,385000,0.2,924000.0,930000,-6000.0,1,Returned
NEX-103986,2025-06-07,Kano,Bompai Trade Centre,Corporate B2B,Home Appliances,Double Door Refrigerator 320L,1,520000,0.0,520000.0,410000,110000.0,0,Delayed Transit
NEX-103987,2025-07-12,Abuja,Central Business District Store,In-Store Retail,Consumer Electronics,Galaxy S24 Ultra 512GB,1,1250000,0.1,1125000.0,950000,175000.0,0,Fulfilled In-Store
NEX-103988,2025-06-03,Abuja,Wuse 2 Retail,Web Direct,Computing & Peripherals,27-inch 4K Gaming Monitor,2,310000,0.0,620000.0,470000,150000.0,0,Delivered On-Time
NEX-103989,2025-06-01,Lagos,Lekki Mall Outlet,Web Direct,Home Appliances,Digital Microwave Oven 25L,4,115000,0.0,460000.0,340000,120000.0,0,Fulfilled In-Store
NEX-103990,2025-06-23,Lagos,Surulere Hub,Corporate B2B,Computing & Peripherals,27-inch 4K Gaming Monitor,1,310000,0.0,310000.0,235000,75000.0,0,Delivered On-Time
NEX-103991,2025-05-08,Lagos,Surulere Hub,In-Store Retail,Consumer Electronics,Sony WH-1000XM5 Headphones,1,285000,0.0,285000.0,195000,90000.0,0,Fulfilled In-Store
NEX-103992,2025-07-30,Ibadan,Bodija Outlet,In-Store Retail,Consumer Electronics,iPhone 15 Pro Max 256GB,2,1450000,0.0,2900000.0,2300000,600000.0,0,Returned
NEX-103993,2025-07-10,Kano,Bompai Trade Centre,In-Store Retail,Consumer Electronics,Sony WH-1000XM5 Headphones,1,285000,0.0,285000.0,195000,90000.0,0,Delivered On-Time
NEX-103994,2025-06-16,Abuja,Maitama Galleria,Web Direct,Consumer Electronics,Dell XPS 15 Laptop,2,1650000,0.05,3135000.0,2640000,495000.0,0,Delivered On-Time
NEX-103995,2025-06-01,Lagos,Ikeja Mega-Store,Web Direct,Home Appliances,Smart Inverter Washing Machine 8kg,1,345000,0.15,293250.0,270000,23250.0,0,Delayed Transit
NEX-103996,2025-06-30,Abuja,Maitama Galleria,Web Direct,Computing & Peripherals,27-inch 4K Gaming Monitor,1,310000,0.0,310000.0,235000,75000.0,0,Delivered On-Time
NEX-103997,2025-07-18,Lagos,Lekki Mall Outlet,Web Direct,Computing & Peripherals,Logitech MX Master 3S Mouse,2,75000,0.2,120000.0,104000,16000.0,0,Delivered On-Time
NEX-103998,2025-05-31,Lagos,Victoria Island Flagship,In-Store Retail,Consumer Electronics,Sony WH-1000XM5 Headphones,1,285000,0.15,242250.0,195000,47250.0,0,Delivered On-Time
NEX-103999,2025-07-17,Port Harcourt,Trans-Amadi Commercial,Mobile App,Computing & Peripherals,Logitech MX Master 3S Mouse,2,75000,0.1,135000.0,104000,31000.0,0,Delivered On-Time
NEX-104000,2025-05-18,Kano,Nasarawa Road Branch,In-Store Retail,Home Appliances,Digital Microwave Oven 25L,1,115000,0.2,92000.0,85000,7000.0,0,Delivered On-Time
NEX-104001,2025-06-16,Kano,Nasarawa Road Branch,In-Store Retail,Home Appliances,Chest Freezer 200L,1,245000,0.05,232750.0,195000,37750.0,0,Delayed Transit
NEX-104002,2025-06-05,Lagos,Lekki Mall Outlet,Web Direct,Computing & Peripherals,27-inch 4K Gaming Monitor,1,310000,0.0,310000.0,235000,75000.0,0,Delayed Transit
NEX-104003,2025-05-16,Port Harcourt,Trans-Amadi Commercial,Corporate B2B,Computing & Peripherals,Logitech MX Master 3S Mouse,4,75000,0.15,255000.0,208000,47000.0,0,Fulfilled In-Store
NEX-104004,2025-06-24,Abuja,Wuse 2 Retail,In-Store Retail,Home Appliances,Double Door Refrigerator 320L,2,520000,0.1,936000.0,820000,116000.0,0,Delayed Transit
NEX-104005,2025-05-08,Lagos,Victoria Island Flagship,Web Direct,Consumer Electronics,Sony WH-1000XM5 Headphones,2,285000,0.0,570000.0,390000,180000.0,1,Returned
NEX-104006,2025-07-09,Lagos,Surulere Hub,Corporate B2B,Home Appliances,Double Door Refrigerator 320L,1,520000,0.37,325873.86,410000,-84126.14,0,Delivered On-Time
NEX-104007,2025-06-11,Lagos,Victoria Island Flagship,Mobile App,Consumer Electronics,iPhone 15 Pro Max 256GB,1,1450000,0.0,1450000.0,1150000,300000.0,0,Delivered On-Time
NEX-104008,2025-05-24,Abuja,Maitama Galleria,In-Store Retail,Computing & Peripherals,Ergonomic Office Chair Pro,1,185000,0.2,148000.0,130000,18000.0,0,Delivered On-Time
NEX-104009,2025-06-14,Lagos,Ikeja Mega-Store,Mobile App,Home Appliances,Chest Freezer 200L,1,245000,0.2,196000.0,195000,1000.0,0,Delivered On-Time
NEX-104010,2025-07-07,Lagos,Surulere Hub,Web Direct,Computing & Peripherals,Logitech MX Master 3S Mouse,1,75000,0.05,71250.0,52000,19250.0,0,Fulfilled In-Store
NEX-104011,2025-05-03,Port Harcourt,Trans-Amadi Commercial,In-Store Retail,Computing & Peripherals,1TB NVMe Portable SSD,2,95000,0.0,190000.0,136000,54000.0,0,Fulfilled In-Store
NEX-104012,2025-06-09,Lagos,Surulere Hub,In-Store Retail,Home Appliances,Chest Freezer 200L,2,245000,0.1,441000.0,390000,51000.0,0,Delivered On-Time
NEX-104013,2025-07-07,Lagos,Victoria Island Flagship,Web Direct,Consumer Electronics,iPhone 15 Pro Max 256GB,5,1450000,0.15,6162500.0,5750000,412500.0,0,Delivered On-Time
NEX-104014,2025-06-23,Port Harcourt,Trans-Amadi Commercial,Web Direct,Home Appliances,Digital Microwave Oven 25L,2,115000,0.0,230000.0,170000,60000.0,0,Delayed Transit
NEX-104015,2025-05-09,Abuja,Wuse 2 Retail,Web Direct,Home Appliances,Double Door Refrigerator 320L,2,520000,0.1,936000.0,820000,116000.0,0,Delivered On-Time
NEX-104016,2025-07-13,Lagos,Lekki Mall Outlet,Corporate B2B,Home Appliances,Chest Freezer 200L,1,245000,0.38,152577.15,195000,-42422.85,0,Delivered On-Time
NEX-104017,2025-06-26,Lagos,Lekki Mall Outlet,Mobile App,Consumer Electronics,Galaxy S24 Ultra 512GB,1,1250000,0.05,1187500.0,950000,237500.0,0,Delivered On-Time
NEX-104018,2025-05-18,Lagos,Victoria Island Flagship,Web Direct,Computing & Peripherals,Logitech MX Master 3S Mouse,3,75000,0.0,225000.0,156000,69000.0,0,Delivered On-Time
NEX-104019,2025-07-19,Kano,Bompai Trade Centre,Web Direct,Computing & Peripherals,Logitech MX Master 3S Mouse,1,75000,0.05,71250.0,52000,19250.0,0,Fulfilled In-Store
NEX-104020,2025-05-03,Lagos,Ikeja Mega-Store,In-Store Retail,Consumer Electronics,Galaxy S24 Ultra 512GB,2,1250000,0.0,2500000.0,1900000,600000.0,0,Delayed Transit
NEX-104021,2025-07-16,Lagos,Victoria Island Flagship,In-Store Retail,Home Appliances,Digital Microwave Oven 25L,1,115000,0.31,78887.76,85000,-6112.24,0,Delivered On-Time
NEX-104022,2025-05-06,Abuja,Maitama Galleria,In-Store Retail,Computing & Peripherals,27-inch 4K Gaming Monitor,1,310000,0.0,310000.0,235000,75000.0,0,Delayed Transit
NEX-104023,2025-06-15,Abuja,Maitama Galleria,Mobile App,Home Appliances,Double Door Refrigerator 320L,1,520000,0.05,494000.0,410000,84000.0,0,Delayed Transit
NEX-104024,2025-07-28,Abuja,Maitama Galleria,In-Store Retail,Computing & Peripherals,Wireless Mechanical Keyboard,1,65000,0.1,58500.0,42000,16500.0,0,Delivered On-Time
NEX-104025,2025-06-14,Lagos,Ikeja Mega-Store,Web Direct,Consumer Electronics,MacBook Pro 14 M3,1,1850000,0.05,1757500.0,1480000,277500.0,0,Delivered On-Time
NEX-104026,2025-05-31,Lagos,Surulere Hub,In-Store Retail,Computing & Peripherals,Logitech MX Master 3S Mouse,1,75000,0.05,71250.0,52000,19250.0,0,Fulfilled In-Store
NEX-104027,2025-05-17,Lagos,Lekki Mall Outlet,Web Direct,Home Appliances,Smart Inverter Washing Machine 8kg,1,345000,0.05,327750.0,270000,57750.0,1,Returned
NEX-104028,2025-07-15,Lagos,Ikeja Mega-Store,In-Store Retail,Home Appliances,Digital Microwave Oven 25L,1,115000,0.37,72502.45,85000,-12497.55,0,Fulfilled In-Store
NEX-104029,2025-05-04,Ibadan,Bodija Outlet,In-Store Retail,Computing & Peripherals,1TB NVMe Portable SSD,1,95000,0.05,90250.0,68000,22250.0,0,Delivered On-Time
NEX-104030,2025-07-30,Ibadan,Bodija Outlet,Corporate B2B,Home Appliances,Digital Microwave Oven 25L,1,115000,0.1,103500.0,85000,18500.0,0,Delivered On-Time
NEX-104031,2025-05-16,Port Harcourt,GRA Phase 2 Store,In-Store Retail,Consumer Electronics,MacBook Pro 14 M3,1,1850000,0.05,1757500.0,1480000,277500.0,0,Fulfilled In-Store
NEX-104032,2025-05-07,Lagos,Lekki Mall Outlet,Corporate B2B,Home Appliances,Chest Freezer 200L,1,245000,0.0,245000.0,195000,50000.0,0,Delivered On-Time
NEX-104033,2025-06-18,Abuja,Maitama Galleria,Web Direct,Home Appliances,Chest Freezer 200L,2,245000,0.1,441000.0,390000,51000.0,0,Delivered On-Time
NEX-104034,2025-07-28,Lagos,Lekki Mall Outlet,Corporate B2B,Home Appliances,Smart Inverter Washing Machine 8kg,3,345000,0.32,702226.92,810000,-107773.08,0,Fulfilled In-Store
NEX-104035,2025-05-24,Abuja,Central Business District Store,In-Store Retail,Computing & Peripherals,1TB NVMe Portable SSD,1,95000,0.0,95000.0,68000,27000.0,0,Delivered On-Time
NEX-104036,2025-07-13,Lagos,Surulere Hub,In-Store Retail,Computing & Peripherals,Ergonomic Office Chair Pro,1,185000,0.05,175750.0,130000,45750.0,0,Delivered On-Time
NEX-104037,2025-05-09,Abuja,Maitama Galleria,In-Store Retail,Home Appliances,Double Door Refrigerator 320L,5,520000,0.0,2600000.0,2050000,550000.0,0,Delivered On-Time
NEX-104038,2025-07-31,Kano,Nasarawa Road Branch,In-Store Retail,Consumer Electronics,Sony WH-1000XM5 Headphones,1,285000,0.0,285000.0,195000,90000.0,0,Delayed Transit
NEX-104039,2025-07-31,Port Harcourt,GRA Phase 2 Store,Corporate B2B,Computing & Peripherals,27-inch 4K Gaming Monitor,1,310000,0.1,279000.0,235000,44000.0,0,Fulfilled In-Store
NEX-104040,2025-05-26,Kano,Bompai Trade Centre,Web Direct,Computing & Peripherals,Wireless Mechanical Keyboard,1,65000,0.0,65000.0,42000,23000.0,0,Fulfilled In-Store
NEX-104041,2025-05-21,Port Harcourt,Trans-Amadi Commercial,Web Direct,Computing & Peripherals,Logitech MX Master 3S Mouse,1,75000,0.05,71250.0,52000,19250.0,0,Delivered On-Time
NEX-104042,2025-07-06,Abuja,Wuse 2 Retail,Corporate B2B,Home Appliances,Inverter Split AC 1.5HP (AC-902),5,385000,0.05,1828750.0,1550000,278750.0,0,Delivered On-Time
NEX-104043,2025-07-16,Ibadan,Bodija Outlet,In-Store Retail,Computing & Peripherals,Wireless Mechanical Keyboard,4,65000,0.15,221000.0,168000,53000.0,1,Returned
NEX-104044,2025-07-13,Lagos,Ikeja Mega-Store,In-Store Retail,Consumer Electronics,Sony WH-1000XM5 Headphones,1,285000,0.0,285000.0,195000,90000.0,0,Delivered On-Time
NEX-104045,2025-05-21,Lagos,Surulere Hub,Corporate B2B,Computing & Peripherals,Ergonomic Office Chair Pro,1,185000,0.05,175750.0,130000,45750.0,0,Delivered On-Time
NEX-104046,2025-07-17,Ibadan,Bodija Outlet,In-Store Retail,Computing & Peripherals,Ergonomic Office Chair Pro,1,185000,0.05,175750.0,130000,45750.0,0,Fulfilled In-Store
NEX-104047,2025-06-30,Lagos,Lekki Mall Outlet,In-Store Retail,Computing & Peripherals,Wireless Mechanical Keyboard,1,65000,0.05,61750.0,42000,19750.0,0,Delivered On-Time
NEX-104048,2025-07-09,Lagos,Surulere Hub,Web Direct,Home Appliances,Double Door Refrigerator 320L,1,520000,0.35,339721.28,410000,-70278.72,0,Delivered On-Time
NEX-104049,2025-07-31,Lagos,Victoria Island Flagship,Corporate B2B,Home Appliances,Double Door Refrigerator 320L,1,520000,0.32,351580.96,410000,-58419.04,0,Delivered On-Time
NEX-104050,2025-05-25,Lagos,Surulere Hub,In-Store Retail,Consumer Electronics,Sony WH-1000XM5 Headphones,1,285000,0.0,285000.0,195000,90000.0,0,Delivered On-Time
NEX-104051,2025-06-05,Abuja,Maitama Galleria,In-Store Retail,Computing & Peripherals,Wireless Mechanical Keyboard,3,65000,0.0,195000.0,126000,69000.0,0,Fulfilled In-Store
NEX-104052,2025-05-16,Ibadan,Bodija Outlet,Web Direct,Consumer Electronics,Dell XPS 15 Laptop,1,1650000,0.15,1402500.0,1320000,82500.0,0,Delivered On-Time
NEX-104053,2025-06-09,Port Harcourt,Trans-Amadi Commercial,Corporate B2B,Computing & Peripherals,Ergonomic Office Chair Pro,1,185000,0.05,175750.0,130000,45750.0,0,Delivered On-Time
NEX-104054,2025-05-01,Abuja,Wuse 2 Retail,Web Direct,Computing & Peripherals,Logitech MX Master 3S Mouse,1,75000,0.05,71250.0,52000,19250.0,0,Delivered On-Time
NEX-104055,2025-06-25,Lagos,Victoria Island Flagship,In-Store Retail,Computing & Peripherals,1TB NVMe Portable SSD,4,95000,0.0,380000.0,272000,108000.0,0,Fulfilled In-Store
NEX-104056,2025-06-07,Lagos,Lekki Mall Outlet,In-Store Retail,Consumer Electronics,iPhone 15 Pro Max 256GB,1,1450000,0.0,1450000.0,1150000,300000.0,0,Delivered On-Time
NEX-104057,2025-05-30,Lagos,Surulere Hub,Web Direct,Consumer Electronics,iPhone 15 Pro Max 256GB,2,1450000,0.15,2465000.0,2300000,165000.0,0,Fulfilled In-Store
NEX-104058,2025-07-04,Lagos,Ikeja Mega-Store,In-Store Retail,Consumer Electronics,iPhone 15 Pro Max 256GB,1,1450000,0.0,1450000.0,1150000,300000.0,0,Delivered On-Time
NEX-104059,2025-06-06,Ibadan,Ring Road Complex,In-Store Retail,Consumer Electronics,Galaxy S24 Ultra 512GB,1,1250000,0.0,1250000.0,950000,300000.0,0,Delivered On-Time
NEX-104060,2025-06-30,Lagos,Surulere Hub,In-Store Retail,Home Appliances,Chest Freezer 200L,1,245000,0.05,232750.0,195000,37750.0,0,Fulfilled In-Store
NEX-104061,2025-07-02,Abuja,Maitama Galleria,In-Store Retail,Computing & Peripherals,1TB NVMe Portable SSD,2,95000,0.15,161500.0,136000,25500.0,0,Delayed Transit
NEX-104062,2025-05-12,Lagos,Lekki Mall Outlet,In-Store Retail,Computing & Peripherals,Wireless Mechanical Keyboard,1,65000,0.0,65000.0,42000,23000.0,0,Delayed Transit
NEX-104063,2025-07-07,Lagos,Surulere Hub,Corporate B2B,Computing & Peripherals,1TB NVMe Portable SSD,1,95000,0.0,95000.0,68000,27000.0,0,Delivered On-Time
NEX-104064,2025-05-15,Lagos,Lekki Mall Outlet,Mobile App,Home Appliances,Chest Freezer 200L,3,245000,0.0,735000.0,585000,150000.0,0,Fulfilled In-Store
NEX-104065,2025-06-10,Lagos,Surulere Hub,In-Store Retail,Home Appliances,Digital Microwave Oven 25L,1,115000,0.0,115000.0,85000,30000.0,0,Delivered On-Time
NEX-104066,2025-07-04,Lagos,Surulere Hub,In-Store Retail,Home Appliances,Inverter Split AC 1.5HP (AC-902),2,385000,0.37,483756.0,620000,-136244.0,1,Returned
NEX-104067,2025-07-12,Port Harcourt,Trans-Amadi Commercial,In-Store Retail,Home Appliances,Chest Freezer 200L,2,245000,0.05,465500.0,390000,75500.0,0,Delivered On-Time
NEX-104068,2025-05-24,Port Harcourt,GRA Phase 2 Store,Web Direct,Consumer Electronics,Galaxy S24 Ultra 512GB,1,1250000,0.0,1250000.0,950000,300000.0,0,Delayed Transit
NEX-104069,2025-06-26,Lagos,Lekki Mall Outlet,Web Direct,Home Appliances,Inverter Split AC 1.5HP (AC-902),1,385000,0.05,365750.0,310000,55750.0,0,Delivered On-Time
NEX-104070,2025-05-24,Lagos,Victoria Island Flagship,Corporate B2B,Computing & Peripherals,Logitech MX Master 3S Mouse,1,75000,0.0,75000.0,52000,23000.0,0,Delivered On-Time
NEX-104071,2025-05-08,Port Harcourt,Trans-Amadi Commercial,In-Store Retail,Consumer Electronics,MacBook Pro 14 M3,2,1850000,0.0,3700000.0,2960000,740000.0,0,Delayed Transit
NEX-104072,2025-06-30,Lagos,Ikeja Mega-Store,Web Direct,Consumer Electronics,Dell XPS 15 Laptop,1,1650000,0.1,1485000.0,1320000,165000.0,0,Fulfilled In-Store
NEX-104073,2025-07-07,Abuja,Maitama Galleria,Corporate B2B,Home Appliances,Digital Microwave Oven 25L,1,115000,0.15,97750.0,85000,12750.0,0,Delayed Transit
NEX-104074,2025-06-30,Ibadan,Bodija Outlet,Corporate B2B,Home Appliances,Double Door Refrigerator 320L,1,520000,0.15,442000.0,410000,32000.0,0,Delivered On-Time
NEX-104075,2025-07-05,Port Harcourt,Trans-Amadi Commercial,Corporate B2B,Home Appliances,Inverter Split AC 1.5HP (AC-902),1,385000,0.05,365750.0,310000,55750.0,0,Delivered On-Time
NEX-104076,2025-06-11,Kano,Nasarawa Road Branch,Corporate B2B,Consumer Electronics,MacBook Pro 14 M3,1,1850000,0.0,1850000.0,1480000,370000.0,0,Delayed Transit
NEX-104077,2025-07-16,Lagos,Ikeja Mega-Store,Web Direct,Consumer Electronics,Sony WH-1000XM5 Headphones,1,285000,0.1,256500.0,195000,61500.0,0,Delivered On-Time
NEX-104078,2025-06-15,Lagos,Victoria Island Flagship,In-Store Retail,Home Appliances,Double Door Refrigerator 320L,1,520000,0.05,494000.0,410000,84000.0,0,Delayed Transit
NEX-104079,2025-06-24,Abuja,Central Business District Store,In-Store Retail,Home Appliances,Double Door Refrigerator 320L,1,520000,0.1,468000.0,410000,58000.0,0,Fulfilled In-Store
NEX-104080,2025-06-26,Lagos,Lekki Mall Outlet,Web Direct,Computing & Peripherals,1TB NVMe Portable SSD,2,95000,0.1,171000.0,136000,35000.0,0,Delivered On-Time
NEX-104081,2025-07-04,Abuja,Maitama Galleria,In-Store Retail,Home Appliances,Smart Inverter Washing Machine 8kg,2,345000,0.05,655500.0,540000,115500.0,0,Delivered On-Time
NEX-104082,2025-06-20,Lagos,Surulere Hub,In-Store Retail,Computing & Peripherals,Wireless Mechanical Keyboard,2,65000,0.15,110500.0,84000,26500.0,1,Returned
NEX-104083,2025-07-29,Ibadan,Bodija Outlet,In-Store Retail,Consumer Electronics,Galaxy S24 Ultra 512GB,1,1250000,0.0,1250000.0,950000,300000.0,0,Fulfilled In-Store
NEX-104084,2025-07-08,Lagos,Surulere Hub,Web Direct,Computing & Peripherals,Logitech MX Master 3S Mouse,2,75000,0.1,135000.0,104000,31000.0,0,Fulfilled In-Store
NEX-104085,2025-07-06,Ibadan,Ring Road Complex,In-Store Retail,Computing & Peripherals,Wireless Mechanical Keyboard,1,65000,0.2,52000.0,42000,10000.0,0,Delivered On-Time
NEX-104086,2025-05-11,Lagos,Ikeja Mega-Store,In-Store Retail,Consumer Electronics,Sony WH-1000XM5 Headphones,1,285000,0.05,270750.0,195000,75750.0,0,Delivered On-Time
NEX-104087,2025-07-07,Lagos,Surulere Hub,Web Direct,Computing & Peripherals,1TB NVMe Portable SSD,1,95000,0.15,80750.0,68000,12750.0,0,Fulfilled In-Store
NEX-104088,2025-05-16,Lagos,Victoria Island Flagship,In-Store Retail,Home Appliances,Digital Microwave Oven 25L,1,115000,0.0,115000.0,85000,30000.0,0,Delivered On-Time
NEX-104089,2025-06-17,Ibadan,Bodija Outlet,Web Direct,Home Appliances,Double Door Refrigerator 320L,2,520000,0.1,936000.0,820000,116000.0,0,Delivered On-Time
NEX-104090,2025-05-01,Lagos,Surulere Hub,In-Store Retail,Computing & Peripherals,Wireless Mechanical Keyboard,1,65000,0.0,65000.0,42000,23000.0,1,Returned
NEX-104091,2025-07-08,Abuja,Wuse 2 Retail,Web Direct,Consumer Electronics,Galaxy S24 Ultra 512GB,1,1250000,0.15,1062500.0,950000,112500.0,0,Delivered On-Time
NEX-104092,2025-05-20,Lagos,Surulere Hub,Web Direct,Home Appliances,Digital Microwave Oven 25L,1,115000,0.0,115000.0,85000,30000.0,1,Returned
NEX-104093,2025-05-15,Lagos,Lekki Mall Outlet,In-Store Retail,Consumer Electronics,Sony WH-1000XM5 Headphones,2,285000,0.15,484500.0,390000,94500.0,0,Delivered On-Time
NEX-104094,2025-06-21,Lagos,Ikeja Mega-Store,In-Store Retail,Computing & Peripherals,27-inch 4K Gaming Monitor,1,310000,0.05,294500.0,235000,59500.0,0,Returned
NEX-104095,2025-05-12,Lagos,Lekki Mall Outlet,In-Store Retail,Home Appliances,Digital Microwave Oven 25L,1,115000,0.0,115000.0,85000,30000.0,0,Fulfilled In-Store
NEX-104096,2025-06-09,Lagos,Lekki Mall Outlet,In-Store Retail,Computing & Peripherals,1TB NVMe Portable SSD,1,95000,0.0,95000.0,68000,27000.0,0,Delivered On-Time
NEX-104097,2025-07-13,Abuja,Central Business District Store,Mobile App,Home Appliances,Smart Inverter Washing Machine 8kg,1,345000,0.0,345000.0,270000,75000.0,0,Delivered On-Time
NEX-104098,2025-06-14,Port Harcourt,GRA Phase 2 Store,Mobile App,Consumer Electronics,Sony WH-1000XM5 Headphones,1,285000,0.0,285000.0,195000,90000.0,0,Delivered On-Time
NEX-104099,2025-05-22,Lagos,Lekki Mall Outlet,Corporate B2B,Computing & Peripherals,27-inch 4K Gaming Monitor,1,310000,0.05,294500.0,235000,59500.0,0,Delivered On-Time
NEX-104100,2025-06-07,Kano,Nasarawa Road Branch,In-Store Retail,Computing & Peripherals,1TB NVMe Portable SSD,1,95000,0.1,85500.0,68000,17500.0,0,Delivered On-Time
NEX-104101,2025-07-17,Lagos,Ikeja Mega-Store,Web Direct,Home Appliances,Smart Inverter Washing Machine 8kg,1,345000,0.37,217102.23,270000,-52897.77,0,Delivered On-Time
NEX-104102,2025-07-29,Ibadan,Bodija Outlet,In-Store Retail,Consumer Electronics,MacBook Pro 14 M3,1,1850000,0.0,1850000.0,1480000,370000.0,0,Delivered On-Time
NEX-104103,2025-06-26,Lagos,Surulere Hub,In-Store Retail,Home Appliances,Inverter Split AC 1.5HP (AC-902),4,385000,0.05,1463000.0,1240000,223000.0,1,Returned
NEX-104104,2025-06-22,Ibadan,Ring Road Complex,In-Store Retail,Consumer Electronics,iPhone 15 Pro Max 256GB,2,1450000,0.05,2755000.0,2300000,455000.0,0,Delivered On-Time
NEX-104105,2025-05-24,Abuja,Maitama Galleria,In-Store Retail,Home Appliances,Smart Inverter Washing Machine 8kg,1,345000,0.15,293250.0,270000,23250.0,0,Delivered On-Time
NEX-104106,2025-06-26,Lagos,Victoria Island Flagship,Corporate B2B,Consumer Electronics,Sony WH-1000XM5 Headphones,1,285000,0.0,285000.0,195000,90000.0,0,Delivered On-Time
NEX-104107,2025-05-23,Port Harcourt,GRA Phase 2 Store,Corporate B2B,Computing & Peripherals,Ergonomic Office Chair Pro,3,185000,0.1,499500.0,390000,109500.0,0,Fulfilled In-Store
NEX-104108,2025-07-02,Lagos,Ikeja Mega-Store,Web Direct,Computing & Peripherals,1TB NVMe Portable SSD,1,95000,0.05,90250.0,68000,22250.0,0,Delivered On-Time
NEX-104109,2025-05-30,Abuja,Central Business District Store,Corporate B2B,Home Appliances,Inverter Split AC 1.5HP (AC-902),3,385000,0.0,1155000.0,930000,225000.0,0,Delivered On-Time
NEX-104110,2025-05-11,Lagos,Lekki Mall Outlet,In-Store Retail,Home Appliances,Smart Inverter Washing Machine 8kg,1,345000,0.0,345000.0,270000,75000.0,0,Delivered On-Time
NEX-104111,2025-06-25,Lagos,Lekki Mall Outlet,Web Direct,Computing & Peripherals,Wireless Mechanical Keyboard,1,65000,0.1,58500.0,42000,16500.0,0,Delivered On-Time
NEX-104112,2025-06-17,Lagos,Ikeja Mega-Store,Corporate B2B,Computing & Peripherals,Logitech MX Master 3S Mouse,1,75000,0.0,75000.0,52000,23000.0,0,Fulfilled In-Store
NEX-104113,2025-05-18,Lagos,Victoria Island Flagship,Corporate B2B,Consumer Electronics,Sony WH-1000XM5 Headphones,1,285000,0.0,285000.0,195000,90000.0,0,Delivered On-Time
NEX-104114,2025-05-23,Port Harcourt,Trans-Amadi Commercial,In-Store Retail,Home Appliances,Smart Inverter Washing Machine 8kg,1,345000,0.0,345000.0,270000,75000.0,0,Fulfilled In-Store
NEX-104115,2025-06-04,Lagos,Victoria Island Flagship,In-Store Retail,Consumer Electronics,iPhone 15 Pro Max 256GB,1,1450000,0.0,1450000.0,1150000,300000.0,0,Delivered On-Time
NEX-104116,2025-05-12,Abuja,Central Business District Store,Corporate B2B,Home Appliances,Double Door Refrigerator 320L,2,520000,0.0,1040000.0,820000,220000.0,0,Delivered On-Time
NEX-104117,2025-07-28,Lagos,Ikeja Mega-Store,Corporate B2B,Computing & Peripherals,Ergonomic Office Chair Pro,1,185000,0.0,185000.0,130000,55000.0,0,Delivered On-Time
NEX-104118,2025-05-19,Kano,Bompai Trade Centre,In-Store Retail,Home Appliances,Chest Freezer 200L,1,245000,0.0,245000.0,195000,50000.0,0,Delayed Transit
NEX-104119,2025-07-07,Kano,Nasarawa Road Branch,In-Store Retail,Home Appliances,Inverter Split AC 1.5HP (AC-902),1,385000,0.0,385000.0,310000,75000.0,0,Delayed Transit
NEX-104120,2025-05-24,Abuja,Central Business District Store,In-Store Retail,Consumer Electronics,iPhone 15 Pro Max 256GB,1,1450000,0.05,1377500.0,1150000,227500.0,0,Delivered On-Time
NEX-104121,2025-06-22,Lagos,Surulere Hub,Mobile App,Home Appliances,Digital Microwave Oven 25L,1,115000,0.15,97750.0,85000,12750.0,0,Delivered On-Time
NEX-104122,2025-07-05,Kano,Bompai Trade Centre,Corporate B2B,Computing & Peripherals,Logitech MX Master 3S Mouse,1,75000,0.05,71250.0,52000,19250.0,0,Delayed Transit
NEX-104123,2025-07-13,Lagos,Victoria Island Flagship,Corporate B2B,Consumer Electronics,Sony WH-1000XM5 Headphones,1,285000,0.05,270750.0,195000,75750.0,0,Returned
NEX-104124,2025-06-21,Lagos,Lekki Mall Outlet,Web Direct,Computing & Peripherals,27-inch 4K Gaming Monitor,3,310000,0.0,930000.0,705000,225000.0,0,Delivered On-Time
NEX-104125,2025-06-26,Abuja,Central Business District Store,Corporate B2B,Consumer Electronics,iPhone 15 Pro Max 256GB,1,1450000,0.0,1450000.0,1150000,300000.0,0,Fulfilled In-Store
NEX-104126,2025-05-14,Abuja,Wuse 2 Retail,In-Store Retail,Consumer Electronics,MacBook Pro 14 M3,1,1850000,0.0,1850000.0,1480000,370000.0,0,Delivered On-Time
NEX-104127,2025-05-26,Lagos,Lekki Mall Outlet,Corporate B2B,Computing & Peripherals,27-inch 4K Gaming Monitor,1,310000,0.0,310000.0,235000,75000.0,0,Delivered On-Time
NEX-104128,2025-05-02,Lagos,Surulere Hub,In-Store Retail,Consumer Electronics,Galaxy S24 Ultra 512GB,2,1250000,0.0,2500000.0,1900000,600000.0,0,Delayed Transit
NEX-104129,2025-07-18,Abuja,Maitama Galleria,Mobile App,Consumer Electronics,Galaxy S24 Ultra 512GB,1,1250000,0.1,1125000.0,950000,175000.0,0,Delivered On-Time
NEX-104130,2025-07-01,Abuja,Central Business District Store,In-Store Retail,Consumer Electronics,MacBook Pro 14 M3,2,1850000,0.15,3145000.0,2960000,185000.0,0,Delivered On-Time
NEX-104131,2025-07-26,Lagos,Surulere Hub,In-Store Retail,Home Appliances,Double Door Refrigerator 320L,1,520000,0.32,354637.09,410000,-55362.91,0,Delivered On-Time
NEX-104132,2025-05-19,Lagos,Victoria Island Flagship,Corporate B2B,Home Appliances,Digital Microwave Oven 25L,1,115000,0.05,109250.0,85000,24250.0,0,Fulfilled In-Store
NEX-104133,2025-06-13,Lagos,Victoria Island Flagship,Corporate B2B,Home Appliances,Inverter Split AC 1.5HP (AC-902),3,385000,0.1,1039500.0,930000,109500.0,0,Returned
NEX-104134,2025-05-17,Lagos,Lekki Mall Outlet,In-Store Retail,Home Appliances,Digital Microwave Oven 25L,2,115000,0.15,195500.0,170000,25500.0,0,Delayed Transit
NEX-104135,2025-06-20,Lagos,Ikeja Mega-Store,In-Store Retail,Computing & Peripherals,Logitech MX Master 3S Mouse,1,75000,0.0,75000.0,52000,23000.0,0,Delivered On-Time
NEX-104136,2025-06-23,Ibadan,Ring Road Complex,Mobile App,Consumer Electronics,Sony WH-1000XM5 Headphones,1,285000,0.1,256500.0,195000,61500.0,0,Fulfilled In-Store
NEX-104137,2025-05-21,Lagos,Ikeja Mega-Store,In-Store Retail,Consumer Electronics,Sony WH-1000XM5 Headphones,5,285000,0.0,1425000.0,975000,450000.0,0,Delivered On-Time
NEX-104138,2025-06-05,Port Harcourt,GRA Phase 2 Store,In-Store Retail,Consumer Electronics,Dell XPS 15 Laptop,3,1650000,0.0,4950000.0,3960000,990000.0,0,Delivered On-Time
NEX-104139,2025-07-25,Lagos,Surulere Hub,Corporate B2B,Home Appliances,Inverter Split AC 1.5HP (AC-902),1,385000,0.38,239279.52,310000,-70720.48,0,Delivered On-Time
NEX-104140,2025-07-05,Port Harcourt,Trans-Amadi Commercial,Web Direct,Computing & Peripherals,1TB NVMe Portable SSD,2,95000,0.05,180500.0,136000,44500.0,0,Delivered On-Time
NEX-104141,2025-05-30,Abuja,Maitama Galleria,Mobile App,Consumer Electronics,Dell XPS 15 Laptop,2,1650000,0.0,3300000.0,2640000,660000.0,0,Delivered On-Time
NEX-104142,2025-07-26,Lagos,Lekki Mall Outlet,In-Store Retail,Consumer Electronics,MacBook Pro 14 M3,1,1850000,0.15,1572500.0,1480000,92500.0,0,Delayed Transit
NEX-104143,2025-06-07,Abuja,Maitama Galleria,In-Store Retail,Computing & Peripherals,27-inch 4K Gaming Monitor,1,310000,0.0,310000.0,235000,75000.0,0,Delayed Transit
NEX-104144,2025-06-28,Abuja,Central Business District Store,In-Store Retail,Computing & Peripherals,1TB NVMe Portable SSD,1,95000,0.2,76000.0,68000,8000.0,0,Delivered On-Time
NEX-104145,2025-06-22,Ibadan,Ring Road Complex,In-Store Retail,Home Appliances,Smart Inverter Washing Machine 8kg,4,345000,0.05,1311000.0,1080000,231000.0,0,Delivered On-Time
NEX-104146,2025-06-13,Abuja,Wuse 2 Retail,In-Store Retail,Consumer Electronics,Galaxy S24 Ultra 512GB,2,1250000,0.05,2375000.0,1900000,475000.0,0,Delivered On-Time
NEX-104147,2025-07-14,Lagos,Victoria Island Flagship,In-Store Retail,Consumer Electronics,Galaxy S24 Ultra 512GB,1,1250000,0.0,1250000.0,950000,300000.0,0,Delivered On-Time
NEX-104148,2025-07-15,Port Harcourt,GRA Phase 2 Store,In-Store Retail,Consumer Electronics,iPhone 15 Pro Max 256GB,1,1450000,0.1,1305000.0,1150000,155000.0,0,Delivered On-Time
NEX-104149,2025-06-03,Lagos,Ikeja Mega-Store,In-Store Retail,Home Appliances,Inverter Split AC 1.5HP (AC-902),1,385000,0.05,365750.0,310000,55750.0,1,Returned
NEX-104150,2025-05-27,Lagos,Ikeja Mega-Store,Corporate B2B,Home Appliances,Double Door Refrigerator 320L,5,520000,0.1,2340000.0,2050000,290000.0,0,Delayed Transit
NEX-104151,2025-05-27,Lagos,Surulere Hub,Web Direct,Consumer Electronics,Sony WH-1000XM5 Headphones,1,285000,0.15,242250.0,195000,47250.0,0,Delivered On-Time
NEX-104152,2025-06-07,Lagos,Victoria Island Flagship,In-Store Retail,Consumer Electronics,Galaxy S24 Ultra 512GB,1,1250000,0.05,1187500.0,950000,237500.0,0,Fulfilled In-Store
NEX-104153,2025-06-07,Lagos,Lekki Mall Outlet,In-Store Retail,Consumer Electronics,Dell XPS 15 Laptop,1,1650000,0.05,1567500.0,1320000,247500.0,1,Returned
NEX-104154,2025-07-30,Lagos,Lekki Mall Outlet,In-Store Retail,Home Appliances,Double Door Refrigerator 320L,1,520000,0.3,366220.52,410000,-43779.48,0,Delivered On-Time
NEX-104155,2025-07-16,Lagos,Surulere Hub,Corporate B2B,Consumer Electronics,MacBook Pro 14 M3,1,1850000,0.0,1850000.0,1480000,370000.0,0,Delivered On-Time
NEX-104156,2025-07-30,Lagos,Surulere Hub,In-Store Retail,Consumer Electronics,Galaxy S24 Ultra 512GB,1,1250000,0.0,1250000.0,950000,300000.0,0,Delivered On-Time
NEX-104157,2025-07-14,Lagos,Victoria Island Flagship,In-Store Retail,Home Appliances,Digital Microwave Oven 25L,1,115000,0.29,81866.74,85000,-3133.26,0,Delivered On-Time
NEX-104158,2025-06-30,Lagos,Lekki Mall Outlet,In-Store Retail,Consumer Electronics,Sony WH-1000XM5 Headphones,2,285000,0.05,541500.0,390000,151500.0,0,Fulfilled In-Store
NEX-104159,2025-07-28,Port Harcourt,Trans-Amadi Commercial,In-Store Retail,Consumer Electronics,MacBook Pro 14 M3,1,1850000,0.15,1572500.0,1480000,92500.0,0,Delayed Transit
NEX-104160,2025-07-07,Abuja,Wuse 2 Retail,In-Store Retail,Computing & Peripherals,1TB NVMe Portable SSD,2,95000,0.0,190000.0,136000,54000.0,0,Delivered On-Time
NEX-104161,2025-05-15,Lagos,Lekki Mall Outlet,In-Store Retail,Home Appliances,Inverter Split AC 1.5HP (AC-902),1,385000,0.1,346500.0,310000,36500.0,0,Returned
NEX-104162,2025-06-09,Ibadan,Bodija Outlet,In-Store Retail,Computing & Peripherals,Wireless Mechanical Keyboard,1,65000,0.15,55250.0,42000,13250.0,0,Fulfilled In-Store
NEX-104163,2025-07-31,Lagos,Ikeja Mega-Store,Web Direct,Home Appliances,Chest Freezer 200L,1,245000,0.37,154234.94,195000,-40765.06,0,Delivered On-Time
NEX-104164,2025-06-15,Abuja,Central Business District Store,In-Store Retail,Consumer Electronics,Galaxy S24 Ultra 512GB,1,1250000,0.1,1125000.0,950000,175000.0,0,Delivered On-Time
NEX-104165,2025-05-12,Abuja,Maitama Galleria,In-Store Retail,Computing & Peripherals,27-inch 4K Gaming Monitor,1,310000,0.05,294500.0,235000,59500.0,0,Delivered On-Time
NEX-104166,2025-05-12,Abuja,Wuse 2 Retail,Web Direct,Computing & Peripherals,27-inch 4K Gaming Monitor,1,310000,0.0,310000.0,235000,75000.0,0,Delivered On-Time
NEX-104167,2025-07-15,Lagos,Surulere Hub,In-Store Retail,Consumer Electronics,Galaxy S24 Ultra 512GB,1,1250000,0.05,1187500.0,950000,237500.0,0,Fulfilled In-Store
NEX-104168,2025-06-10,Lagos,Victoria Island Flagship,Corporate B2B,Computing & Peripherals,27-inch 4K Gaming Monitor,2,310000,0.15,527000.0,470000,57000.0,0,Returned
NEX-104169,2025-06-07,Lagos,Surulere Hub,Corporate B2B,Consumer Electronics,MacBook Pro 14 M3,2,1850000,0.0,3700000.0,2960000,740000.0,0,Delayed Transit
NEX-104170,2025-05-09,Port Harcourt,Trans-Amadi Commercial,Corporate B2B,Home Appliances,Smart Inverter Washing Machine 8kg,2,345000,0.05,655500.0,540000,115500.0,0,Delivered On-Time
NEX-104171,2025-07-07,Lagos,Victoria Island Flagship,Mobile App,Consumer Electronics,Sony WH-1000XM5 Headphones,3,285000,0.15,726750.0,585000,141750.0,0,Delivered On-Time
NEX-104172,2025-05-11,Lagos,Lekki Mall Outlet,In-Store Retail,Consumer Electronics,Dell XPS 15 Laptop,2,1650000,0.15,2805000.0,2640000,165000.0,0,Delivered On-Time
NEX-104173,2025-07-29,Lagos,Victoria Island Flagship,In-Store Retail,Computing & Peripherals,Logitech MX Master 3S Mouse,1,75000,0.0,75000.0,52000,23000.0,0,Delivered On-Time
NEX-104174,2025-06-24,Lagos,Victoria Island Flagship,Corporate B2B,Consumer Electronics,Galaxy S24 Ultra 512GB,3,1250000,0.1,3375000.0,2850000,525000.0,0,Fulfilled In-Store
NEX-104175,2025-05-02,Lagos,Lekki Mall Outlet,Web Direct,Home Appliances,Inverter Split AC 1.5HP (AC-902),1,385000,0.15,327250.0,310000,17250.0,0,Returned
NEX-104176,2025-07-23,Lagos,Victoria Island Flagship,Web Direct,Home Appliances,Digital Microwave Oven 25L,2,115000,0.36,147435.62,170000,-22564.38,0,Fulfilled In-Store
NEX-104177,2025-05-02,Ibadan,Ring Road Complex,Web Direct,Computing & Peripherals,Logitech MX Master 3S Mouse,1,75000,0.05,71250.0,52000,19250.0,0,Delayed Transit
NEX-104178,2025-05-07,Lagos,Victoria Island Flagship,Mobile App,Home Appliances,Inverter Split AC 1.5HP (AC-902),1,385000,0.0,385000.0,310000,75000.0,0,Delivered On-Time
NEX-104179,2025-06-06,Abuja,Maitama Galleria,In-Store Retail,Home Appliances,Double Door Refrigerator 320L,1,520000,0.05,494000.0,410000,84000.0,0,Delayed Transit
NEX-104180,2025-06-01,Lagos,Surulere Hub,In-Store Retail,Computing & Peripherals,Logitech MX Master 3S Mouse,1,75000,0.0,75000.0,52000,23000.0,0,Delivered On-Time
NEX-104181,2025-05-31,Lagos,Surulere Hub,Corporate B2B,Home Appliances,Inverter Split AC 1.5HP (AC-902),1,385000,0.0,385000.0,310000,75000.0,0,Delivered On-Time
NEX-104182,2025-05-11,Kano,Nasarawa Road Branch,Web Direct,Computing & Peripherals,Logitech MX Master 3S Mouse,1,75000,0.05,71250.0,52000,19250.0,0,Delivered On-Time
NEX-104183,2025-07-19,Lagos,Ikeja Mega-Store,In-Store Retail,Computing & Peripherals,Ergonomic Office Chair Pro,1,185000,0.0,185000.0,130000,55000.0,0,Delivered On-Time
NEX-104184,2025-05-09,Abuja,Maitama Galleria,Web Direct,Home Appliances,Digital Microwave Oven 25L,1,115000,0.0,115000.0,85000,30000.0,0,Fulfilled In-Store
NEX-104185,2025-07-17,Abuja,Central Business District Store,In-Store Retail,Home Appliances,Inverter Split AC 1.5HP (AC-902),1,385000,0.0,385000.0,310000,75000.0,0,Fulfilled In-Store
NEX-104186,2025-07-21,Port Harcourt,Trans-Amadi Commercial,In-Store Retail,Home Appliances,Chest Freezer 200L,1,245000,0.15,208250.0,195000,13250.0,1,Returned
NEX-104187,2025-07-23,Lagos,Victoria Island Flagship,In-Store Retail,Consumer Electronics,iPhone 15 Pro Max 256GB,4,1450000,0.1,5220000.0,4600000,620000.0,0,Delivered On-Time
NEX-104188,2025-07-17,Lagos,Victoria Island Flagship,Corporate B2B,Consumer Electronics,iPhone 15 Pro Max 256GB,1,1450000,0.0,1450000.0,1150000,300000.0,0,Delivered On-Time
NEX-104189,2025-05-18,Lagos,Victoria Island Flagship,Web Direct,Home Appliances,Digital Microwave Oven 25L,1,115000,0.0,115000.0,85000,30000.0,0,Delivered On-Time
NEX-104190,2025-06-03,Lagos,Lekki Mall Outlet,Corporate B2B,Home Appliances,Digital Microwave Oven 25L,1,115000,0.0,115000.0,85000,30000.0,0,Delivered On-Time
NEX-104191,2025-07-02,Kano,Nasarawa Road Branch,Mobile App,Consumer Electronics,MacBook Pro 14 M3,2,1850000,0.0,3700000.0,2960000,740000.0,0,Delivered On-Time
NEX-104192,2025-07-16,Lagos,Surulere Hub,In-Store Retail,Home Appliances,Chest Freezer 200L,1,245000,0.34,161268.47,195000,-33731.53,0,Delivered On-Time
NEX-104193,2025-05-07,Ibadan,Bodija Outlet,Mobile App,Consumer Electronics,MacBook Pro 14 M3,1,1850000,0.15,1572500.0,1480000,92500.0,0,Fulfilled In-Store
NEX-104194,2025-07-13,Lagos,Surulere Hub,In-Store Retail,Computing & Peripherals,1TB NVMe Portable SSD,1,95000,0.0,95000.0,68000,27000.0,0,Delivered On-Time
NEX-104195,2025-06-28,Abuja,Maitama Galleria,In-Store Retail,Computing & Peripherals,27-inch 4K Gaming Monitor,1,310000,0.05,294500.0,235000,59500.0,0,Delivered On-Time
NEX-104196,2025-05-20,Lagos,Lekki Mall Outlet,In-Store Retail,Computing & Peripherals,27-inch 4K Gaming Monitor,1,310000,0.0,310000.0,235000,75000.0,0,Delivered On-Time
NEX-104197,2025-05-25,Lagos,Ikeja Mega-Store,In-Store Retail,Home Appliances,Digital Microwave Oven 25L,4,115000,0.0,460000.0,340000,120000.0,0,Fulfilled In-Store
NEX-104198,2025-06-06,Port Harcourt,GRA Phase 2 Store,In-Store Retail,Consumer Electronics,iPhone 15 Pro Max 256GB,1,1450000,0.15,1232500.0,1150000,82500.0,0,Delivered On-Time
NEX-104199,2025-06-01,Abuja,Maitama Galleria,Corporate B2B,Home Appliances,Inverter Split AC 1.5HP (AC-902),3,385000,0.1,1039500.0,930000,109500.0,0,Delivered On-Time
NEX-104200,2025-07-14,Port Harcourt,GRA Phase 2 Store,In-Store Retail,Consumer Electronics,Dell XPS 15 Laptop,4,1650000,0.05,6270000.0,5280000,990000.0,0,Delivered On-Time
NEX-104201,2025-07-01,Abuja,Central Business District Store,In-Store Retail,Consumer Electronics,Sony WH-1000XM5 Headphones,2,285000,0.1,513000.0,390000,123000.0,0,Delivered On-Time
NEX-104202,2025-05-07,Abuja,Wuse 2 Retail,Mobile App,Computing & Peripherals,Wireless Mechanical Keyboard,1,65000,0.0,65000.0,42000,23000.0,0,Delivered On-Time
NEX-104203,2025-06-27,Port Harcourt,Trans-Amadi Commercial,In-Store Retail,Computing & Peripherals,1TB NVMe Portable SSD,1,95000,0.1,85500.0,68000,17500.0,0,Delivered On-Time
NEX-104204,2025-06-26,Abuja,Wuse 2 Retail,In-Store Retail,Computing & Peripherals,Wireless Mechanical Keyboard,1,65000,0.0,65000.0,42000,23000.0,0,Delivered On-Time
NEX-104205,2025-07-25,Lagos,Lekki Mall Outlet,In-Store Retail,Home Appliances,Smart Inverter Washing Machine 8kg,1,345000,0.28,247324.51,270000,-22675.49,0,Fulfilled In-Store
NEX-104206,2025-05-02,Lagos,Victoria Island Flagship,Mobile App,Home Appliances,Chest Freezer 200L,1,245000,0.15,208250.0,195000,13250.0,0,Delivered On-Time
NEX-104207,2025-05-13,Abuja,Wuse 2 Retail,In-Store Retail,Computing & Peripherals,Wireless Mechanical Keyboard,1,65000,0.1,58500.0,42000,16500.0,0,Delivered On-Time
NEX-104208,2025-05-18,Port Harcourt,Trans-Amadi Commercial,In-Store Retail,Computing & Peripherals,1TB NVMe Portable SSD,2,95000,0.2,152000.0,136000,16000.0,0,Delayed Transit
NEX-104209,2025-05-29,Abuja,Maitama Galleria,In-Store Retail,Home Appliances,Inverter Split AC 1.5HP (AC-902),1,385000,0.1,346500.0,310000,36500.0,0,Delivered On-Time
NEX-104210,2025-05-05,Lagos,Ikeja Mega-Store,In-Store Retail,Home Appliances,Digital Microwave Oven 25L,1,115000,0.15,97750.0,85000,12750.0,0,Delivered On-Time
NEX-104211,2025-05-30,Lagos,Ikeja Mega-Store,Web Direct,Computing & Peripherals,27-inch 4K Gaming Monitor,5,310000,0.2,1240000.0,1175000,65000.0,0,Delivered On-Time
NEX-104212,2025-05-29,Lagos,Victoria Island Flagship,In-Store Retail,Computing & Peripherals,27-inch 4K Gaming Monitor,2,310000,0.0,620000.0,470000,150000.0,0,Delivered On-Time
NEX-104213,2025-07-19,Lagos,Surulere Hub,In-Store Retail,Consumer Electronics,Sony WH-1000XM5 Headphones,1,285000,0.05,270750.0,195000,75750.0,1,Returned
NEX-104214,2025-07-08,Abuja,Central Business District Store,Corporate B2B,Home Appliances,Smart Inverter Washing Machine 8kg,1,345000,0.0,345000.0,270000,75000.0,0,Delivered On-Time
NEX-104215,2025-05-24,Port Harcourt,Trans-Amadi Commercial,Mobile App,Home Appliances,Double Door Refrigerator 320L,1,520000,0.05,494000.0,410000,84000.0,0,Delivered On-Time
NEX-104216,2025-06-16,Kano,Bompai Trade Centre,In-Store Retail,Home Appliances,Smart Inverter Washing Machine 8kg,2,345000,0.05,655500.0,540000,115500.0,0,Delivered On-Time
NEX-104217,2025-05-29,Lagos,Surulere Hub,Web Direct,Consumer Electronics,iPhone 15 Pro Max 256GB,1,1450000,0.05,1377500.0,1150000,227500.0,0,Fulfilled In-Store
NEX-104218,2025-05-05,Abuja,Maitama Galleria,Web Direct,Computing & Peripherals,1TB NVMe Portable SSD,1,95000,0.0,95000.0,68000,27000.0,0,Delayed Transit
NEX-104219,2025-05-02,Kano,Nasarawa Road Branch,Web Direct,Home Appliances,Chest Freezer 200L,2,245000,0.15,416500.0,390000,26500.0,0,Delivered On-Time
NEX-104220,2025-06-25,Lagos,Surulere Hub,Mobile App,Computing & Peripherals,1TB NVMe Portable SSD,2,95000,0.1,171000.0,136000,35000.0,0,Delivered On-Time
NEX-104221,2025-05-24,Lagos,Lekki Mall Outlet,In-Store Retail,Computing & Peripherals,Ergonomic Office Chair Pro,3,185000,0.2,444000.0,390000,54000.0,0,Fulfilled In-Store
NEX-104222,2025-07-25,Lagos,Surulere Hub,Corporate B2B,Home Appliances,Inverter Split AC 1.5HP (AC-902),1,385000,0.3,270489.86,310000,-39510.14,1,Returned
NEX-104223,2025-07-03,Port Harcourt,GRA Phase 2 Store,In-Store Retail,Consumer Electronics,Galaxy S24 Ultra 512GB,1,1250000,0.0,1250000.0,950000,300000.0,0,Delivered On-Time
NEX-104224,2025-05-05,Lagos,Ikeja Mega-Store,In-Store Retail,Home Appliances,Inverter Split AC 1.5HP (AC-902),1,385000,0.1,346500.0,310000,36500.0,0,Delivered On-Time
NEX-104225,2025-06-25,Lagos,Lekki Mall Outlet,In-Store Retail,Consumer Electronics,Galaxy S24 Ultra 512GB,1,1250000,0.0,1250000.0,950000,300000.0,1,Returned
NEX-104226,2025-06-02,Port Harcourt,Trans-Amadi Commercial,Web Direct,Home Appliances,Chest Freezer 200L,2,245000,0.0,490000.0,390000,100000.0,0,Fulfilled In-Store
NEX-104227,2025-06-14,Lagos,Surulere Hub,In-Store Retail,Computing & Peripherals,1TB NVMe Portable SSD,1,95000,0.15,80750.0,68000,12750.0,0,Delivered On-Time
NEX-104228,2025-06-26,Lagos,Ikeja Mega-Store,Mobile App,Computing & Peripherals,27-inch 4K Gaming Monitor,1,310000,0.05,294500.0,235000,59500.0,0,Delivered On-Time
NEX-104229,2025-07-04,Lagos,Ikeja Mega-Store,Corporate B2B,Home Appliances,Smart Inverter Washing Machine 8kg,1,345000,0.35,225703.3,270000,-44296.7,0,Delayed Transit
NEX-104230,2025-06-17,Abuja,Wuse 2 Retail,In-Store Retail,Consumer Electronics,Galaxy S24 Ultra 512GB,1,1250000,0.0,1250000.0,950000,300000.0,0,Fulfilled In-Store
NEX-104231,2025-05-10,Port Harcourt,Trans-Amadi Commercial,In-Store Retail,Home Appliances,Smart Inverter Washing Machine 8kg,1,345000,0.1,310500.0,270000,40500.0,0,Returned
NEX-104232,2025-07-24,Lagos,Victoria Island Flagship,Corporate B2B,Consumer Electronics,Galaxy S24 Ultra 512GB,1,1250000,0.15,1062500.0,950000,112500.0,0,Delivered On-Time
NEX-104233,2025-06-01,Lagos,Surulere Hub,In-Store Retail,Consumer Electronics,iPhone 15 Pro Max 256GB,1,1450000,0.2,1160000.0,1150000,10000.0,0,Delivered On-Time
NEX-104234,2025-06-07,Lagos,Surulere Hub,In-Store Retail,Computing & Peripherals,1TB NVMe Portable SSD,1,95000,0.1,85500.0,68000,17500.0,0,Delivered On-Time
NEX-104235,2025-07-25,Abuja,Central Business District Store,Web Direct,Consumer Electronics,Galaxy S24 Ultra 512GB,2,1250000,0.1,2250000.0,1900000,350000.0,0,Delayed Transit
NEX-104236,2025-06-04,Ibadan,Bodija Outlet,Corporate B2B,Computing & Peripherals,1TB NVMe Portable SSD,2,95000,0.0,190000.0,136000,54000.0,0,Delayed Transit
NEX-104237,2025-06-11,Ibadan,Ring Road Complex,Web Direct,Home Appliances,Smart Inverter Washing Machine 8kg,4,345000,0.15,1173000.0,1080000,93000.0,0,Delivered On-Time
NEX-104238,2025-05-01,Abuja,Maitama Galleria,In-Store Retail,Computing & Peripherals,Ergonomic Office Chair Pro,3,185000,0.0,555000.0,390000,165000.0,0,Delivered On-Time
NEX-104239,2025-07-22,Port Harcourt,Trans-Amadi Commercial,Web Direct,Computing & Peripherals,Logitech MX Master 3S Mouse,2,75000,0.05,142500.0,104000,38500.0,0,Delayed Transit
NEX-104240,2025-07-01,Lagos,Lekki Mall Outlet,Corporate B2B,Home Appliances,Double Door Refrigerator 320L,1,520000,0.28,372045.1,410000,-37954.9,0,Fulfilled In-Store
NEX-104241,2025-06-14,Lagos,Ikeja Mega-Store,Corporate B2B,Home Appliances,Inverter Split AC 1.5HP (AC-902),1,385000,0.1,346500.0,310000,36500.0,0,Delivered On-Time
NEX-104242,2025-06-25,Port Harcourt,Trans-Amadi Commercial,In-Store Retail,Home Appliances,Inverter Split AC 1.5HP (AC-902),1,385000,0.0,385000.0,310000,75000.0,1,Returned
NEX-104243,2025-06-16,Lagos,Lekki Mall Outlet,In-Store Retail,Computing & Peripherals,1TB NVMe Portable SSD,1,95000,0.0,95000.0,68000,27000.0,0,Delivered On-Time
NEX-104244,2025-05-02,Abuja,Maitama Galleria,In-Store Retail,Home Appliances,Smart Inverter Washing Machine 8kg,1,345000,0.0,345000.0,270000,75000.0,0,Delayed Transit
NEX-104245,2025-05-28,Port Harcourt,Trans-Amadi Commercial,In-Store Retail,Computing & Peripherals,Ergonomic Office Chair Pro,2,185000,0.1,333000.0,260000,73000.0,0,Delivered On-Time
NEX-104246,2025-05-15,Lagos,Lekki Mall Outlet,Corporate B2B,Home Appliances,Inverter Split AC 1.5HP (AC-902),1,385000,0.0,385000.0,310000,75000.0,0,Delivered On-Time
NEX-104247,2025-05-11,Lagos,Lekki Mall Outlet,In-Store Retail,Home Appliances,Inverter Split AC 1.5HP (AC-902),1,385000,0.1,346500.0,310000,36500.0,0,Fulfilled In-Store
NEX-104248,2025-06-11,Abuja,Maitama Galleria,In-Store Retail,Home Appliances,Double Door Refrigerator 320L,1,520000,0.15,442000.0,410000,32000.0,0,Delayed Transit
NEX-104249,2025-06-04,Lagos,Lekki Mall Outlet,Web Direct,Computing & Peripherals,Logitech MX Master 3S Mouse,1,75000,0.1,67500.0,52000,15500.0,0,Delivered On-Time
NEX-104250,2025-05-31,Port Harcourt,Trans-Amadi Commercial,Mobile App,Consumer Electronics,MacBook Pro 14 M3,1,1850000,0.05,1757500.0,1480000,277500.0,0,Delivered On-Time
NEX-104251,2025-05-02,Abuja,Central Business District Store,In-Store Retail,Computing & Peripherals,Logitech MX Master 3S Mouse,1,75000,0.05,71250.0,52000,19250.0,0,Delivered On-Time
NEX-104252,2025-06-19,Abuja,Wuse 2 Retail,Web Direct,Computing & Peripherals,Logitech MX Master 3S Mouse,1,75000,0.1,67500.0,52000,15500.0,0,Delivered On-Time
NEX-104253,2025-05-21,Port Harcourt,Trans-Amadi Commercial,Corporate B2B,Consumer Electronics,iPhone 15 Pro Max 256GB,1,1450000,0.0,1450000.0,1150000,300000.0,0,Delivered On-Time
NEX-104254,2025-07-21,Lagos,Surulere Hub,In-Store Retail,Home Appliances,Smart Inverter Washing Machine 8kg,1,345000,0.34,226270.84,270000,-43729.16,0,Returned
NEX-104255,2025-06-06,Lagos,Lekki Mall Outlet,In-Store Retail,Home Appliances,Chest Freezer 200L,2,245000,0.1,441000.0,390000,51000.0,0,Delivered On-Time
NEX-104256,2025-07-03,Kano,Bompai Trade Centre,Web Direct,Home Appliances,Double Door Refrigerator 320L,1,520000,0.0,520000.0,410000,110000.0,0,Delivered On-Time
NEX-104257,2025-05-09,Abuja,Maitama Galleria,In-Store Retail,Computing & Peripherals,Logitech MX Master 3S Mouse,1,75000,0.0,75000.0,52000,23000.0,0,Delivered On-Time
NEX-104258,2025-05-23,Lagos,Victoria Island Flagship,In-Store Retail,Consumer Electronics,Sony WH-1000XM5 Headphones,1,285000,0.0,285000.0,195000,90000.0,0,Delivered On-Time
NEX-104259,2025-07-01,Abuja,Central Business District Store,In-Store Retail,Home Appliances,Inverter Split AC 1.5HP (AC-902),1,385000,0.0,385000.0,310000,75000.0,1,Returned
NEX-104260,2025-06-09,Port Harcourt,GRA Phase 2 Store,In-Store Retail,Home Appliances,Smart Inverter Washing Machine 8kg,1,345000,0.1,310500.0,270000,40500.0,0,Fulfilled In-Store
NEX-104261,2025-05-23,Port Harcourt,Trans-Amadi Commercial,Web Direct,Consumer Electronics,Dell XPS 15 Laptop,1,1650000,0.05,1567500.0,1320000,247500.0,0,Delayed Transit
NEX-104262,2025-07-18,Abuja,Central Business District Store,Web Direct,Consumer Electronics,Dell XPS 15 Laptop,2,1650000,0.0,3300000.0,2640000,660000.0,0,Delivered On-Time
NEX-104263,2025-05-14,Abuja,Wuse 2 Retail,In-Store Retail,Computing & Peripherals,27-inch 4K Gaming Monitor,1,310000,0.15,263500.0,235000,28500.0,0,Delivered On-Time
NEX-104264,2025-05-11,Abuja,Central Business District Store,Corporate B2B,Consumer Electronics,Dell XPS 15 Laptop,2,1650000,0.1,2970000.0,2640000,330000.0,0,Delivered On-Time
NEX-104265,2025-06-19,Ibadan,Bodija Outlet,Web Direct,Home Appliances,Double Door Refrigerator 320L,1,520000,0.15,442000.0,410000,32000.0,0,Delivered On-Time
NEX-104266,2025-07-26,Lagos,Surulere Hub,In-Store Retail,Computing & Peripherals,Ergonomic Office Chair Pro,3,185000,0.05,527250.0,390000,137250.0,0,Delivered On-Time
NEX-104267,2025-07-01,Lagos,Lekki Mall Outlet,In-Store Retail,Consumer Electronics,Galaxy S24 Ultra 512GB,2,1250000,0.1,2250000.0,1900000,350000.0,0,Delivered On-Time
NEX-104268,2025-05-18,Abuja,Central Business District Store,Mobile App,Computing & Peripherals,Wireless Mechanical Keyboard,2,65000,0.0,130000.0,84000,46000.0,0,Fulfilled In-Store
NEX-104269,2025-06-12,Lagos,Victoria Island Flagship,In-Store Retail,Computing & Peripherals,1TB NVMe Portable SSD,1,95000,0.15,80750.0,68000,12750.0,0,Delivered On-Time
NEX-104270,2025-07-29,Abuja,Wuse 2 Retail,In-Store Retail,Home Appliances,Chest Freezer 200L,2,245000,0.1,441000.0,390000,51000.0,0,Fulfilled In-Store
NEX-104271,2025-07-05,Kano,Bompai Trade Centre,Corporate B2B,Consumer Electronics,iPhone 15 Pro Max 256GB,2,1450000,0.2,2320000.0,2300000,20000.0,0,Delivered On-Time
NEX-104272,2025-07-01,Lagos,Surulere Hub,Mobile App,Consumer Electronics,Galaxy S24 Ultra 512GB,1,1250000,0.0,1250000.0,950000,300000.0,0,Fulfilled In-Store
NEX-104273,2025-05-22,Abuja,Wuse 2 Retail,Mobile App,Home Appliances,Smart Inverter Washing Machine 8kg,1,345000,0.1,310500.0,270000,40500.0,0,Delivered On-Time
NEX-104274,2025-05-29,Lagos,Ikeja Mega-Store,In-Store Retail,Home Appliances,Inverter Split AC 1.5HP (AC-902),1,385000,0.1,346500.0,310000,36500.0,1,Returned
NEX-104275,2025-07-12,Lagos,Lekki Mall Outlet,In-Store Retail,Computing & Peripherals,Wireless Mechanical Keyboard,1,65000,0.2,52000.0,42000,10000.0,0,Delivered On-Time
NEX-104276,2025-07-07,Kano,Bompai Trade Centre,Web Direct,Consumer Electronics,MacBook Pro 14 M3,1,1850000,0.0,1850000.0,1480000,370000.0,0,Delivered On-Time
NEX-104277,2025-05-09,Abuja,Central Business District Store,Corporate B2B,Computing & Peripherals,Ergonomic Office Chair Pro,1,185000,0.0,185000.0,130000,55000.0,0,Delivered On-Time
NEX-104278,2025-05-12,Port Harcourt,Trans-Amadi Commercial,In-Store Retail,Consumer Electronics,Galaxy S24 Ultra 512GB,5,1250000,0.05,5937500.0,4750000,1187500.0,0,Delivered On-Time
NEX-104279,2025-06-27,Lagos,Ikeja Mega-Store,Corporate B2B,Consumer Electronics,Galaxy S24 Ultra 512GB,1,1250000,0.0,1250000.0,950000,300000.0,0,Returned
NEX-104280,2025-06-26,Lagos,Victoria Island Flagship,In-Store Retail,Computing & Peripherals,Logitech MX Master 3S Mouse,2,75000,0.05,142500.0,104000,38500.0,0,Fulfilled In-Store
NEX-104281,2025-05-01,Lagos,Lekki Mall Outlet,Web Direct,Home Appliances,Double Door Refrigerator 320L,1,520000,0.1,468000.0,410000,58000.0,0,Fulfilled In-Store
NEX-104282,2025-05-21,Ibadan,Bodija Outlet,In-Store Retail,Consumer Electronics,Sony WH-1000XM5 Headphones,1,285000,0.05,270750.0,195000,75750.0,0,Fulfilled In-Store
NEX-104283,2025-07-15,Lagos,Surulere Hub,In-Store Retail,Computing & Peripherals,Ergonomic Office Chair Pro,2,185000,0.2,296000.0,260000,36000.0,0,Delivered On-Time
NEX-104284,2025-05-06,Port Harcourt,Trans-Amadi Commercial,In-Store Retail,Computing & Peripherals,27-inch 4K Gaming Monitor,5,310000,0.0,1550000.0,1175000,375000.0,0,Delivered On-Time
NEX-104285,2025-06-10,Port Harcourt,GRA Phase 2 Store,Web Direct,Computing & Peripherals,Ergonomic Office Chair Pro,1,185000,0.15,157250.0,130000,27250.0,0,Fulfilled In-Store
NEX-104286,2025-06-22,Lagos,Victoria Island Flagship,In-Store Retail,Computing & Peripherals,Wireless Mechanical Keyboard,2,65000,0.1,117000.0,84000,33000.0,0,Fulfilled In-Store
NEX-104287,2025-07-03,Ibadan,Bodija Outlet,In-Store Retail,Home Appliances,Smart Inverter Washing Machine 8kg,3,345000,0.1,931500.0,810000,121500.0,0,Delivered On-Time
NEX-104288,2025-06-30,Lagos,Lekki Mall Outlet,In-Store Retail,Home Appliances,Digital Microwave Oven 25L,2,115000,0.1,207000.0,170000,37000.0,0,Fulfilled In-Store
NEX-104289,2025-07-24,Port Harcourt,Trans-Amadi Commercial,Corporate B2B,Computing & Peripherals,Logitech MX Master 3S Mouse,1,75000,0.0,75000.0,52000,23000.0,0,Delivered On-Time
NEX-104290,2025-07-03,Port Harcourt,GRA Phase 2 Store,Corporate B2B,Home Appliances,Chest Freezer 200L,1,245000,0.1,220500.0,195000,25500.0,0,Delivered On-Time
NEX-104291,2025-07-11,Lagos,Ikeja Mega-Store,Web Direct,Computing & Peripherals,Ergonomic Office Chair Pro,1,185000,0.05,175750.0,130000,45750.0,0,Delivered On-Time
NEX-104292,2025-07-10,Lagos,Lekki Mall Outlet,Corporate B2B,Home Appliances,Smart Inverter Washing Machine 8kg,2,345000,0.29,490492.82,540000,-49507.18,0,Returned
NEX-104293,2025-05-18,Abuja,Maitama Galleria,Corporate B2B,Computing & Peripherals,Logitech MX Master 3S Mouse,1,75000,0.05,71250.0,52000,19250.0,0,Delivered On-Time
NEX-104294,2025-06-14,Port Harcourt,GRA Phase 2 Store,In-Store Retail,Consumer Electronics,iPhone 15 Pro Max 256GB,1,1450000,0.05,1377500.0,1150000,227500.0,0,Fulfilled In-Store
NEX-104295,2025-05-23,Lagos,Lekki Mall Outlet,Corporate B2B,Home Appliances,Inverter Split AC 1.5HP (AC-902),1,385000,0.0,385000.0,310000,75000.0,0,Delivered On-Time
NEX-104296,2025-07-04,Lagos,Victoria Island Flagship,Corporate B2B,Consumer Electronics,Sony WH-1000XM5 Headphones,4,285000,0.05,1083000.0,780000,303000.0,0,Delayed Transit
NEX-104297,2025-05-06,Lagos,Ikeja Mega-Store,Mobile App,Consumer Electronics,Sony WH-1000XM5 Headphones,1,285000,0.05,270750.0,195000,75750.0,0,Delivered On-Time
NEX-104298,2025-07-23,Port Harcourt,Trans-Amadi Commercial,In-Store Retail,Consumer Electronics,Galaxy S24 Ultra 512GB,1,1250000,0.0,1250000.0,950000,300000.0,0,Delivered On-Time
NEX-104299,2025-05-05,Lagos,Surulere Hub,In-Store Retail,Consumer Electronics,Sony WH-1000XM5 Headphones,1,285000,0.2,228000.0,195000,33000.0,0,Delivered On-Time
NEX-104300,2025-05-01,Lagos,Surulere Hub,Mobile App,Computing & Peripherals,Ergonomic Office Chair Pro,1,185000,0.0,185000.0,130000,55000.0,0,Delivered On-Time
NEX-104301,2025-05-14,Abuja,Maitama Galleria,Mobile App,Home Appliances,Inverter Split AC 1.5HP (AC-902),1,385000,0.05,365750.0,310000,55750.0,0,Delayed Transit
NEX-104302,2025-05-21,Port Harcourt,GRA Phase 2 Store,Web Direct,Consumer Electronics,MacBook Pro 14 M3,1,1850000,0.0,1850000.0,1480000,370000.0,0,Returned
NEX-104303,2025-07-15,Port Harcourt,GRA Phase 2 Store,In-Store Retail,Home Appliances,Double Door Refrigerator 320L,2,520000,0.05,988000.0,820000,168000.0,0,Delivered On-Time
NEX-104304,2025-06-29,Kano,Bompai Trade Centre,Corporate B2B,Consumer Electronics,Dell XPS 15 Laptop,1,1650000,0.0,1650000.0,1320000,330000.0,0,Delivered On-Time
NEX-104305,2025-07-15,Abuja,Maitama Galleria,Corporate B2B,Computing & Peripherals,Logitech MX Master 3S Mouse,1,75000,0.1,67500.0,52000,15500.0,0,Fulfilled In-Store
NEX-104306,2025-07-09,Lagos,Victoria Island Flagship,Web Direct,Consumer Electronics,MacBook Pro 14 M3,2,1850000,0.1,3330000.0,2960000,370000.0,0,Delivered On-Time
NEX-104307,2025-05-13,Port Harcourt,GRA Phase 2 Store,In-Store Retail,Home Appliances,Inverter Split AC 1.5HP (AC-902),2,385000,0.1,693000.0,620000,73000.0,0,Delivered On-Time
NEX-104308,2025-05-07,Port Harcourt,Trans-Amadi Commercial,Web Direct,Home Appliances,Inverter Split AC 1.5HP (AC-902),1,385000,0.0,385000.0,310000,75000.0,0,Delivered On-Time
NEX-104309,2025-07-19,Lagos,Ikeja Mega-Store,In-Store Retail,Home Appliances,Inverter Split AC 1.5HP (AC-902),1,385000,0.32,261286.02,310000,-48713.98,0,Delivered On-Time
NEX-104310,2025-06-14,Abuja,Maitama Galleria,Mobile App,Computing & Peripherals,Wireless Mechanical Keyboard,1,65000,0.2,52000.0,42000,10000.0,0,Delivered On-Time
NEX-104311,2025-06-18,Abuja,Central Business District Store,Mobile App,Consumer Electronics,Dell XPS 15 Laptop,1,1650000,0.0,1650000.0,1320000,330000.0,0,Delivered On-Time
NEX-104312,2025-07-10,Ibadan,Ring Road Complex,In-Store Retail,Home Appliances,Inverter Split AC 1.5HP (AC-902),1,385000,0.05,365750.0,310000,55750.0,0,Fulfilled In-Store
NEX-104313,2025-07-23,Kano,Bompai Trade Centre,Mobile App,Computing & Peripherals,Wireless Mechanical Keyboard,1,65000,0.0,65000.0,42000,23000.0,0,Delivered On-Time
NEX-104314,2025-05-07,Abuja,Maitama Galleria,In-Store Retail,Computing & Peripherals,Ergonomic Office Chair Pro,1,185000,0.2,148000.0,130000,18000.0,0,Delivered On-Time
NEX-104315,2025-07-31,Port Harcourt,GRA Phase 2 Store,Mobile App,Consumer Electronics,MacBook Pro 14 M3,1,1850000,0.0,1850000.0,1480000,370000.0,0,Fulfilled In-Store
NEX-104316,2025-07-31,Lagos,Surulere Hub,Corporate B2B,Home Appliances,Smart Inverter Washing Machine 8kg,1,345000,0.36,219105.36,270000,-50894.64,0,Delivered On-Time
NEX-104317,2025-05-01,Lagos,Surulere Hub,Corporate B2B,Consumer Electronics,MacBook Pro 14 M3,2,1850000,0.1,3330000.0,2960000,370000.0,0,Delivered On-Time
NEX-104318,2025-05-17,Abuja,Wuse 2 Retail,Web Direct,Consumer Electronics,Sony WH-1000XM5 Headphones,1,285000,0.0,285000.0,195000,90000.0,0,Delivered On-Time
NEX-104319,2025-05-07,Lagos,Ikeja Mega-Store,Corporate B2B,Consumer Electronics,Dell XPS 15 Laptop,1,1650000,0.2,1320000.0,1320000,0.0,0,Delivered On-Time
NEX-104320,2025-07-01,Lagos,Ikeja Mega-Store,Web Direct,Consumer Electronics,Sony WH-1000XM5 Headphones,1,285000,0.0,285000.0,195000,90000.0,0,Delivered On-Time
NEX-104321,2025-05-01,Lagos,Lekki Mall Outlet,In-Store Retail,Consumer Electronics,Galaxy S24 Ultra 512GB,1,1250000,0.0,1250000.0,950000,300000.0,0,Delivered On-Time
NEX-104322,2025-06-17,Kano,Nasarawa Road Branch,In-Store Retail,Consumer Electronics,MacBook Pro 14 M3,1,1850000,0.0,1850000.0,1480000,370000.0,0,Delivered On-Time
NEX-104323,2025-07-26,Port Harcourt,Trans-Amadi Commercial,In-Store Retail,Home Appliances,Inverter Split AC 1.5HP (AC-902),1,385000,0.15,327250.0,310000,17250.0,0,Delivered On-Time
NEX-104324,2025-07-07,Abuja,Central Business District Store,Web Direct,Home Appliances,Inverter Split AC 1.5HP (AC-902),2,385000,0.0,770000.0,620000,150000.0,1,Returned
NEX-104325,2025-05-01,Abuja,Wuse 2 Retail,Mobile App,Home Appliances,Smart Inverter Washing Machine 8kg,1,345000,0.0,345000.0,270000,75000.0,0,Fulfilled In-Store
NEX-104326,2025-05-28,Port Harcourt,GRA Phase 2 Store,In-Store Retail,Computing & Peripherals,1TB NVMe Portable SSD,1,95000,0.1,85500.0,68000,17500.0,0,Fulfilled In-Store
NEX-104327,2025-07-14,Lagos,Victoria Island Flagship,Web Direct,Computing & Peripherals,Wireless Mechanical Keyboard,1,65000,0.15,55250.0,42000,13250.0,0,Delivered On-Time
NEX-104328,2025-05-27,Abuja,Maitama Galleria,Mobile App,Home Appliances,Digital Microwave Oven 25L,1,115000,0.1,103500.0,85000,18500.0,0,Delivered On-Time
NEX-104329,2025-05-16,Lagos,Victoria Island Flagship,Web Direct,Home Appliances,Chest Freezer 200L,1,245000,0.05,232750.0,195000,37750.0,0,Fulfilled In-Store
NEX-104330,2025-07-12,Lagos,Surulere Hub,In-Store Retail,Home Appliances,Double Door Refrigerator 320L,1,520000,0.3,363606.76,410000,-46393.24,0,Delayed Transit
NEX-104331,2025-05-25,Lagos,Lekki Mall Outlet,Mobile App,Home Appliances,Chest Freezer 200L,4,245000,0.0,980000.0,780000,200000.0,0,Delivered On-Time
NEX-104332,2025-05-16,Lagos,Lekki Mall Outlet,Mobile App,Home Appliances,Digital Microwave Oven 25L,2,115000,0.1,207000.0,170000,37000.0,0,Delivered On-Time
NEX-104333,2025-06-27,Abuja,Wuse 2 Retail,In-Store Retail,Home Appliances,Double Door Refrigerator 320L,1,520000,0.05,494000.0,410000,84000.0,0,Delivered On-Time
NEX-104334,2025-06-05,Lagos,Victoria Island Flagship,In-Store Retail,Consumer Electronics,Dell XPS 15 Laptop,1,1650000,0.1,1485000.0,1320000,165000.0,0,Delivered On-Time
NEX-104335,2025-05-01,Port Harcourt,Trans-Amadi Commercial,In-Store Retail,Computing & Peripherals,Wireless Mechanical Keyboard,1,65000,0.0,65000.0,42000,23000.0,1,Returned
NEX-104336,2025-07-09,Kano,Bompai Trade Centre,In-Store Retail,Home Appliances,Digital Microwave Oven 25L,1,115000,0.05,109250.0,85000,24250.0,0,Delivered On-Time
NEX-104337,2025-05-21,Abuja,Maitama Galleria,Web Direct,Computing & Peripherals,Logitech MX Master 3S Mouse,4,75000,0.0,300000.0,208000,92000.0,0,Delivered On-Time
NEX-104338,2025-07-02,Lagos,Ikeja Mega-Store,Corporate B2B,Computing & Peripherals,Wireless Mechanical Keyboard,1,65000,0.15,55250.0,42000,13250.0,0,Delivered On-Time
NEX-104339,2025-05-12,Abuja,Wuse 2 Retail,Web Direct,Home Appliances,Digital Microwave Oven 25L,1,115000,0.05,109250.0,85000,24250.0,0,Delivered On-Time
NEX-104340,2025-07-28,Kano,Nasarawa Road Branch,In-Store Retail,Computing & Peripherals,1TB NVMe Portable SSD,1,95000,0.15,80750.0,68000,12750.0,0,Fulfilled In-Store
NEX-104341,2025-05-25,Lagos,Victoria Island Flagship,Web Direct,Computing & Peripherals,27-inch 4K Gaming Monitor,2,310000,0.05,589000.0,470000,119000.0,0,Delivered On-Time
NEX-104342,2025-06-18,Port Harcourt,Trans-Amadi Commercial,Corporate B2B,Computing & Peripherals,1TB NVMe Portable SSD,1,95000,0.15,80750.0,68000,12750.0,0,Delivered On-Time
NEX-104343,2025-05-21,Lagos,Lekki Mall Outlet,In-Store Retail,Computing & Peripherals,27-inch 4K Gaming Monitor,1,310000,0.1,279000.0,235000,44000.0,0,Delivered On-Time
NEX-104344,2025-05-21,Abuja,Central Business District Store,Web Direct,Computing & Peripherals,Logitech MX Master 3S Mouse,5,75000,0.0,375000.0,260000,115000.0,0,Delivered On-Time
NEX-104345,2025-05-08,Abuja,Maitama Galleria,Web Direct,Consumer Electronics,Dell XPS 15 Laptop,1,1650000,0.15,1402500.0,1320000,82500.0,0,Delivered On-Time
NEX-104346,2025-07-07,Ibadan,Ring Road Complex,Mobile App,Home Appliances,Chest Freezer 200L,1,245000,0.0,245000.0,195000,50000.0,0,Delivered On-Time
NEX-104347,2025-06-18,Kano,Bompai Trade Centre,Mobile App,Computing & Peripherals,Wireless Mechanical Keyboard,1,65000,0.0,65000.0,42000,23000.0,0,Delayed Transit
NEX-104348,2025-07-04,Abuja,Maitama Galleria,Web Direct,Computing & Peripherals,Logitech MX Master 3S Mouse,1,75000,0.0,75000.0,52000,23000.0,0,Fulfilled In-Store
NEX-104349,2025-06-30,Abuja,Maitama Galleria,In-Store Retail,Consumer Electronics,Dell XPS 15 Laptop,1,1650000,0.05,1567500.0,1320000,247500.0,0,Delivered On-Time
NEX-104350,2025-07-07,Lagos,Lekki Mall Outlet,Web Direct,Consumer Electronics,Sony WH-1000XM5 Headphones,1,285000,0.0,285000.0,195000,90000.0,0,Delivered On-Time
NEX-104351,2025-07-03,Lagos,Ikeja Mega-Store,In-Store Retail,Home Appliances,Digital Microwave Oven 25L,1,115000,0.34,75479.06,85000,-9520.94,0,Delayed Transit
NEX-104352,2025-05-26,Port Harcourt,Trans-Amadi Commercial,Corporate B2B,Consumer Electronics,Sony WH-1000XM5 Headphones,1,285000,0.0,285000.0,195000,90000.0,0,Delivered On-Time
NEX-104353,2025-07-17,Lagos,Lekki Mall Outlet,In-Store Retail,Consumer Electronics,Sony WH-1000XM5 Headphones,4,285000,0.0,1140000.0,780000,360000.0,0,Fulfilled In-Store
NEX-104354,2025-06-15,Abuja,Wuse 2 Retail,In-Store Retail,Home Appliances,Double Door Refrigerator 320L,1,520000,0.0,520000.0,410000,110000.0,1,Returned
NEX-104355,2025-07-06,Lagos,Surulere Hub,In-Store Retail,Consumer Electronics,Galaxy S24 Ultra 512GB,1,1250000,0.0,1250000.0,950000,300000.0,0,Delivered On-Time
NEX-104356,2025-05-15,Abuja,Wuse 2 Retail,In-Store Retail,Computing & Peripherals,Ergonomic Office Chair Pro,2,185000,0.0,370000.0,260000,110000.0,0,Fulfilled In-Store
NEX-104357,2025-07-24,Kano,Nasarawa Road Branch,In-Store Retail,Computing & Peripherals,Logitech MX Master 3S Mouse,1,75000,0.0,75000.0,52000,23000.0,0,Delayed Transit
NEX-104358,2025-06-29,Lagos,Surulere Hub,In-Store Retail,Home Appliances,Inverter Split AC 1.5HP (AC-902),1,385000,0.0,385000.0,310000,75000.0,0,Fulfilled In-Store
NEX-104359,2025-05-14,Lagos,Victoria Island Flagship,In-Store Retail,Consumer Electronics,Dell XPS 15 Laptop,1,1650000,0.05,1567500.0,1320000,247500.0,0,Delivered On-Time
NEX-104360,2025-05-18,Port Harcourt,Trans-Amadi Commercial,In-Store Retail,Home Appliances,Smart Inverter Washing Machine 8kg,1,345000,0.05,327750.0,270000,57750.0,0,Delivered On-Time
NEX-104361,2025-06-25,Ibadan,Ring Road Complex,In-Store Retail,Home Appliances,Smart Inverter Washing Machine 8kg,1,345000,0.05,327750.0,270000,57750.0,0,Fulfilled In-Store
NEX-104362,2025-05-26,Abuja,Central Business District Store,Web Direct,Computing & Peripherals,Wireless Mechanical Keyboard,1,65000,0.05,61750.0,42000,19750.0,0,Delivered On-Time
NEX-104363,2025-06-21,Lagos,Ikeja Mega-Store,In-Store Retail,Home Appliances,Digital Microwave Oven 25L,2,115000,0.15,195500.0,170000,25500.0,0,Delivered On-Time
NEX-104364,2025-06-25,Lagos,Ikeja Mega-Store,Web Direct,Consumer Electronics,Galaxy S24 Ultra 512GB,1,1250000,0.0,1250000.0,950000,300000.0,0,Fulfilled In-Store
NEX-104365,2025-07-15,Kano,Bompai Trade Centre,In-Store Retail,Home Appliances,Double Door Refrigerator 320L,1,520000,0.0,520000.0,410000,110000.0,0,Fulfilled In-Store
NEX-104366,2025-06-21,Lagos,Surulere Hub,Web Direct,Computing & Peripherals,Wireless Mechanical Keyboard,2,65000,0.0,130000.0,84000,46000.0,0,Delivered On-Time
NEX-104367,2025-07-31,Lagos,Surulere Hub,Web Direct,Consumer Electronics,Galaxy S24 Ultra 512GB,1,1250000,0.2,1000000.0,950000,50000.0,0,Delivered On-Time
NEX-104368,2025-06-20,Lagos,Surulere Hub,Web Direct,Consumer Electronics,Galaxy S24 Ultra 512GB,2,1250000,0.0,2500000.0,1900000,600000.0,0,Delayed Transit
NEX-104369,2025-05-09,Kano,Bompai Trade Centre,In-Store Retail,Computing & Peripherals,Ergonomic Office Chair Pro,1,185000,0.0,185000.0,130000,55000.0,1,Returned
NEX-104370,2025-06-04,Lagos,Surulere Hub,Mobile App,Home Appliances,Double Door Refrigerator 320L,1,520000,0.05,494000.0,410000,84000.0,0,Delayed Transit
NEX-104371,2025-06-13,Lagos,Surulere Hub,Web Direct,Home Appliances,Inverter Split AC 1.5HP (AC-902),2,385000,0.2,616000.0,620000,-4000.0,0,Fulfilled In-Store
NEX-104372,2025-07-26,Port Harcourt,GRA Phase 2 Store,In-Store Retail,Home Appliances,Inverter Split AC 1.5HP (AC-902),1,385000,0.0,385000.0,310000,75000.0,0,Delivered On-Time
NEX-104373,2025-07-31,Port Harcourt,Trans-Amadi Commercial,In-Store Retail,Computing & Peripherals,1TB NVMe Portable SSD,1,95000,0.0,95000.0,68000,27000.0,0,Delivered On-Time
NEX-104374,2025-06-03,Port Harcourt,Trans-Amadi Commercial,Corporate B2B,Consumer Electronics,Dell XPS 15 Laptop,2,1650000,0.1,2970000.0,2640000,330000.0,0,Delivered On-Time
NEX-104375,2025-05-13,Lagos,Lekki Mall Outlet,Web Direct,Consumer Electronics,iPhone 15 Pro Max 256GB,1,1450000,0.2,1160000.0,1150000,10000.0,0,Delivered On-Time
NEX-104376,2025-07-30,Lagos,Lekki Mall Outlet,In-Store Retail,Computing & Peripherals,Wireless Mechanical Keyboard,1,65000,0.0,65000.0,42000,23000.0,0,Delivered On-Time
NEX-104377,2025-07-03,Abuja,Wuse 2 Retail,In-Store Retail,Computing & Peripherals,27-inch 4K Gaming Monitor,1,310000,0.15,263500.0,235000,28500.0,0,Delivered On-Time
NEX-104378,2025-06-03,Abuja,Maitama Galleria,Web Direct,Computing & Peripherals,Logitech MX Master 3S Mouse,1,75000,0.15,63750.0,52000,11750.0,0,Delivered On-Time
NEX-104379,2025-07-24,Port Harcourt,GRA Phase 2 Store,Web Direct,Consumer Electronics,Sony WH-1000XM5 Headphones,1,285000,0.15,242250.0,195000,47250.0,0,Delivered On-Time
NEX-104380,2025-05-05,Abuja,Maitama Galleria,Web Direct,Home Appliances,Double Door Refrigerator 320L,1,520000,0.0,520000.0,410000,110000.0,0,Delivered On-Time
NEX-104381,2025-07-21,Lagos,Ikeja Mega-Store,In-Store Retail,Consumer Electronics,Sony WH-1000XM5 Headphones,1,285000,0.0,285000.0,195000,90000.0,0,Returned
NEX-104382,2025-05-07,Ibadan,Ring Road Complex,In-Store Retail,Computing & Peripherals,27-inch 4K Gaming Monitor,1,310000,0.05,294500.0,235000,59500.0,0,Delivered On-Time
NEX-104383,2025-05-12,Lagos,Lekki Mall Outlet,In-Store Retail,Computing & Peripherals,Ergonomic Office Chair Pro,3,185000,0.0,555000.0,390000,165000.0,0,Delivered On-Time
NEX-104384,2025-05-29,Lagos,Lekki Mall Outlet,In-Store Retail,Computing & Peripherals,Logitech MX Master 3S Mouse,1,75000,0.05,71250.0,52000,19250.0,1,Returned
NEX-104385,2025-05-28,Lagos,Victoria Island Flagship,Web Direct,Computing & Peripherals,Ergonomic Office Chair Pro,1,185000,0.15,157250.0,130000,27250.0,0,Fulfilled In-Store
NEX-104386,2025-06-04,Kano,Nasarawa Road Branch,Web Direct,Consumer Electronics,Galaxy S24 Ultra 512GB,1,1250000,0.0,1250000.0,950000,300000.0,0,Fulfilled In-Store
NEX-104387,2025-05-24,Lagos,Victoria Island Flagship,In-Store Retail,Computing & Peripherals,1TB NVMe Portable SSD,1,95000,0.0,95000.0,68000,27000.0,0,Returned
NEX-104388,2025-07-04,Abuja,Maitama Galleria,Web Direct,Home Appliances,Inverter Split AC 1.5HP (AC-902),1,385000,0.0,385000.0,310000,75000.0,1,Returned
NEX-104389,2025-06-17,Ibadan,Ring Road Complex,Web Direct,Consumer Electronics,Sony WH-1000XM5 Headphones,1,285000,0.0,285000.0,195000,90000.0,0,Fulfilled In-Store
NEX-104390,2025-07-31,Abuja,Central Business District Store,In-Store Retail,Home Appliances,Digital Microwave Oven 25L,1,115000,0.2,92000.0,85000,7000.0,0,Delivered On-Time
NEX-104391,2025-06-02,Port Harcourt,GRA Phase 2 Store,In-Store Retail,Computing & Peripherals,Wireless Mechanical Keyboard,1,65000,0.15,55250.0,42000,13250.0,0,Delayed Transit
NEX-104392,2025-05-21,Port Harcourt,GRA Phase 2 Store,Web Direct,Computing & Peripherals,Logitech MX Master 3S Mouse,2,75000,0.0,150000.0,104000,46000.0,0,Delivered On-Time
NEX-104393,2025-07-06,Lagos,Lekki Mall Outlet,In-Store Retail,Computing & Peripherals,1TB NVMe Portable SSD,1,95000,0.0,95000.0,68000,27000.0,0,Delivered On-Time
NEX-104394,2025-07-31,Kano,Nasarawa Road Branch,Web Direct,Home Appliances,Double Door Refrigerator 320L,2,520000,0.0,1040000.0,820000,220000.0,0,Fulfilled In-Store
NEX-104395,2025-05-14,Lagos,Lekki Mall Outlet,In-Store Retail,Home Appliances,Digital Microwave Oven 25L,2,115000,0.05,218500.0,170000,48500.0,0,Delivered On-Time
NEX-104396,2025-05-13,Lagos,Lekki Mall Outlet,Web Direct,Consumer Electronics,iPhone 15 Pro Max 256GB,1,1450000,0.05,1377500.0,1150000,227500.0,0,Fulfilled In-Store
NEX-104397,2025-05-10,Port Harcourt,GRA Phase 2 Store,Web Direct,Home Appliances,Smart Inverter Washing Machine 8kg,3,345000,0.15,879750.0,810000,69750.0,0,Delivered On-Time
NEX-104398,2025-05-13,Kano,Bompai Trade Centre,In-Store Retail,Consumer Electronics,iPhone 15 Pro Max 256GB,1,1450000,0.0,1450000.0,1150000,300000.0,1,Returned
NEX-104399,2025-07-03,Abuja,Maitama Galleria,Web Direct,Computing & Peripherals,Ergonomic Office Chair Pro,3,185000,0.1,499500.0,390000,109500.0,0,Fulfilled In-Store
NEX-104400,2025-06-29,Lagos,Ikeja Mega-Store,In-Store Retail,Computing & Peripherals,Wireless Mechanical Keyboard,3,65000,0.0,195000.0,126000,69000.0,0,Delivered On-Time
NEX-104401,2025-07-23,Port Harcourt,GRA Phase 2 Store,In-Store Retail,Computing & Peripherals,27-inch 4K Gaming Monitor,1,310000,0.0,310000.0,235000,75000.0,0,Fulfilled In-Store
NEX-104402,2025-07-16,Lagos,Surulere Hub,Web Direct,Computing & Peripherals,Wireless Mechanical Keyboard,2,65000,0.15,110500.0,84000,26500.0,0,Delayed Transit
NEX-104403,2025-06-19,Port Harcourt,GRA Phase 2 Store,In-Store Retail,Computing & Peripherals,1TB NVMe Portable SSD,1,95000,0.0,95000.0,68000,27000.0,0,Fulfilled In-Store
NEX-104404,2025-05-21,Abuja,Central Business District Store,Web Direct,Consumer Electronics,Galaxy S24 Ultra 512GB,1,1250000,0.0,1250000.0,950000,300000.0,0,Delivered On-Time
NEX-104405,2025-07-23,Lagos,Lekki Mall Outlet,Corporate B2B,Consumer Electronics,Dell XPS 15 Laptop,2,1650000,0.0,3300000.0,2640000,660000.0,0,Returned
NEX-104406,2025-07-13,Ibadan,Bodija Outlet,In-Store Retail,Home Appliances,Double Door Refrigerator 320L,1,520000,0.0,520000.0,410000,110000.0,0,Fulfilled In-Store
NEX-104407,2025-05-19,Port Harcourt,Trans-Amadi Commercial,Mobile App,Consumer Electronics,MacBook Pro 14 M3,1,1850000,0.15,1572500.0,1480000,92500.0,0,Delivered On-Time
NEX-104408,2025-06-12,Lagos,Surulere Hub,In-Store Retail,Computing & Peripherals,27-inch 4K Gaming Monitor,3,310000,0.0,930000.0,705000,225000.0,0,Fulfilled In-Store
NEX-104409,2025-05-04,Ibadan,Ring Road Complex,Web Direct,Home Appliances,Digital Microwave Oven 25L,1,115000,0.0,115000.0,85000,30000.0,0,Delivered On-Time
NEX-104410,2025-06-05,Port Harcourt,Trans-Amadi Commercial,In-Store Retail,Consumer Electronics,Dell XPS 15 Laptop,1,1650000,0.0,1650000.0,1320000,330000.0,0,Delivered On-Time
NEX-104411,2025-05-02,Ibadan,Bodija Outlet,In-Store Retail,Home Appliances,Double Door Refrigerator 320L,1,520000,0.0,520000.0,410000,110000.0,0,Returned
NEX-104412,2025-06-20,Abuja,Maitama Galleria,In-Store Retail,Computing & Peripherals,Ergonomic Office Chair Pro,1,185000,0.0,185000.0,130000,55000.0,0,Fulfilled In-Store
NEX-104413,2025-06-20,Lagos,Surulere Hub,Corporate B2B,Computing & Peripherals,Wireless Mechanical Keyboard,1,65000,0.05,61750.0,42000,19750.0,0,Delivered On-Time
NEX-104414,2025-05-08,Lagos,Surulere Hub,Web Direct,Computing & Peripherals,27-inch 4K Gaming Monitor,2,310000,0.1,558000.0,470000,88000.0,0,Delivered On-Time
NEX-104415,2025-07-18,Port Harcourt,Trans-Amadi Commercial,Corporate B2B,Consumer Electronics,Galaxy S24 Ultra 512GB,1,1250000,0.05,1187500.0,950000,237500.0,1,Returned
NEX-104416,2025-05-13,Port Harcourt,Trans-Amadi Commercial,In-Store Retail,Home Appliances,Double Door Refrigerator 320L,2,520000,0.1,936000.0,820000,116000.0,0,Fulfilled In-Store
NEX-104417,2025-06-07,Lagos,Ikeja Mega-Store,Mobile App,Computing & Peripherals,1TB NVMe Portable SSD,1,95000,0.15,80750.0,68000,12750.0,0,Delivered On-Time
NEX-104418,2025-05-08,Ibadan,Bodija Outlet,In-Store Retail,Consumer Electronics,Sony WH-1000XM5 Headphones,1,285000,0.1,256500.0,195000,61500.0,0,Delivered On-Time
NEX-104419,2025-07-17,Lagos,Surulere Hub,Corporate B2B,Home Appliances,Inverter Split AC 1.5HP (AC-902),1,385000,0.29,274943.75,310000,-35056.25,1,Returned
NEX-104420,2025-07-13,Abuja,Wuse 2 Retail,In-Store Retail,Computing & Peripherals,Logitech MX Master 3S Mouse,1,75000,0.0,75000.0,52000,23000.0,0,Delivered On-Time
NEX-104421,2025-06-26,Lagos,Surulere Hub,Web Direct,Computing & Peripherals,Logitech MX Master 3S Mouse,1,75000,0.0,75000.0,52000,23000.0,0,Delivered On-Time
NEX-104422,2025-07-17,Kano,Nasarawa Road Branch,In-Store Retail,Computing & Peripherals,Logitech MX Master 3S Mouse,1,75000,0.0,75000.0,52000,23000.0,0,Fulfilled In-Store
NEX-104423,2025-07-09,Abuja,Wuse 2 Retail,In-Store Retail,Consumer Electronics,Sony WH-1000XM5 Headphones,1,285000,0.0,285000.0,195000,90000.0,0,Delivered On-Time
NEX-104424,2025-07-27,Lagos,Victoria Island Flagship,In-Store Retail,Home Appliances,Chest Freezer 200L,1,245000,0.35,159347.39,195000,-35652.61,1,Returned
NEX-104425,2025-05-05,Abuja,Maitama Galleria,In-Store Retail,Home Appliances,Smart Inverter Washing Machine 8kg,1,345000,0.0,345000.0,270000,75000.0,0,Delivered On-Time
NEX-104426,2025-05-25,Kano,Nasarawa Road Branch,In-Store Retail,Consumer Electronics,Galaxy S24 Ultra 512GB,1,1250000,0.0,1250000.0,950000,300000.0,0,Delayed Transit
NEX-104427,2025-05-09,Lagos,Victoria Island Flagship,Mobile App,Consumer Electronics,MacBook Pro 14 M3,2,1850000,0.0,3700000.0,2960000,740000.0,0,Delayed Transit
NEX-104428,2025-05-16,Abuja,Maitama Galleria,In-Store Retail,Home Appliances,Inverter Split AC 1.5HP (AC-902),1,385000,0.05,365750.0,310000,55750.0,1,Returned
NEX-104429,2025-05-28,Abuja,Maitama Galleria,Mobile App,Home Appliances,Double Door Refrigerator 320L,1,520000,0.05,494000.0,410000,84000.0,0,Delivered On-Time
NEX-104430,2025-07-23,Port Harcourt,GRA Phase 2 Store,In-Store Retail,Computing & Peripherals,27-inch 4K Gaming Monitor,2,310000,0.0,620000.0,470000,150000.0,0,Delivered On-Time
NEX-104431,2025-06-05,Kano,Nasarawa Road Branch,In-Store Retail,Computing & Peripherals,Ergonomic Office Chair Pro,1,185000,0.0,185000.0,130000,55000.0,0,Delayed Transit
NEX-104432,2025-07-09,Lagos,Ikeja Mega-Store,Web Direct,Consumer Electronics,Dell XPS 15 Laptop,1,1650000,0.0,1650000.0,1320000,330000.0,0,Fulfilled In-Store
NEX-104433,2025-07-30,Abuja,Central Business District Store,Web Direct,Computing & Peripherals,Wireless Mechanical Keyboard,1,65000,0.1,58500.0,42000,16500.0,0,Delivered On-Time
NEX-104434,2025-07-04,Port Harcourt,Trans-Amadi Commercial,Mobile App,Consumer Electronics,Sony WH-1000XM5 Headphones,2,285000,0.05,541500.0,390000,151500.0,0,Fulfilled In-Store
NEX-104435,2025-06-09,Kano,Bompai Trade Centre,Corporate B2B,Home Appliances,Digital Microwave Oven 25L,1,115000,0.05,109250.0,85000,24250.0,0,Delivered On-Time
NEX-104436,2025-07-17,Lagos,Ikeja Mega-Store,In-Store Retail,Home Appliances,Inverter Split AC 1.5HP (AC-902),1,385000,0.28,276052.73,310000,-33947.27,0,Delayed Transit
NEX-104437,2025-06-14,Abuja,Maitama Galleria,Mobile App,Consumer Electronics,MacBook Pro 14 M3,1,1850000,0.05,1757500.0,1480000,277500.0,0,Delivered On-Time
NEX-104438,2025-07-29,Lagos,Surulere Hub,In-Store Retail,Consumer Electronics,Galaxy S24 Ultra 512GB,1,1250000,0.0,1250000.0,950000,300000.0,0,Delayed Transit
NEX-104439,2025-07-06,Kano,Nasarawa Road Branch,In-Store Retail,Computing & Peripherals,1TB NVMe Portable SSD,1,95000,0.0,95000.0,68000,27000.0,0,Delivered On-Time
NEX-104440,2025-06-08,Abuja,Maitama Galleria,In-Store Retail,Computing & Peripherals,27-inch 4K Gaming Monitor,1,310000,0.05,294500.0,235000,59500.0,0,Fulfilled In-Store
NEX-104441,2025-05-28,Lagos,Lekki Mall Outlet,In-Store Retail,Computing & Peripherals,27-inch 4K Gaming Monitor,1,310000,0.0,310000.0,235000,75000.0,0,Delivered On-Time
NEX-104442,2025-05-28,Lagos,Victoria Island Flagship,Mobile App,Home Appliances,Digital Microwave Oven 25L,1,115000,0.05,109250.0,85000,24250.0,0,Delivered On-Time
NEX-104443,2025-07-26,Lagos,Victoria Island Flagship,In-Store Retail,Computing & Peripherals,Ergonomic Office Chair Pro,2,185000,0.0,370000.0,260000,110000.0,0,Delivered On-Time
NEX-104444,2025-05-24,Lagos,Ikeja Mega-Store,In-Store Retail,Home Appliances,Smart Inverter Washing Machine 8kg,1,345000,0.05,327750.0,270000,57750.0,0,Delayed Transit
NEX-104445,2025-06-17,Kano,Nasarawa Road Branch,In-Store Retail,Computing & Peripherals,Ergonomic Office Chair Pro,5,185000,0.1,832500.0,650000,182500.0,0,Fulfilled In-Store
NEX-104446,2025-05-27,Abuja,Central Business District Store,Web Direct,Consumer Electronics,Dell XPS 15 Laptop,1,1650000,0.0,1650000.0,1320000,330000.0,0,Delivered On-Time
NEX-104447,2025-06-10,Lagos,Victoria Island Flagship,In-Store Retail,Consumer Electronics,MacBook Pro 14 M3,1,1850000,0.0,1850000.0,1480000,370000.0,0,Delivered On-Time
NEX-104448,2025-07-01,Port Harcourt,Trans-Amadi Commercial,In-Store Retail,Home Appliances,Double Door Refrigerator 320L,1,520000,0.05,494000.0,410000,84000.0,0,Delivered On-Time
NEX-104449,2025-05-02,Lagos,Lekki Mall Outlet,Corporate B2B,Home Appliances,Smart Inverter Washing Machine 8kg,2,345000,0.0,690000.0,540000,150000.0,0,Fulfilled In-Store
NEX-104450,2025-05-22,Abuja,Maitama Galleria,In-Store Retail,Computing & Peripherals,1TB NVMe Portable SSD,1,95000,0.0,95000.0,68000,27000.0,0,Delivered On-Time
NEX-104451,2025-06-26,Port Harcourt,GRA Phase 2 Store,Corporate B2B,Computing & Peripherals,Logitech MX Master 3S Mouse,1,75000,0.0,75000.0,52000,23000.0,0,Delayed Transit
NEX-104452,2025-06-16,Kano,Bompai Trade Centre,Web Direct,Home Appliances,Inverter Split AC 1.5HP (AC-902),1,385000,0.0,385000.0,310000,75000.0,0,Fulfilled In-Store
NEX-104453,2025-05-18,Lagos,Victoria Island Flagship,Mobile App,Computing & Peripherals,27-inch 4K Gaming Monitor,4,310000,0.2,992000.0,940000,52000.0,0,Delivered On-Time
NEX-104454,2025-05-11,Lagos,Victoria Island Flagship,Web Direct,Home Appliances,Inverter Split AC 1.5HP (AC-902),5,385000,0.0,1925000.0,1550000,375000.0,0,Delivered On-Time
NEX-104455,2025-06-06,Ibadan,Bodija Outlet,In-Store Retail,Home Appliances,Digital Microwave Oven 25L,2,115000,0.05,218500.0,170000,48500.0,0,Delivered On-Time
NEX-104456,2025-07-02,Lagos,Surulere Hub,Mobile App,Computing & Peripherals,1TB NVMe Portable SSD,1,95000,0.05,90250.0,68000,22250.0,0,Delayed Transit
NEX-104457,2025-06-12,Lagos,Victoria Island Flagship,Web Direct,Computing & Peripherals,1TB NVMe Portable SSD,2,95000,0.0,190000.0,136000,54000.0,0,Delivered On-Time
NEX-104458,2025-05-29,Ibadan,Bodija Outlet,Corporate B2B,Home Appliances,Digital Microwave Oven 25L,1,115000,0.0,115000.0,85000,30000.0,0,Delayed Transit
NEX-104459,2025-06-19,Lagos,Lekki Mall Outlet,In-Store Retail,Consumer Electronics,MacBook Pro 14 M3,3,1850000,0.0,5550000.0,4440000,1110000.0,0,Delivered On-Time
NEX-104460,2025-07-24,Lagos,Lekki Mall Outlet,Corporate B2B,Home Appliances,Smart Inverter Washing Machine 8kg,2,345000,0.29,487725.76,540000,-52274.24,0,Delayed Transit
NEX-104461,2025-05-16,Lagos,Ikeja Mega-Store,In-Store Retail,Computing & Peripherals,Logitech MX Master 3S Mouse,1,75000,0.1,67500.0,52000,15500.0,0,Fulfilled In-Store
NEX-104462,2025-05-26,Abuja,Maitama Galleria,In-Store Retail,Consumer Electronics,Sony WH-1000XM5 Headphones,1,285000,0.05,270750.0,195000,75750.0,0,Delivered On-Time
NEX-104463,2025-05-19,Lagos,Victoria Island Flagship,Mobile App,Computing & Peripherals,Logitech MX Master 3S Mouse,1,75000,0.05,71250.0,52000,19250.0,0,Delivered On-Time
NEX-104464,2025-07-03,Port Harcourt,GRA Phase 2 Store,Corporate B2B,Consumer Electronics,Sony WH-1000XM5 Headphones,1,285000,0.05,270750.0,195000,75750.0,0,Delivered On-Time
NEX-104465,2025-07-23,Ibadan,Bodija Outlet,Mobile App,Home Appliances,Inverter Split AC 1.5HP (AC-902),1,385000,0.0,385000.0,310000,75000.0,0,Delivered On-Time
NEX-104466,2025-06-10,Lagos,Ikeja Mega-Store,Web Direct,Computing & Peripherals,1TB NVMe Portable SSD,2,95000,0.05,180500.0,136000,44500.0,0,Delivered On-Time
NEX-104467,2025-05-09,Lagos,Ikeja Mega-Store,In-Store Retail,Home Appliances,Chest Freezer 200L,2,245000,0.15,416500.0,390000,26500.0,0,Delivered On-Time
NEX-104468,2025-06-01,Port Harcourt,Trans-Amadi Commercial,Web Direct,Computing & Peripherals,Ergonomic Office Chair Pro,5,185000,0.05,878750.0,650000,228750.0,0,Fulfilled In-Store
NEX-104469,2025-06-04,Lagos,Surulere Hub,In-Store Retail,Consumer Electronics,iPhone 15 Pro Max 256GB,1,1450000,0.15,1232500.0,1150000,82500.0,0,Delivered On-Time
NEX-104470,2025-07-03,Kano,Nasarawa Road Branch,Corporate B2B,Consumer Electronics,Galaxy S24 Ultra 512GB,2,1250000,0.0,2500000.0,1900000,600000.0,0,Delivered On-Time
NEX-104471,2025-06-08,Lagos,Lekki Mall Outlet,Web Direct,Consumer Electronics,Dell XPS 15 Laptop,5,1650000,0.05,7837500.0,6600000,1237500.0,0,Returned
NEX-104472,2025-06-18,Abuja,Maitama Galleria,In-Store Retail,Computing & Peripherals,27-inch 4K Gaming Monitor,1,310000,0.2,248000.0,235000,13000.0,0,Delivered On-Time
NEX-104473,2025-06-30,Lagos,Victoria Island Flagship,Web Direct,Computing & Peripherals,Wireless Mechanical Keyboard,1,65000,0.0,65000.0,42000,23000.0,0,Delayed Transit
NEX-104474,2025-06-26,Lagos,Ikeja Mega-Store,In-Store Retail,Consumer Electronics,iPhone 15 Pro Max 256GB,1,1450000,0.0,1450000.0,1150000,300000.0,0,Delivered On-Time
NEX-104475,2025-05-03,Lagos,Victoria Island Flagship,Corporate B2B,Home Appliances,Smart Inverter Washing Machine 8kg,1,345000,0.05,327750.0,270000,57750.0,0,Delivered On-Time
NEX-104476,2025-07-18,Port Harcourt,GRA Phase 2 Store,In-Store Retail,Consumer Electronics,MacBook Pro 14 M3,1,1850000,0.0,1850000.0,1480000,370000.0,0,Delivered On-Time
NEX-104477,2025-06-20,Lagos,Ikeja Mega-Store,In-Store Retail,Home Appliances,Double Door Refrigerator 320L,1,520000,0.0,520000.0,410000,110000.0,0,Fulfilled In-Store
NEX-104478,2025-06-28,Abuja,Central Business District Store,Corporate B2B,Consumer Electronics,iPhone 15 Pro Max 256GB,1,1450000,0.05,1377500.0,1150000,227500.0,0,Delivered On-Time
NEX-104479,2025-05-03,Lagos,Surulere Hub,Mobile App,Consumer Electronics,Galaxy S24 Ultra 512GB,2,1250000,0.05,2375000.0,1900000,475000.0,0,Fulfilled In-Store
NEX-104480,2025-07-16,Lagos,Ikeja Mega-Store,Corporate B2B,Home Appliances,Digital Microwave Oven 25L,1,115000,0.29,81852.8,85000,-3147.2,0,Fulfilled In-Store
NEX-104481,2025-05-05,Ibadan,Bodija Outlet,In-Store Retail,Home Appliances,Double Door Refrigerator 320L,1,520000,0.1,468000.0,410000,58000.0,0,Delayed Transit
NEX-104482,2025-07-13,Ibadan,Ring Road Complex,In-Store Retail,Consumer Electronics,MacBook Pro 14 M3,1,1850000,0.2,1480000.0,1480000,0.0,0,Delivered On-Time
NEX-104483,2025-06-21,Port Harcourt,Trans-Amadi Commercial,In-Store Retail,Consumer Electronics,Galaxy S24 Ultra 512GB,1,1250000,0.1,1125000.0,950000,175000.0,0,Fulfilled In-Store
NEX-104484,2025-07-02,Lagos,Lekki Mall Outlet,Web Direct,Computing & Peripherals,Ergonomic Office Chair Pro,1,185000,0.0,185000.0,130000,55000.0,0,Delivered On-Time
NEX-104485,2025-06-26,Lagos,Victoria Island Flagship,In-Store Retail,Consumer Electronics,Sony WH-1000XM5 Headphones,1,285000,0.05,270750.0,195000,75750.0,0,Delivered On-Time
NEX-104486,2025-07-27,Lagos,Lekki Mall Outlet,In-Store Retail,Computing & Peripherals,27-inch 4K Gaming Monitor,1,310000,0.0,310000.0,235000,75000.0,0,Delivered On-Time
NEX-104487,2025-06-16,Abuja,Central Business District Store,In-Store Retail,Consumer Electronics,Dell XPS 15 Laptop,1,1650000,0.05,1567500.0,1320000,247500.0,0,Delivered On-Time
NEX-104488,2025-07-10,Lagos,Surulere Hub,In-Store Retail,Home Appliances,Digital Microwave Oven 25L,1,115000,0.29,81735.99,85000,-3264.01,0,Delivered On-Time
NEX-104489,2025-07-22,Lagos,Surulere Hub,In-Store Retail,Consumer Electronics,iPhone 15 Pro Max 256GB,1,1450000,0.1,1305000.0,1150000,155000.0,0,Delivered On-Time
NEX-104490,2025-06-16,Abuja,Wuse 2 Retail,Web Direct,Home Appliances,Digital Microwave Oven 25L,2,115000,0.0,230000.0,170000,60000.0,0,Delivered On-Time
NEX-104491,2025-05-14,Port Harcourt,GRA Phase 2 Store,In-Store Retail,Consumer Electronics,Galaxy S24 Ultra 512GB,1,1250000,0.2,1000000.0,950000,50000.0,0,Delivered On-Time
NEX-104492,2025-07-17,Lagos,Ikeja Mega-Store,Corporate B2B,Consumer Electronics,Sony WH-1000XM5 Headphones,2,285000,0.0,570000.0,390000,180000.0,0,Delivered On-Time
NEX-104493,2025-07-14,Kano,Bompai Trade Centre,Corporate B2B,Home Appliances,Digital Microwave Oven 25L,1,115000,0.1,103500.0,85000,18500.0,0,Delivered On-Time
NEX-104494,2025-06-20,Abuja,Wuse 2 Retail,In-Store Retail,Computing & Peripherals,1TB NVMe Portable SSD,1,95000,0.0,95000.0,68000,27000.0,0,Delayed Transit
NEX-104495,2025-06-25,Lagos,Surulere Hub,Corporate B2B,Consumer Electronics,Galaxy S24 Ultra 512GB,1,1250000,0.0,1250000.0,950000,300000.0,0,Fulfilled In-Store
NEX-104496,2025-07-02,Lagos,Ikeja Mega-Store,Corporate B2B,Home Appliances,Smart Inverter Washing Machine 8kg,1,345000,0.33,231567.92,270000,-38432.08,0,Delivered On-Time
NEX-104497,2025-06-07,Port Harcourt,Trans-Amadi Commercial,In-Store Retail,Computing & Peripherals,Logitech MX Master 3S Mouse,3,75000,0.0,225000.0,156000,69000.0,0,Delivered On-Time
NEX-104498,2025-07-14,Lagos,Ikeja Mega-Store,Mobile App,Consumer Electronics,Galaxy S24 Ultra 512GB,1,1250000,0.05,1187500.0,950000,237500.0,1,Returned
NEX-104499,2025-07-14,Lagos,Surulere Hub,In-Store Retail,Home Appliances,Digital Microwave Oven 25L,3,115000,0.31,239627.46,255000,-15372.54,0,Delayed Transit
NEX-104500,2025-07-15,Lagos,Surulere Hub,Web Direct,Consumer Electronics,Dell XPS 15 Laptop,1,1650000,0.05,1567500.0,1320000,247500.0,0,Delivered On-Time
NEX-104501,2025-07-22,Abuja,Maitama Galleria,Web Direct,Computing & Peripherals,Ergonomic Office Chair Pro,1,185000,0.0,185000.0,130000,55000.0,0,Delivered On-Time
NEX-104502,2025-06-07,Lagos,Ikeja Mega-Store,Corporate B2B,Consumer Electronics,iPhone 15 Pro Max 256GB,1,1450000,0.0,1450000.0,1150000,300000.0,0,Fulfilled In-Store
NEX-104503,2025-07-24,Abuja,Central Business District Store,In-Store Retail,Consumer Electronics,Sony WH-1000XM5 Headphones,1,285000,0.2,228000.0,195000,33000.0,0,Fulfilled In-Store
NEX-104504,2025-06-14,Lagos,Ikeja Mega-Store,In-Store Retail,Home Appliances,Inverter Split AC 1.5HP (AC-902),1,385000,0.0,385000.0,310000,75000.0,0,Delayed Transit
NEX-104505,2025-06-14,Port Harcourt,Trans-Amadi Commercial,Web Direct,Computing & Peripherals,27-inch 4K Gaming Monitor,1,310000,0.05,294500.0,235000,59500.0,0,Fulfilled In-Store
NEX-104506,2025-06-21,Abuja,Central Business District Store,In-Store Retail,Computing & Peripherals,Wireless Mechanical Keyboard,2,65000,0.0,130000.0,84000,46000.0,0,Delivered On-Time
NEX-104507,2025-05-14,Lagos,Ikeja Mega-Store,Corporate B2B,Home Appliances,Smart Inverter Washing Machine 8kg,1,345000,0.1,310500.0,270000,40500.0,0,Returned
NEX-104508,2025-06-18,Lagos,Lekki Mall Outlet,In-Store Retail,Home Appliances,Inverter Split AC 1.5HP (AC-902),1,385000,0.15,327250.0,310000,17250.0,1,Returned
NEX-104509,2025-07-23,Kano,Bompai Trade Centre,In-Store Retail,Computing & Peripherals,1TB NVMe Portable SSD,1,95000,0.0,95000.0,68000,27000.0,0,Fulfilled In-Store
NEX-104510,2025-07-14,Kano,Bompai Trade Centre,In-Store Retail,Consumer Electronics,Dell XPS 15 Laptop,1,1650000,0.0,1650000.0,1320000,330000.0,0,Delivered On-Time
NEX-104511,2025-07-07,Abuja,Central Business District Store,In-Store Retail,Home Appliances,Double Door Refrigerator 320L,1,520000,0.0,520000.0,410000,110000.0,0,Fulfilled In-Store
NEX-104512,2025-07-09,Port Harcourt,Trans-Amadi Commercial,Corporate B2B,Consumer Electronics,Dell XPS 15 Laptop,2,1650000,0.0,3300000.0,2640000,660000.0,0,Fulfilled In-Store
NEX-104513,2025-07-07,Lagos,Lekki Mall Outlet,In-Store Retail,Consumer Electronics,Dell XPS 15 Laptop,2,1650000,0.15,2805000.0,2640000,165000.0,0,Delivered On-Time
NEX-104514,2025-05-02,Ibadan,Bodija Outlet,In-Store Retail,Consumer Electronics,Dell XPS 15 Laptop,1,1650000,0.0,1650000.0,1320000,330000.0,0,Delivered On-Time
NEX-104515,2025-05-03,Lagos,Surulere Hub,Web Direct,Home Appliances,Digital Microwave Oven 25L,1,115000,0.05,109250.0,85000,24250.0,0,Delivered On-Time
NEX-104516,2025-07-22,Lagos,Ikeja Mega-Store,In-Store Retail,Home Appliances,Inverter Split AC 1.5HP (AC-902),1,385000,0.28,275852.35,310000,-34147.65,0,Delivered On-Time
NEX-104517,2025-06-09,Lagos,Lekki Mall Outlet,In-Store Retail,Home Appliances,Chest Freezer 200L,3,245000,0.2,588000.0,585000,3000.0,0,Delivered On-Time
NEX-104518,2025-06-28,Port Harcourt,Trans-Amadi Commercial,In-Store Retail,Computing & Peripherals,Ergonomic Office Chair Pro,1,185000,0.1,166500.0,130000,36500.0,0,Delivered On-Time
NEX-104519,2025-06-17,Lagos,Surulere Hub,Web Direct,Computing & Peripherals,Logitech MX Master 3S Mouse,1,75000,0.05,71250.0,52000,19250.0,0,Delivered On-Time
NEX-104520,2025-05-22,Port Harcourt,GRA Phase 2 Store,In-Store Retail,Home Appliances,Double Door Refrigerator 320L,1,520000,0.0,520000.0,410000,110000.0,0,Delayed Transit
NEX-104521,2025-05-11,Abuja,Central Business District Store,In-Store Retail,Home Appliances,Smart Inverter Washing Machine 8kg,1,345000,0.2,276000.0,270000,6000.0,0,Delivered On-Time
NEX-104522,2025-07-27,Lagos,Victoria Island Flagship,In-Store Retail,Home Appliances,Digital Microwave Oven 25L,1,115000,0.37,72956.87,85000,-12043.13,0,Delivered On-Time
NEX-104523,2025-07-04,Lagos,Ikeja Mega-Store,Web Direct,Computing & Peripherals,Logitech MX Master 3S Mouse,1,75000,0.0,75000.0,52000,23000.0,0,Delivered On-Time
NEX-104524,2025-05-14,Abuja,Central Business District Store,In-Store Retail,Home Appliances,Double Door Refrigerator 320L,2,520000,0.0,1040000.0,820000,220000.0,0,Delivered On-Time
NEX-104525,2025-07-24,Lagos,Victoria Island Flagship,Web Direct,Consumer Electronics,iPhone 15 Pro Max 256GB,4,1450000,0.05,5510000.0,4600000,910000.0,0,Delivered On-Time
NEX-104526,2025-05-25,Lagos,Surulere Hub,Web Direct,Home Appliances,Chest Freezer 200L,1,245000,0.0,245000.0,195000,50000.0,0,Returned
NEX-104527,2025-06-29,Lagos,Victoria Island Flagship,In-Store Retail,Consumer Electronics,MacBook Pro 14 M3,1,1850000,0.05,1757500.0,1480000,277500.0,0,Delivered On-Time
NEX-104528,2025-06-14,Lagos,Lekki Mall Outlet,Corporate B2B,Home Appliances,Smart Inverter Washing Machine 8kg,2,345000,0.0,690000.0,540000,150000.0,0,Fulfilled In-Store
NEX-104529,2025-05-25,Lagos,Ikeja Mega-Store,Corporate B2B,Computing & Peripherals,1TB NVMe Portable SSD,1,95000,0.0,95000.0,68000,27000.0,0,Delivered On-Time
NEX-104530,2025-05-03,Lagos,Lekki Mall Outlet,In-Store Retail,Consumer Electronics,Galaxy S24 Ultra 512GB,1,1250000,0.05,1187500.0,950000,237500.0,0,Delivered On-Time
NEX-104531,2025-05-14,Lagos,Surulere Hub,In-Store Retail,Computing & Peripherals,27-inch 4K Gaming Monitor,3,310000,0.1,837000.0,705000,132000.0,0,Delivered On-Time
NEX-104532,2025-07-27,Abuja,Wuse 2 Retail,In-Store Retail,Home Appliances,Digital Microwave Oven 25L,2,115000,0.0,230000.0,170000,60000.0,0,Delivered On-Time
NEX-104533,2025-05-09,Abuja,Maitama Galleria,Web Direct,Consumer Electronics,Dell XPS 15 Laptop,1,1650000,0.1,1485000.0,1320000,165000.0,0,Delivered On-Time
NEX-104534,2025-06-03,Abuja,Wuse 2 Retail,In-Store Retail,Consumer Electronics,iPhone 15 Pro Max 256GB,1,1450000,0.0,1450000.0,1150000,300000.0,0,Delayed Transit
NEX-104535,2025-07-06,Port Harcourt,GRA Phase 2 Store,In-Store Retail,Consumer Electronics,iPhone 15 Pro Max 256GB,1,1450000,0.15,1232500.0,1150000,82500.0,0,Delayed Transit
NEX-104536,2025-06-05,Abuja,Wuse 2 Retail,In-Store Retail,Home Appliances,Digital Microwave Oven 25L,1,115000,0.05,109250.0,85000,24250.0,0,Delivered On-Time
NEX-104537,2025-07-28,Ibadan,Ring Road Complex,In-Store Retail,Consumer Electronics,Sony WH-1000XM5 Headphones,1,285000,0.15,242250.0,195000,47250.0,0,Delivered On-Time
NEX-104538,2025-07-29,Port Harcourt,GRA Phase 2 Store,Web Direct,Home Appliances,Smart Inverter Washing Machine 8kg,3,345000,0.05,983250.0,810000,173250.0,0,Delayed Transit
NEX-104539,2025-07-08,Lagos,Victoria Island Flagship,In-Store Retail,Home Appliances,Digital Microwave Oven 25L,1,115000,0.29,82209.44,85000,-2790.56,0,Delivered On-Time
NEX-104540,2025-05-10,Kano,Bompai Trade Centre,Corporate B2B,Home Appliances,Digital Microwave Oven 25L,1,115000,0.05,109250.0,85000,24250.0,0,Returned
NEX-104541,2025-06-30,Lagos,Lekki Mall Outlet,Web Direct,Consumer Electronics,Galaxy S24 Ultra 512GB,1,1250000,0.0,1250000.0,950000,300000.0,0,Delivered On-Time
NEX-104542,2025-07-08,Lagos,Victoria Island Flagship,In-Store Retail,Computing & Peripherals,Wireless Mechanical Keyboard,1,65000,0.05,61750.0,42000,19750.0,0,Delivered On-Time
NEX-104543,2025-05-08,Port Harcourt,GRA Phase 2 Store,Mobile App,Consumer Electronics,Sony WH-1000XM5 Headphones,1,285000,0.05,270750.0,195000,75750.0,0,Delivered On-Time
NEX-104544,2025-06-01,Abuja,Central Business District Store,Corporate B2B,Home Appliances,Chest Freezer 200L,1,245000,0.0,245000.0,195000,50000.0,0,Fulfilled In-Store
NEX-104545,2025-05-06,Lagos,Lekki Mall Outlet,Corporate B2B,Home Appliances,Inverter Split AC 1.5HP (AC-902),2,385000,0.0,770000.0,620000,150000.0,0,Fulfilled In-Store
NEX-104546,2025-05-21,Lagos,Ikeja Mega-Store,Corporate B2B,Home Appliances,Digital Microwave Oven 25L,1,115000,0.0,115000.0,85000,30000.0,0,Delivered On-Time
NEX-104547,2025-05-05,Ibadan,Bodija Outlet,Web Direct,Consumer Electronics,iPhone 15 Pro Max 256GB,1,1450000,0.2,1160000.0,1150000,10000.0,0,Delivered On-Time
NEX-104548,2025-05-21,Lagos,Victoria Island Flagship,Corporate B2B,Consumer Electronics,MacBook Pro 14 M3,1,1850000,0.0,1850000.0,1480000,370000.0,0,Delivered On-Time
NEX-104549,2025-06-27,Abuja,Wuse 2 Retail,In-Store Retail,Consumer Electronics,Sony WH-1000XM5 Headphones,3,285000,0.1,769500.0,585000,184500.0,0,Delivered On-Time
NEX-104550,2025-06-22,Lagos,Surulere Hub,Mobile App,Consumer Electronics,Dell XPS 15 Laptop,2,1650000,0.05,3135000.0,2640000,495000.0,0,Delayed Transit
NEX-104551,2025-06-22,Abuja,Wuse 2 Retail,In-Store Retail,Home Appliances,Digital Microwave Oven 25L,1,115000,0.05,109250.0,85000,24250.0,0,Delivered On-Time
NEX-104552,2025-05-29,Ibadan,Bodija Outlet,In-Store Retail,Computing & Peripherals,Wireless Mechanical Keyboard,1,65000,0.05,61750.0,42000,19750.0,0,Delivered On-Time
NEX-104553,2025-05-11,Kano,Bompai Trade Centre,In-Store Retail,Home Appliances,Digital Microwave Oven 25L,1,115000,0.1,103500.0,85000,18500.0,0,Delivered On-Time
NEX-104554,2025-05-18,Abuja,Maitama Galleria,Mobile App,Computing & Peripherals,Wireless Mechanical Keyboard,1,65000,0.05,61750.0,42000,19750.0,0,Fulfilled In-Store
NEX-104555,2025-07-29,Lagos,Lekki Mall Outlet,In-Store Retail,Computing & Peripherals,Wireless Mechanical Keyboard,1,65000,0.05,61750.0,42000,19750.0,0,Delivered On-Time
NEX-104556,2025-05-17,Lagos,Lekki Mall Outlet,In-Store Retail,Home Appliances,Digital Microwave Oven 25L,1,115000,0.0,115000.0,85000,30000.0,0,Delivered On-Time
NEX-104557,2025-07-06,Lagos,Lekki Mall Outlet,Corporate B2B,Computing & Peripherals,1TB NVMe Portable SSD,1,95000,0.0,95000.0,68000,27000.0,0,Delivered On-Time
NEX-104558,2025-05-01,Ibadan,Bodija Outlet,Web Direct,Consumer Electronics,iPhone 15 Pro Max 256GB,1,1450000,0.0,1450000.0,1150000,300000.0,0,Delivered On-Time
NEX-104559,2025-05-04,Lagos,Surulere Hub,In-Store Retail,Computing & Peripherals,Wireless Mechanical Keyboard,1,65000,0.15,55250.0,42000,13250.0,0,Delivered On-Time
NEX-104560,2025-06-18,Lagos,Ikeja Mega-Store,In-Store Retail,Home Appliances,Inverter Split AC 1.5HP (AC-902),1,385000,0.05,365750.0,310000,55750.0,0,Delivered On-Time
NEX-104561,2025-07-03,Port Harcourt,GRA Phase 2 Store,Web Direct,Consumer Electronics,Galaxy S24 Ultra 512GB,1,1250000,0.05,1187500.0,950000,237500.0,1,Returned
NEX-104562,2025-06-16,Abuja,Central Business District Store,In-Store Retail,Consumer Electronics,Galaxy S24 Ultra 512GB,3,1250000,0.0,3750000.0,2850000,900000.0,0,Delivered On-Time
NEX-104563,2025-06-30,Lagos,Surulere Hub,In-Store Retail,Consumer Electronics,Dell XPS 15 Laptop,1,1650000,0.0,1650000.0,1320000,330000.0,0,Delivered On-Time
NEX-104564,2025-05-01,Port Harcourt,Trans-Amadi Commercial,In-Store Retail,Home Appliances,Smart Inverter Washing Machine 8kg,1,345000,0.05,327750.0,270000,57750.0,0,Returned
NEX-104565,2025-06-06,Lagos,Surulere Hub,In-Store Retail,Consumer Electronics,Sony WH-1000XM5 Headphones,3,285000,0.1,769500.0,585000,184500.0,0,Returned
NEX-104566,2025-07-26,Kano,Bompai Trade Centre,In-Store Retail,Consumer Electronics,Sony WH-1000XM5 Headphones,1,285000,0.0,285000.0,195000,90000.0,0,Delivered On-Time
NEX-104567,2025-07-28,Lagos,Surulere Hub,Web Direct,Consumer Electronics,Dell XPS 15 Laptop,1,1650000,0.0,1650000.0,1320000,330000.0,0,Fulfilled In-Store
NEX-104568,2025-06-19,Kano,Bompai Trade Centre,In-Store Retail,Home Appliances,Smart Inverter Washing Machine 8kg,1,345000,0.1,310500.0,270000,40500.0,0,Delivered On-Time
NEX-104569,2025-05-24,Lagos,Lekki Mall Outlet,In-Store Retail,Computing & Peripherals,1TB NVMe Portable SSD,1,95000,0.05,90250.0,68000,22250.0,0,Delivered On-Time
NEX-104570,2025-06-25,Abuja,Maitama Galleria,Web Direct,Computing & Peripherals,27-inch 4K Gaming Monitor,1,310000,0.1,279000.0,235000,44000.0,0,Delivered On-Time
NEX-104571,2025-05-14,Lagos,Ikeja Mega-Store,In-Store Retail,Consumer Electronics,MacBook Pro 14 M3,1,1850000,0.0,1850000.0,1480000,370000.0,0,Fulfilled In-Store
NEX-104572,2025-06-19,Lagos,Victoria Island Flagship,Corporate B2B,Computing & Peripherals,27-inch 4K Gaming Monitor,2,310000,0.0,620000.0,470000,150000.0,0,Delayed Transit
NEX-104573,2025-05-03,Abuja,Wuse 2 Retail,In-Store Retail,Consumer Electronics,Galaxy S24 Ultra 512GB,1,1250000,0.0,1250000.0,950000,300000.0,0,Returned
NEX-104574,2025-07-31,Lagos,Surulere Hub,Web Direct,Computing & Peripherals,27-inch 4K Gaming Monitor,3,310000,0.05,883500.0,705000,178500.0,0,Delivered On-Time
NEX-104575,2025-07-11,Abuja,Central Business District Store,In-Store Retail,Computing & Peripherals,Wireless Mechanical Keyboard,3,65000,0.0,195000.0,126000,69000.0,0,Returned
NEX-104576,2025-06-26,Abuja,Wuse 2 Retail,Web Direct,Consumer Electronics,Galaxy S24 Ultra 512GB,1,1250000,0.0,1250000.0,950000,300000.0,0,Delivered On-Time
NEX-104577,2025-06-18,Ibadan,Bodija Outlet,Corporate B2B,Computing & Peripherals,Wireless Mechanical Keyboard,2,65000,0.1,117000.0,84000,33000.0,0,Fulfilled In-Store
NEX-104578,2025-06-19,Abuja,Maitama Galleria,In-Store Retail,Home Appliances,Digital Microwave Oven 25L,1,115000,0.1,103500.0,85000,18500.0,0,Delivered On-Time
NEX-104579,2025-05-17,Lagos,Lekki Mall Outlet,In-Store Retail,Computing & Peripherals,27-inch 4K Gaming Monitor,3,310000,0.05,883500.0,705000,178500.0,0,Delayed Transit
NEX-104580,2025-06-08,Lagos,Victoria Island Flagship,In-Store Retail,Computing & Peripherals,Logitech MX Master 3S Mouse,1,75000,0.0,75000.0,52000,23000.0,0,Delayed Transit
NEX-104581,2025-06-19,Abuja,Wuse 2 Retail,Web Direct,Computing & Peripherals,1TB NVMe Portable SSD,5,95000,0.0,475000.0,340000,135000.0,0,Delivered On-Time
NEX-104582,2025-07-01,Abuja,Central Business District Store,Web Direct,Consumer Electronics,MacBook Pro 14 M3,1,1850000,0.05,1757500.0,1480000,277500.0,0,Delivered On-Time
NEX-104583,2025-07-19,Lagos,Ikeja Mega-Store,Web Direct,Home Appliances,Smart Inverter Washing Machine 8kg,1,345000,0.3,241974.11,270000,-28025.89,0,Delivered On-Time
NEX-104584,2025-06-08,Lagos,Victoria Island Flagship,In-Store Retail,Home Appliances,Inverter Split AC 1.5HP (AC-902),1,385000,0.0,385000.0,310000,75000.0,0,Delayed Transit
NEX-104585,2025-07-10,Abuja,Central Business District Store,In-Store Retail,Consumer Electronics,Dell XPS 15 Laptop,1,1650000,0.0,1650000.0,1320000,330000.0,0,Fulfilled In-Store
NEX-104586,2025-05-31,Lagos,Victoria Island Flagship,Mobile App,Consumer Electronics,iPhone 15 Pro Max 256GB,1,1450000,0.05,1377500.0,1150000,227500.0,0,Delayed Transit
NEX-104587,2025-07-26,Kano,Bompai Trade Centre,Web Direct,Home Appliances,Digital Microwave Oven 25L,1,115000,0.1,103500.0,85000,18500.0,0,Delivered On-Time
NEX-104588,2025-07-13,Abuja,Wuse 2 Retail,In-Store Retail,Computing & Peripherals,Wireless Mechanical Keyboard,5,65000,0.0,325000.0,210000,115000.0,0,Fulfilled In-Store
NEX-104589,2025-07-01,Abuja,Maitama Galleria,Corporate B2B,Home Appliances,Double Door Refrigerator 320L,1,520000,0.2,416000.0,410000,6000.0,0,Delivered On-Time
NEX-104590,2025-06-21,Lagos,Surulere Hub,Web Direct,Computing & Peripherals,1TB NVMe Portable SSD,1,95000,0.0,95000.0,68000,27000.0,0,Delivered On-Time
NEX-104591,2025-07-11,Lagos,Ikeja Mega-Store,In-Store Retail,Consumer Electronics,iPhone 15 Pro Max 256GB,2,1450000,0.0,2900000.0,2300000,600000.0,0,Fulfilled In-Store
NEX-104592,2025-07-06,Lagos,Ikeja Mega-Store,Web Direct,Home Appliances,Digital Microwave Oven 25L,1,115000,0.36,73311.84,85000,-11688.16,0,Delivered On-Time
NEX-104593,2025-06-10,Lagos,Lekki Mall Outlet,In-Store Retail,Consumer Electronics,MacBook Pro 14 M3,4,1850000,0.05,7030000.0,5920000,1110000.0,0,Delivered On-Time
NEX-104594,2025-07-23,Abuja,Central Business District Store,In-Store Retail,Computing & Peripherals,27-inch 4K Gaming Monitor,2,310000,0.1,558000.0,470000,88000.0,0,Delayed Transit
NEX-104595,2025-06-02,Kano,Nasarawa Road Branch,Web Direct,Consumer Electronics,Dell XPS 15 Laptop,1,1650000,0.0,1650000.0,1320000,330000.0,0,Delivered On-Time
NEX-104596,2025-05-04,Lagos,Lekki Mall Outlet,In-Store Retail,Home Appliances,Chest Freezer 200L,1,245000,0.0,245000.0,195000,50000.0,0,Delayed Transit
NEX-104597,2025-05-28,Lagos,Lekki Mall Outlet,In-Store Retail,Home Appliances,Inverter Split AC 1.5HP (AC-902),3,385000,0.15,981750.0,930000,51750.0,1,Returned
NEX-104598,2025-06-28,Lagos,Lekki Mall Outlet,Web Direct,Consumer Electronics,Sony WH-1000XM5 Headphones,1,285000,0.0,285000.0,195000,90000.0,0,Delayed Transit
NEX-104599,2025-05-23,Abuja,Wuse 2 Retail,Mobile App,Computing & Peripherals,Wireless Mechanical Keyboard,2,65000,0.0,130000.0,84000,46000.0,0,Delivered On-Time
NEX-104600,2025-07-18,Lagos,Victoria Island Flagship,In-Store Retail,Computing & Peripherals,Ergonomic Office Chair Pro,1,185000,0.0,185000.0,130000,55000.0,0,Delivered On-Time
NEX-104601,2025-06-23,Kano,Nasarawa Road Branch,Corporate B2B,Computing & Peripherals,Ergonomic Office Chair Pro,1,185000,0.0,185000.0,130000,55000.0,0,Delivered On-Time
NEX-104602,2025-07-08,Lagos,Surulere Hub,Corporate B2B,Computing & Peripherals,Wireless Mechanical Keyboard,1,65000,0.0,65000.0,42000,23000.0,0,Delivered On-Time
NEX-104603,2025-06-24,Lagos,Lekki Mall Outlet,In-Store Retail,Computing & Peripherals,27-inch 4K Gaming Monitor,1,310000,0.05,294500.0,235000,59500.0,0,Fulfilled In-Store
NEX-104604,2025-07-09,Lagos,Surulere Hub,In-Store Retail,Consumer Electronics,Sony WH-1000XM5 Headphones,1,285000,0.05,270750.0,195000,75750.0,0,Delayed Transit
NEX-104605,2025-07-05,Abuja,Wuse 2 Retail,Mobile App,Computing & Peripherals,27-inch 4K Gaming Monitor,3,310000,0.05,883500.0,705000,178500.0,0,Returned
NEX-104606,2025-06-13,Kano,Bompai Trade Centre,Corporate B2B,Home Appliances,Digital Microwave Oven 25L,1,115000,0.2,92000.0,85000,7000.0,0,Delivered On-Time
NEX-104607,2025-07-22,Lagos,Ikeja Mega-Store,Corporate B2B,Consumer Electronics,Dell XPS 15 Laptop,1,1650000,0.1,1485000.0,1320000,165000.0,0,Fulfilled In-Store
NEX-104608,2025-06-01,Port Harcourt,Trans-Amadi Commercial,Corporate B2B,Home Appliances,Smart Inverter Washing Machine 8kg,1,345000,0.05,327750.0,270000,57750.0,0,Delivered On-Time
NEX-104609,2025-07-29,Kano,Nasarawa Road Branch,Web Direct,Consumer Electronics,MacBook Pro 14 M3,1,1850000,0.0,1850000.0,1480000,370000.0,0,Delayed Transit
NEX-104610,2025-05-10,Lagos,Surulere Hub,Web Direct,Computing & Peripherals,Logitech MX Master 3S Mouse,1,75000,0.05,71250.0,52000,19250.0,0,Delivered On-Time
NEX-104611,2025-07-15,Abuja,Wuse 2 Retail,In-Store Retail,Home Appliances,Double Door Refrigerator 320L,2,520000,0.0,1040000.0,820000,220000.0,0,Delivered On-Time
NEX-104612,2025-06-09,Lagos,Lekki Mall Outlet,In-Store Retail,Consumer Electronics,Dell XPS 15 Laptop,1,1650000,0.0,1650000.0,1320000,330000.0,0,Delivered On-Time
NEX-104613,2025-05-22,Port Harcourt,GRA Phase 2 Store,In-Store Retail,Home Appliances,Inverter Split AC 1.5HP (AC-902),4,385000,0.05,1463000.0,1240000,223000.0,0,Fulfilled In-Store
NEX-104614,2025-06-13,Abuja,Wuse 2 Retail,In-Store Retail,Consumer Electronics,iPhone 15 Pro Max 256GB,2,1450000,0.05,2755000.0,2300000,455000.0,0,Delivered On-Time
NEX-104615,2025-05-24,Port Harcourt,GRA Phase 2 Store,Corporate B2B,Consumer Electronics,Galaxy S24 Ultra 512GB,3,1250000,0.05,3562500.0,2850000,712500.0,0,Delivered On-Time
NEX-104616,2025-06-14,Ibadan,Bodija Outlet,Corporate B2B,Computing & Peripherals,Ergonomic Office Chair Pro,1,185000,0.0,185000.0,130000,55000.0,0,Delayed Transit
NEX-104617,2025-06-26,Abuja,Central Business District Store,Corporate B2B,Consumer Electronics,Dell XPS 15 Laptop,1,1650000,0.05,1567500.0,1320000,247500.0,0,Delivered On-Time
NEX-104618,2025-07-14,Abuja,Central Business District Store,Mobile App,Computing & Peripherals,1TB NVMe Portable SSD,1,95000,0.0,95000.0,68000,27000.0,0,Fulfilled In-Store
NEX-104619,2025-07-07,Ibadan,Ring Road Complex,Web Direct,Computing & Peripherals,Ergonomic Office Chair Pro,1,185000,0.1,166500.0,130000,36500.0,0,Delivered On-Time
NEX-104620,2025-06-27,Abuja,Central Business District Store,Web Direct,Consumer Electronics,Dell XPS 15 Laptop,1,1650000,0.0,1650000.0,1320000,330000.0,0,Delayed Transit
NEX-104621,2025-07-27,Abuja,Maitama Galleria,Corporate B2B,Computing & Peripherals,27-inch 4K Gaming Monitor,2,310000,0.1,558000.0,470000,88000.0,0,Delivered On-Time
NEX-104622,2025-07-25,Lagos,Surulere Hub,Web Direct,Consumer Electronics,iPhone 15 Pro Max 256GB,3,1450000,0.0,4350000.0,3450000,900000.0,0,Fulfilled In-Store
NEX-104623,2025-07-04,Lagos,Surulere Hub,Corporate B2B,Consumer Electronics,Dell XPS 15 Laptop,1,1650000,0.0,1650000.0,1320000,330000.0,0,Delivered On-Time
NEX-104624,2025-07-24,Kano,Nasarawa Road Branch,In-Store Retail,Computing & Peripherals,27-inch 4K Gaming Monitor,3,310000,0.2,744000.0,705000,39000.0,0,Delivered On-Time
NEX-104625,2025-06-21,Port Harcourt,Trans-Amadi Commercial,In-Store Retail,Home Appliances,Double Door Refrigerator 320L,1,520000,0.0,520000.0,410000,110000.0,0,Fulfilled In-Store
NEX-104626,2025-06-04,Lagos,Surulere Hub,In-Store Retail,Consumer Electronics,Dell XPS 15 Laptop,1,1650000,0.15,1402500.0,1320000,82500.0,0,Delayed Transit
NEX-104627,2025-05-01,Lagos,Victoria Island Flagship,In-Store Retail,Consumer Electronics,Sony WH-1000XM5 Headphones,1,285000,0.0,285000.0,195000,90000.0,0,Delayed Transit
NEX-104628,2025-06-20,Abuja,Wuse 2 Retail,In-Store Retail,Consumer Electronics,Sony WH-1000XM5 Headphones,1,285000,0.05,270750.0,195000,75750.0,0,Delivered On-Time
NEX-104629,2025-06-23,Lagos,Ikeja Mega-Store,Mobile App,Home Appliances,Chest Freezer 200L,1,245000,0.0,245000.0,195000,50000.0,0,Delivered On-Time
NEX-104630,2025-07-29,Port Harcourt,GRA Phase 2 Store,In-Store Retail,Computing & Peripherals,Wireless Mechanical Keyboard,1,65000,0.0,65000.0,42000,23000.0,0,Delivered On-Time
NEX-104631,2025-07-07,Lagos,Ikeja Mega-Store,In-Store Retail,Computing & Peripherals,27-inch 4K Gaming Monitor,1,310000,0.2,248000.0,235000,13000.0,0,Fulfilled In-Store
NEX-104632,2025-06-19,Kano,Bompai Trade Centre,In-Store Retail,Consumer Electronics,Dell XPS 15 Laptop,1,1650000,0.1,1485000.0,1320000,165000.0,0,Fulfilled In-Store
NEX-104633,2025-05-31,Lagos,Surulere Hub,In-Store Retail,Consumer Electronics,MacBook Pro 14 M3,1,1850000,0.1,1665000.0,1480000,185000.0,0,Delivered On-Time
NEX-104634,2025-05-05,Lagos,Surulere Hub,In-Store Retail,Home Appliances,Double Door Refrigerator 320L,1,520000,0.05,494000.0,410000,84000.0,0,Delayed Transit
NEX-104635,2025-05-10,Lagos,Ikeja Mega-Store,In-Store Retail,Home Appliances,Double Door Refrigerator 320L,2,520000,0.0,1040000.0,820000,220000.0,0,Delivered On-Time
NEX-104636,2025-07-08,Port Harcourt,GRA Phase 2 Store,Web Direct,Home Appliances,Inverter Split AC 1.5HP (AC-902),2,385000,0.1,693000.0,620000,73000.0,0,Delayed Transit
NEX-104637,2025-07-26,Lagos,Lekki Mall Outlet,Web Direct,Home Appliances,Digital Microwave Oven 25L,2,115000,0.32,155253.2,170000,-14746.8,1,Returned
NEX-104638,2025-05-29,Lagos,Surulere Hub,Corporate B2B,Home Appliances,Chest Freezer 200L,2,245000,0.15,416500.0,390000,26500.0,0,Fulfilled In-Store
NEX-104639,2025-05-11,Port Harcourt,GRA Phase 2 Store,Corporate B2B,Computing & Peripherals,1TB NVMe Portable SSD,1,95000,0.05,90250.0,68000,22250.0,0,Fulfilled In-Store
NEX-104640,2025-07-07,Lagos,Surulere Hub,In-Store Retail,Consumer Electronics,Galaxy S24 Ultra 512GB,1,1250000,0.0,1250000.0,950000,300000.0,0,Delivered On-Time
NEX-104641,2025-05-28,Lagos,Victoria Island Flagship,In-Store Retail,Home Appliances,Inverter Split AC 1.5HP (AC-902),1,385000,0.0,385000.0,310000,75000.0,0,Delivered On-Time
NEX-104642,2025-06-13,Lagos,Lekki Mall Outlet,In-Store Retail,Computing & Peripherals,1TB NVMe Portable SSD,1,95000,0.0,95000.0,68000,27000.0,0,Fulfilled In-Store
NEX-104643,2025-05-27,Abuja,Maitama Galleria,In-Store Retail,Home Appliances,Double Door Refrigerator 320L,2,520000,0.05,988000.0,820000,168000.0,0,Fulfilled In-Store
NEX-104644,2025-06-14,Abuja,Central Business District Store,In-Store Retail,Consumer Electronics,Sony WH-1000XM5 Headphones,4,285000,0.05,1083000.0,780000,303000.0,0,Delivered On-Time
NEX-104645,2025-05-07,Port Harcourt,Trans-Amadi Commercial,Web Direct,Computing & Peripherals,27-inch 4K Gaming Monitor,1,310000,0.05,294500.0,235000,59500.0,0,Fulfilled In-Store
NEX-104646,2025-05-11,Lagos,Lekki Mall Outlet,Web Direct,Home Appliances,Smart Inverter Washing Machine 8kg,2,345000,0.0,690000.0,540000,150000.0,0,Delivered On-Time
NEX-104647,2025-06-29,Kano,Nasarawa Road Branch,In-Store Retail,Consumer Electronics,Sony WH-1000XM5 Headphones,1,285000,0.0,285000.0,195000,90000.0,0,Delivered On-Time
NEX-104648,2025-05-13,Ibadan,Bodija Outlet,Mobile App,Home Appliances,Double Door Refrigerator 320L,3,520000,0.0,1560000.0,1230000,330000.0,0,Fulfilled In-Store
NEX-104649,2025-07-01,Lagos,Surulere Hub,In-Store Retail,Consumer Electronics,Sony WH-1000XM5 Headphones,2,285000,0.15,484500.0,390000,94500.0,0,Delivered On-Time
NEX-104650,2025-06-25,Lagos,Lekki Mall Outlet,In-Store Retail,Home Appliances,Double Door Refrigerator 320L,1,520000,0.05,494000.0,410000,84000.0,0,Delivered On-Time
NEX-104651,2025-06-12,Lagos,Surulere Hub,In-Store Retail,Consumer Electronics,MacBook Pro 14 M3,1,1850000,0.05,1757500.0,1480000,277500.0,0,Delivered On-Time
NEX-104652,2025-07-12,Abuja,Maitama Galleria,Web Direct,Consumer Electronics,Dell XPS 15 Laptop,1,1650000,0.0,1650000.0,1320000,330000.0,0,Delivered On-Time
NEX-104653,2025-05-21,Ibadan,Ring Road Complex,Web Direct,Computing & Peripherals,27-inch 4K Gaming Monitor,1,310000,0.05,294500.0,235000,59500.0,1,Returned
NEX-104654,2025-07-31,Abuja,Central Business District Store,Web Direct,Computing & Peripherals,27-inch 4K Gaming Monitor,1,310000,0.2,248000.0,235000,13000.0,0,Delayed Transit
NEX-104655,2025-06-18,Port Harcourt,GRA Phase 2 Store,In-Store Retail,Consumer Electronics,MacBook Pro 14 M3,1,1850000,0.05,1757500.0,1480000,277500.0,0,Delivered On-Time
NEX-104656,2025-05-10,Port Harcourt,Trans-Amadi Commercial,Web Direct,Computing & Peripherals,1TB NVMe Portable SSD,4,95000,0.0,380000.0,272000,108000.0,0,Fulfilled In-Store
NEX-104657,2025-05-30,Port Harcourt,Trans-Amadi Commercial,In-Store Retail,Consumer Electronics,Dell XPS 15 Laptop,1,1650000,0.15,1402500.0,1320000,82500.0,0,Delivered On-Time
NEX-104658,2025-07-10,Port Harcourt,GRA Phase 2 Store,In-Store Retail,Computing & Peripherals,Logitech MX Master 3S Mouse,1,75000,0.05,71250.0,52000,19250.0,0,Delivered On-Time
NEX-104659,2025-07-13,Abuja,Maitama Galleria,Mobile App,Computing & Peripherals,1TB NVMe Portable SSD,1,95000,0.15,80750.0,68000,12750.0,0,Delivered On-Time
NEX-104660,2025-06-22,Lagos,Surulere Hub,Web Direct,Computing & Peripherals,1TB NVMe Portable SSD,1,95000,0.05,90250.0,68000,22250.0,0,Returned
NEX-104661,2025-06-01,Lagos,Victoria Island Flagship,In-Store Retail,Computing & Peripherals,Ergonomic Office Chair Pro,1,185000,0.0,185000.0,130000,55000.0,0,Delivered On-Time
NEX-104662,2025-07-08,Abuja,Maitama Galleria,In-Store Retail,Computing & Peripherals,Logitech MX Master 3S Mouse,1,75000,0.0,75000.0,52000,23000.0,0,Delivered On-Time
NEX-104663,2025-06-20,Abuja,Wuse 2 Retail,In-Store Retail,Home Appliances,Inverter Split AC 1.5HP (AC-902),1,385000,0.15,327250.0,310000,17250.0,1,Returned
NEX-104664,2025-05-14,Lagos,Victoria Island Flagship,Web Direct,Computing & Peripherals,27-inch 4K Gaming Monitor,1,310000,0.0,310000.0,235000,75000.0,0,Delivered On-Time
NEX-104665,2025-05-18,Lagos,Victoria Island Flagship,In-Store Retail,Consumer Electronics,MacBook Pro 14 M3,1,1850000,0.0,1850000.0,1480000,370000.0,0,Fulfilled In-Store
NEX-104666,2025-06-29,Lagos,Surulere Hub,In-Store Retail,Consumer Electronics,MacBook Pro 14 M3,2,1850000,0.05,3515000.0,2960000,555000.0,0,Delayed Transit
NEX-104667,2025-06-03,Kano,Bompai Trade Centre,In-Store Retail,Computing & Peripherals,Wireless Mechanical Keyboard,2,65000,0.0,130000.0,84000,46000.0,0,Delayed Transit
NEX-104668,2025-07-06,Port Harcourt,GRA Phase 2 Store,In-Store Retail,Consumer Electronics,Galaxy S24 Ultra 512GB,1,1250000,0.0,1250000.0,950000,300000.0,0,Delivered On-Time
NEX-104669,2025-07-24,Lagos,Lekki Mall Outlet,In-Store Retail,Computing & Peripherals,Logitech MX Master 3S Mouse,1,75000,0.05,71250.0,52000,19250.0,0,Delayed Transit
NEX-104670,2025-06-15,Port Harcourt,Trans-Amadi Commercial,In-Store Retail,Home Appliances,Chest Freezer 200L,4,245000,0.05,931000.0,780000,151000.0,0,Delivered On-Time
NEX-104671,2025-07-06,Lagos,Victoria Island Flagship,Web Direct,Consumer Electronics,Galaxy S24 Ultra 512GB,1,1250000,0.0,1250000.0,950000,300000.0,0,Fulfilled In-Store
NEX-104672,2025-05-26,Lagos,Lekki Mall Outlet,Web Direct,Computing & Peripherals,Wireless Mechanical Keyboard,3,65000,0.0,195000.0,126000,69000.0,0,Returned
NEX-104673,2025-07-09,Abuja,Maitama Galleria,Corporate B2B,Computing & Peripherals,Wireless Mechanical Keyboard,2,65000,0.1,117000.0,84000,33000.0,0,Delivered On-Time
NEX-104674,2025-07-29,Port Harcourt,Trans-Amadi Commercial,In-Store Retail,Home Appliances,Inverter Split AC 1.5HP (AC-902),1,385000,0.1,346500.0,310000,36500.0,0,Delivered On-Time
NEX-104675,2025-05-13,Lagos,Surulere Hub,Corporate B2B,Computing & Peripherals,27-inch 4K Gaming Monitor,1,310000,0.1,279000.0,235000,44000.0,0,Delayed Transit
NEX-104676,2025-06-10,Abuja,Maitama Galleria,Web Direct,Computing & Peripherals,27-inch 4K Gaming Monitor,1,310000,0.0,310000.0,235000,75000.0,0,Delivered On-Time
NEX-104677,2025-06-26,Ibadan,Ring Road Complex,Mobile App,Home Appliances,Chest Freezer 200L,5,245000,0.0,1225000.0,975000,250000.0,0,Delivered On-Time
NEX-104678,2025-07-15,Lagos,Surulere Hub,In-Store Retail,Home Appliances,Chest Freezer 200L,3,245000,0.31,510648.03,585000,-74351.97,0,Delivered On-Time
NEX-104679,2025-05-25,Lagos,Victoria Island Flagship,In-Store Retail,Computing & Peripherals,27-inch 4K Gaming Monitor,2,310000,0.0,620000.0,470000,150000.0,0,Delayed Transit
NEX-104680,2025-06-19,Lagos,Lekki Mall Outlet,In-Store Retail,Computing & Peripherals,1TB NVMe Portable SSD,1,95000,0.0,95000.0,68000,27000.0,0,Fulfilled In-Store
NEX-104681,2025-07-21,Lagos,Surulere Hub,Mobile App,Computing & Peripherals,27-inch 4K Gaming Monitor,3,310000,0.0,930000.0,705000,225000.0,0,Delivered On-Time
NEX-104682,2025-05-23,Ibadan,Ring Road Complex,Mobile App,Computing & Peripherals,27-inch 4K Gaming Monitor,1,310000,0.05,294500.0,235000,59500.0,0,Delivered On-Time
NEX-104683,2025-07-07,Port Harcourt,GRA Phase 2 Store,In-Store Retail,Consumer Electronics,Galaxy S24 Ultra 512GB,1,1250000,0.15,1062500.0,950000,112500.0,0,Delivered On-Time
NEX-104684,2025-06-20,Kano,Bompai Trade Centre,Web Direct,Computing & Peripherals,Wireless Mechanical Keyboard,1,65000,0.1,58500.0,42000,16500.0,0,Delivered On-Time
NEX-104685,2025-05-08,Ibadan,Ring Road Complex,Corporate B2B,Home Appliances,Chest Freezer 200L,2,245000,0.15,416500.0,390000,26500.0,0,Delayed Transit
NEX-104686,2025-06-29,Lagos,Surulere Hub,In-Store Retail,Home Appliances,Smart Inverter Washing Machine 8kg,1,345000,0.15,293250.0,270000,23250.0,0,Returned
NEX-104687,2025-07-11,Lagos,Ikeja Mega-Store,Corporate B2B,Computing & Peripherals,Wireless Mechanical Keyboard,1,65000,0.0,65000.0,42000,23000.0,0,Fulfilled In-Store
NEX-104688,2025-07-28,Abuja,Central Business District Store,Web Direct,Home Appliances,Double Door Refrigerator 320L,1,520000,0.1,468000.0,410000,58000.0,0,Delivered On-Time
NEX-104689,2025-07-30,Kano,Nasarawa Road Branch,Web Direct,Computing & Peripherals,1TB NVMe Portable SSD,1,95000,0.05,90250.0,68000,22250.0,0,Delivered On-Time
NEX-104690,2025-05-12,Lagos,Victoria Island Flagship,Corporate B2B,Computing & Peripherals,Wireless Mechanical Keyboard,3,65000,0.0,195000.0,126000,69000.0,0,Delivered On-Time
NEX-104691,2025-06-28,Port Harcourt,GRA Phase 2 Store,Corporate B2B,Computing & Peripherals,Wireless Mechanical Keyboard,1,65000,0.05,61750.0,42000,19750.0,0,Fulfilled In-Store
NEX-104692,2025-05-13,Kano,Nasarawa Road Branch,Web Direct,Consumer Electronics,MacBook Pro 14 M3,1,1850000,0.15,1572500.0,1480000,92500.0,0,Delivered On-Time
NEX-104693,2025-07-29,Abuja,Wuse 2 Retail,In-Store Retail,Home Appliances,Chest Freezer 200L,1,245000,0.1,220500.0,195000,25500.0,0,Fulfilled In-Store
NEX-104694,2025-07-18,Lagos,Surulere Hub,In-Store Retail,Home Appliances,Double Door Refrigerator 320L,1,520000,0.3,364670.68,410000,-45329.32,0,Fulfilled In-Store
NEX-104695,2025-07-18,Abuja,Wuse 2 Retail,In-Store Retail,Home Appliances,Smart Inverter Washing Machine 8kg,3,345000,0.0,1035000.0,810000,225000.0,0,Returned
NEX-104696,2025-05-16,Abuja,Central Business District Store,Web Direct,Home Appliances,Chest Freezer 200L,1,245000,0.1,220500.0,195000,25500.0,0,Delivered On-Time
NEX-104697,2025-05-06,Abuja,Central Business District Store,In-Store Retail,Computing & Peripherals,1TB NVMe Portable SSD,4,95000,0.0,380000.0,272000,108000.0,0,Delivered On-Time
NEX-104698,2025-07-03,Abuja,Central Business District Store,Corporate B2B,Computing & Peripherals,27-inch 4K Gaming Monitor,1,310000,0.1,279000.0,235000,44000.0,0,Fulfilled In-Store
NEX-104699,2025-06-06,Kano,Bompai Trade Centre,In-Store Retail,Computing & Peripherals,Wireless Mechanical Keyboard,1,65000,0.05,61750.0,42000,19750.0,0,Returned
NEX-104700,2025-07-29,Port Harcourt,Trans-Amadi Commercial,Web Direct,Computing & Peripherals,1TB NVMe Portable SSD,1,95000,0.1,85500.0,68000,17500.0,0,Delivered On-Time
NEX-104701,2025-06-13,Abuja,Wuse 2 Retail,In-Store Retail,Consumer Electronics,Sony WH-1000XM5 Headphones,2,285000,0.0,570000.0,390000,180000.0,0,Delayed Transit
NEX-104702,2025-07-27,Lagos,Surulere Hub,Web Direct,Consumer Electronics,iPhone 15 Pro Max 256GB,4,1450000,0.0,5800000.0,4600000,1200000.0,0,Delivered On-Time
NEX-104703,2025-07-23,Lagos,Victoria Island Flagship,In-Store Retail,Home Appliances,Digital Microwave Oven 25L,1,115000,0.37,72004.35,85000,-12995.65,0,Delivered On-Time
NEX-104704,2025-07-02,Kano,Bompai Trade Centre,Web Direct,Home Appliances,Smart Inverter Washing Machine 8kg,1,345000,0.0,345000.0,270000,75000.0,0,Delivered On-Time
NEX-104705,2025-07-27,Abuja,Maitama Galleria,In-Store Retail,Computing & Peripherals,1TB NVMe Portable SSD,1,95000,0.15,80750.0,68000,12750.0,0,Fulfilled In-Store
NEX-104706,2025-05-08,Lagos,Surulere Hub,In-Store Retail,Computing & Peripherals,Logitech MX Master 3S Mouse,1,75000,0.1,67500.0,52000,15500.0,0,Delivered On-Time
NEX-104707,2025-06-03,Kano,Nasarawa Road Branch,In-Store Retail,Consumer Electronics,iPhone 15 Pro Max 256GB,1,1450000,0.0,1450000.0,1150000,300000.0,0,Delivered On-Time
NEX-104708,2025-06-14,Abuja,Central Business District Store,Mobile App,Home Appliances,Chest Freezer 200L,2,245000,0.1,441000.0,390000,51000.0,0,Fulfilled In-Store
NEX-104709,2025-06-18,Lagos,Surulere Hub,In-Store Retail,Home Appliances,Smart Inverter Washing Machine 8kg,1,345000,0.05,327750.0,270000,57750.0,0,Fulfilled In-Store
NEX-104710,2025-07-09,Lagos,Surulere Hub,Corporate B2B,Home Appliances,Chest Freezer 200L,1,245000,0.3,172288.81,195000,-22711.19,0,Fulfilled In-Store
NEX-104711,2025-07-05,Abuja,Central Business District Store,In-Store Retail,Consumer Electronics,iPhone 15 Pro Max 256GB,1,1450000,0.0,1450000.0,1150000,300000.0,0,Delivered On-Time
NEX-104712,2025-06-01,Lagos,Surulere Hub,Web Direct,Home Appliances,Double Door Refrigerator 320L,1,520000,0.05,494000.0,410000,84000.0,0,Delivered On-Time
NEX-104713,2025-06-28,Lagos,Ikeja Mega-Store,Web Direct,Home Appliances,Smart Inverter Washing Machine 8kg,1,345000,0.05,327750.0,270000,57750.0,0,Fulfilled In-Store
NEX-104714,2025-07-01,Lagos,Lekki Mall Outlet,Web Direct,Consumer Electronics,Dell XPS 15 Laptop,1,1650000,0.0,1650000.0,1320000,330000.0,0,Delivered On-Time
NEX-104715,2025-06-26,Kano,Bompai Trade Centre,Web Direct,Home Appliances,Smart Inverter Washing Machine 8kg,1,345000,0.0,345000.0,270000,75000.0,0,Fulfilled In-Store
NEX-104716,2025-07-25,Lagos,Victoria Island Flagship,In-Store Retail,Computing & Peripherals,1TB NVMe Portable SSD,1,95000,0.2,76000.0,68000,8000.0,0,Delivered On-Time
NEX-104717,2025-07-06,Lagos,Ikeja Mega-Store,Web Direct,Home Appliances,Digital Microwave Oven 25L,1,115000,0.33,77500.99,85000,-7499.01,0,Delivered On-Time
NEX-104718,2025-05-07,Port Harcourt,GRA Phase 2 Store,Corporate B2B,Computing & Peripherals,Ergonomic Office Chair Pro,1,185000,0.0,185000.0,130000,55000.0,0,Delivered On-Time
NEX-104719,2025-06-23,Abuja,Maitama Galleria,In-Store Retail,Computing & Peripherals,Wireless Mechanical Keyboard,4,65000,0.0,260000.0,168000,92000.0,0,Delayed Transit
NEX-104720,2025-07-06,Abuja,Central Business District Store,Web Direct,Home Appliances,Inverter Split AC 1.5HP (AC-902),1,385000,0.1,346500.0,310000,36500.0,0,Delivered On-Time
NEX-104721,2025-07-01,Port Harcourt,Trans-Amadi Commercial,In-Store Retail,Computing & Peripherals,Ergonomic Office Chair Pro,1,185000,0.0,185000.0,130000,55000.0,0,Delivered On-Time
NEX-104722,2025-07-19,Lagos,Lekki Mall Outlet,In-Store Retail,Consumer Electronics,Sony WH-1000XM5 Headphones,2,285000,0.1,513000.0,390000,123000.0,0,Delivered On-Time
NEX-104723,2025-06-11,Lagos,Ikeja Mega-Store,In-Store Retail,Home Appliances,Inverter Split AC 1.5HP (AC-902),1,385000,0.05,365750.0,310000,55750.0,0,Delivered On-Time
NEX-104724,2025-07-20,Ibadan,Bodija Outlet,Mobile App,Computing & Peripherals,Ergonomic Office Chair Pro,1,185000,0.2,148000.0,130000,18000.0,0,Delivered On-Time
NEX-104725,2025-06-17,Abuja,Central Business District Store,Web Direct,Home Appliances,Chest Freezer 200L,1,245000,0.0,245000.0,195000,50000.0,0,Delivered On-Time
NEX-104726,2025-05-27,Lagos,Victoria Island Flagship,In-Store Retail,Home Appliances,Inverter Split AC 1.5HP (AC-902),1,385000,0.0,385000.0,310000,75000.0,0,Delivered On-Time
NEX-104727,2025-07-14,Port Harcourt,GRA Phase 2 Store,In-Store Retail,Home Appliances,Chest Freezer 200L,1,245000,0.1,220500.0,195000,25500.0,0,Delivered On-Time
NEX-104728,2025-07-03,Lagos,Ikeja Mega-Store,Corporate B2B,Consumer Electronics,Sony WH-1000XM5 Headphones,1,285000,0.0,285000.0,195000,90000.0,0,Fulfilled In-Store
NEX-104729,2025-07-16,Lagos,Surulere Hub,In-Store Retail,Home Appliances,Inverter Split AC 1.5HP (AC-902),1,385000,0.29,273364.09,310000,-36635.91,0,Fulfilled In-Store
NEX-104730,2025-05-05,Lagos,Ikeja Mega-Store,In-Store Retail,Home Appliances,Inverter Split AC 1.5HP (AC-902),2,385000,0.15,654500.0,620000,34500.0,0,Fulfilled In-Store
NEX-104731,2025-06-05,Lagos,Lekki Mall Outlet,Web Direct,Consumer Electronics,iPhone 15 Pro Max 256GB,1,1450000,0.2,1160000.0,1150000,10000.0,0,Returned
NEX-104732,2025-05-27,Lagos,Lekki Mall Outlet,In-Store Retail,Consumer Electronics,Sony WH-1000XM5 Headphones,1,285000,0.05,270750.0,195000,75750.0,0,Fulfilled In-Store
NEX-104733,2025-05-05,Port Harcourt,Trans-Amadi Commercial,In-Store Retail,Home Appliances,Inverter Split AC 1.5HP (AC-902),1,385000,0.05,365750.0,310000,55750.0,0,Fulfilled In-Store
NEX-104734,2025-05-13,Abuja,Wuse 2 Retail,In-Store Retail,Home Appliances,Chest Freezer 200L,1,245000,0.0,245000.0,195000,50000.0,0,Delayed Transit
NEX-104735,2025-07-08,Lagos,Surulere Hub,In-Store Retail,Consumer Electronics,iPhone 15 Pro Max 256GB,1,1450000,0.05,1377500.0,1150000,227500.0,0,Delivered On-Time
NEX-104736,2025-05-05,Kano,Bompai Trade Centre,Corporate B2B,Consumer Electronics,Galaxy S24 Ultra 512GB,2,1250000,0.15,2125000.0,1900000,225000.0,0,Returned
NEX-104737,2025-07-18,Lagos,Lekki Mall Outlet,In-Store Retail,Computing & Peripherals,1TB NVMe Portable SSD,1,95000,0.0,95000.0,68000,27000.0,0,Delivered On-Time
NEX-104738,2025-05-07,Abuja,Central Business District Store,Corporate B2B,Home Appliances,Chest Freezer 200L,2,245000,0.2,392000.0,390000,2000.0,0,Delivered On-Time
NEX-104739,2025-06-16,Ibadan,Bodija Outlet,In-Store Retail,Home Appliances,Chest Freezer 200L,1,245000,0.05,232750.0,195000,37750.0,0,Delivered On-Time
NEX-104740,2025-05-27,Abuja,Maitama Galleria,In-Store Retail,Home Appliances,Chest Freezer 200L,1,245000,0.0,245000.0,195000,50000.0,0,Delivered On-Time
NEX-104741,2025-07-31,Ibadan,Ring Road Complex,Mobile App,Consumer Electronics,Sony WH-1000XM5 Headphones,1,285000,0.1,256500.0,195000,61500.0,0,Delayed Transit
NEX-104742,2025-05-01,Abuja,Maitama Galleria,In-Store Retail,Home Appliances,Digital Microwave Oven 25L,3,115000,0.0,345000.0,255000,90000.0,0,Fulfilled In-Store
NEX-104743,2025-05-02,Lagos,Surulere Hub,In-Store Retail,Home Appliances,Chest Freezer 200L,1,245000,0.05,232750.0,195000,37750.0,0,Delivered On-Time
NEX-104744,2025-06-20,Lagos,Surulere Hub,Corporate B2B,Home Appliances,Double Door Refrigerator 320L,1,520000,0.0,520000.0,410000,110000.0,0,Delivered On-Time
NEX-104745,2025-05-03,Lagos,Victoria Island Flagship,Web Direct,Computing & Peripherals,27-inch 4K Gaming Monitor,2,310000,0.1,558000.0,470000,88000.0,0,Delivered On-Time
NEX-104746,2025-05-13,Port Harcourt,GRA Phase 2 Store,In-Store Retail,Consumer Electronics,MacBook Pro 14 M3,1,1850000,0.1,1665000.0,1480000,185000.0,0,Delivered On-Time
NEX-104747,2025-06-08,Ibadan,Ring Road Complex,Corporate B2B,Consumer Electronics,Dell XPS 15 Laptop,1,1650000,0.0,1650000.0,1320000,330000.0,0,Delivered On-Time
NEX-104748,2025-06-22,Abuja,Central Business District Store,In-Store Retail,Computing & Peripherals,Wireless Mechanical Keyboard,1,65000,0.15,55250.0,42000,13250.0,0,Delivered On-Time
NEX-104749,2025-07-16,Lagos,Lekki Mall Outlet,In-Store Retail,Consumer Electronics,iPhone 15 Pro Max 256GB,1,1450000,0.1,1305000.0,1150000,155000.0,0,Delivered On-Time
NEX-104750,2025-05-25,Lagos,Victoria Island Flagship,Web Direct,Computing & Peripherals,Wireless Mechanical Keyboard,1,65000,0.0,65000.0,42000,23000.0,0,Delivered On-Time
NEX-104751,2025-07-02,Abuja,Wuse 2 Retail,Mobile App,Home Appliances,Double Door Refrigerator 320L,2,520000,0.05,988000.0,820000,168000.0,0,Delivered On-Time
NEX-104752,2025-07-02,Ibadan,Ring Road Complex,Web Direct,Computing & Peripherals,1TB NVMe Portable SSD,1,95000,0.1,85500.0,68000,17500.0,0,Delivered On-Time
NEX-104753,2025-07-08,Port Harcourt,Trans-Amadi Commercial,In-Store Retail,Home Appliances,Double Door Refrigerator 320L,1,520000,0.15,442000.0,410000,32000.0,1,Returned
NEX-104754,2025-07-22,Abuja,Wuse 2 Retail,In-Store Retail,Consumer Electronics,iPhone 15 Pro Max 256GB,1,1450000,0.0,1450000.0,1150000,300000.0,0,Fulfilled In-Store
NEX-104755,2025-06-12,Lagos,Victoria Island Flagship,In-Store Retail,Home Appliances,Double Door Refrigerator 320L,1,520000,0.05,494000.0,410000,84000.0,0,Fulfilled In-Store
NEX-104756,2025-07-25,Abuja,Maitama Galleria,Web Direct,Home Appliances,Double Door Refrigerator 320L,1,520000,0.1,468000.0,410000,58000.0,0,Delivered On-Time
NEX-104757,2025-07-04,Lagos,Lekki Mall Outlet,In-Store Retail,Computing & Peripherals,Wireless Mechanical Keyboard,1,65000,0.2,52000.0,42000,10000.0,0,Fulfilled In-Store
NEX-104758,2025-05-26,Abuja,Central Business District Store,In-Store Retail,Home Appliances,Double Door Refrigerator 320L,2,520000,0.0,1040000.0,820000,220000.0,0,Delivered On-Time
NEX-104759,2025-05-19,Abuja,Central Business District Store,Corporate B2B,Computing & Peripherals,Ergonomic Office Chair Pro,3,185000,0.1,499500.0,390000,109500.0,0,Delayed Transit
NEX-104760,2025-05-13,Ibadan,Bodija Outlet,In-Store Retail,Home Appliances,Smart Inverter Washing Machine 8kg,3,345000,0.0,1035000.0,810000,225000.0,0,Delivered On-Time
NEX-104761,2025-06-17,Lagos,Ikeja Mega-Store,Web Direct,Computing & Peripherals,1TB NVMe Portable SSD,1,95000,0.1,85500.0,68000,17500.0,0,Delayed Transit
NEX-104762,2025-06-14,Lagos,Surulere Hub,Mobile App,Computing & Peripherals,1TB NVMe Portable SSD,1,95000,0.0,95000.0,68000,27000.0,0,Delivered On-Time
NEX-104763,2025-06-15,Kano,Bompai Trade Centre,Web Direct,Computing & Peripherals,Wireless Mechanical Keyboard,1,65000,0.05,61750.0,42000,19750.0,0,Fulfilled In-Store
NEX-104764,2025-06-16,Port Harcourt,GRA Phase 2 Store,Web Direct,Computing & Peripherals,27-inch 4K Gaming Monitor,1,310000,0.1,279000.0,235000,44000.0,0,Delayed Transit
NEX-104765,2025-06-13,Abuja,Maitama Galleria,Web Direct,Consumer Electronics,Dell XPS 15 Laptop,1,1650000,0.0,1650000.0,1320000,330000.0,0,Delivered On-Time
NEX-104766,2025-05-29,Lagos,Victoria Island Flagship,In-Store Retail,Home Appliances,Inverter Split AC 1.5HP (AC-902),1,385000,0.15,327250.0,310000,17250.0,1,Returned
NEX-104767,2025-06-08,Abuja,Maitama Galleria,In-Store Retail,Home Appliances,Smart Inverter Washing Machine 8kg,1,345000,0.05,327750.0,270000,57750.0,0,Delayed Transit
NEX-104768,2025-05-13,Lagos,Victoria Island Flagship,Web Direct,Computing & Peripherals,Logitech MX Master 3S Mouse,2,75000,0.0,150000.0,104000,46000.0,0,Delivered On-Time
NEX-104769,2025-05-18,Abuja,Central Business District Store,In-Store Retail,Computing & Peripherals,27-inch 4K Gaming Monitor,2,310000,0.0,620000.0,470000,150000.0,0,Delayed Transit
NEX-104770,2025-07-21,Abuja,Maitama Galleria,Corporate B2B,Consumer Electronics,Galaxy S24 Ultra 512GB,2,1250000,0.0,2500000.0,1900000,600000.0,0,Delivered On-Time
NEX-104771,2025-06-22,Lagos,Lekki Mall Outlet,Mobile App,Consumer Electronics,Sony WH-1000XM5 Headphones,1,285000,0.0,285000.0,195000,90000.0,0,Delivered On-Time
NEX-104772,2025-07-22,Ibadan,Bodija Outlet,Mobile App,Computing & Peripherals,Ergonomic Office Chair Pro,1,185000,0.0,185000.0,130000,55000.0,1,Returned
NEX-104773,2025-06-04,Lagos,Lekki Mall Outlet,Corporate B2B,Home Appliances,Double Door Refrigerator 320L,4,520000,0.0,2080000.0,1640000,440000.0,0,Delivered On-Time
NEX-104774,2025-05-29,Lagos,Surulere Hub,Web Direct,Home Appliances,Double Door Refrigerator 320L,1,520000,0.0,520000.0,410000,110000.0,0,Fulfilled In-Store
NEX-104775,2025-05-27,Abuja,Maitama Galleria,In-Store Retail,Computing & Peripherals,Ergonomic Office Chair Pro,1,185000,0.0,185000.0,130000,55000.0,0,Delivered On-Time
NEX-104776,2025-06-22,Abuja,Wuse 2 Retail,Mobile App,Computing & Peripherals,Ergonomic Office Chair Pro,1,185000,0.2,148000.0,130000,18000.0,0,Returned
NEX-104777,2025-05-21,Ibadan,Ring Road Complex,Web Direct,Home Appliances,Smart Inverter Washing Machine 8kg,1,345000,0.0,345000.0,270000,75000.0,0,Delivered On-Time
NEX-104778,2025-06-26,Abuja,Wuse 2 Retail,In-Store Retail,Home Appliances,Double Door Refrigerator 320L,1,520000,0.05,494000.0,410000,84000.0,0,Delivered On-Time
NEX-104779,2025-07-24,Port Harcourt,Trans-Amadi Commercial,Web Direct,Computing & Peripherals,27-inch 4K Gaming Monitor,2,310000,0.1,558000.0,470000,88000.0,0,Delivered On-Time
NEX-104780,2025-06-07,Abuja,Central Business District Store,In-Store Retail,Computing & Peripherals,Ergonomic Office Chair Pro,3,185000,0.0,555000.0,390000,165000.0,0,Delivered On-Time
NEX-104781,2025-07-31,Abuja,Central Business District Store,In-Store Retail,Home Appliances,Chest Freezer 200L,1,245000,0.0,245000.0,195000,50000.0,0,Delayed Transit
NEX-104782,2025-06-26,Lagos,Victoria Island Flagship,Web Direct,Computing & Peripherals,Ergonomic Office Chair Pro,3,185000,0.0,555000.0,390000,165000.0,1,Returned
NEX-104783,2025-05-27,Lagos,Surulere Hub,In-Store Retail,Home Appliances,Inverter Split AC 1.5HP (AC-902),1,385000,0.0,385000.0,310000,75000.0,1,Returned
NEX-104784,2025-07-27,Ibadan,Ring Road Complex,In-Store Retail,Home Appliances,Smart Inverter Washing Machine 8kg,2,345000,0.0,690000.0,540000,150000.0,0,Delivered On-Time
NEX-104785,2025-06-28,Abuja,Central Business District Store,In-Store Retail,Consumer Electronics,Sony WH-1000XM5 Headphones,1,285000,0.1,256500.0,195000,61500.0,0,Delivered On-Time
NEX-104786,2025-06-03,Abuja,Maitama Galleria,Mobile App,Home Appliances,Digital Microwave Oven 25L,1,115000,0.0,115000.0,85000,30000.0,0,Delivered On-Time
NEX-104787,2025-06-28,Abuja,Wuse 2 Retail,In-Store Retail,Home Appliances,Double Door Refrigerator 320L,1,520000,0.0,520000.0,410000,110000.0,0,Delivered On-Time
NEX-104788,2025-05-11,Kano,Bompai Trade Centre,In-Store Retail,Computing & Peripherals,Logitech MX Master 3S Mouse,2,75000,0.0,150000.0,104000,46000.0,0,Delayed Transit
NEX-104789,2025-06-03,Lagos,Surulere Hub,In-Store Retail,Home Appliances,Smart Inverter Washing Machine 8kg,1,345000,0.0,345000.0,270000,75000.0,0,Delivered On-Time
NEX-104790,2025-06-10,Lagos,Ikeja Mega-Store,Corporate B2B,Consumer Electronics,Sony WH-1000XM5 Headphones,1,285000,0.15,242250.0,195000,47250.0,0,Delivered On-Time
NEX-104791,2025-05-19,Lagos,Ikeja Mega-Store,Web Direct,Home Appliances,Smart Inverter Washing Machine 8kg,2,345000,0.1,621000.0,540000,81000.0,0,Delivered On-Time
NEX-104792,2025-07-06,Lagos,Ikeja Mega-Store,Web Direct,Home Appliances,Chest Freezer 200L,1,245000,0.36,157639.09,195000,-37360.91,0,Delivered On-Time
NEX-104793,2025-05-05,Lagos,Ikeja Mega-Store,Mobile App,Computing & Peripherals,1TB NVMe Portable SSD,1,95000,0.1,85500.0,68000,17500.0,0,Delivered On-Time
NEX-104794,2025-05-13,Ibadan,Bodija Outlet,Corporate B2B,Consumer Electronics,Dell XPS 15 Laptop,1,1650000,0.05,1567500.0,1320000,247500.0,0,Delayed Transit
NEX-104795,2025-07-19,Abuja,Wuse 2 Retail,In-Store Retail,Computing & Peripherals,Wireless Mechanical Keyboard,1,65000,0.1,58500.0,42000,16500.0,0,Delivered On-Time
NEX-104796,2025-06-27,Kano,Bompai Trade Centre,Web Direct,Home Appliances,Chest Freezer 200L,2,245000,0.0,490000.0,390000,100000.0,0,Delivered On-Time
NEX-104797,2025-07-21,Lagos,Lekki Mall Outlet,Corporate B2B,Consumer Electronics,Sony WH-1000XM5 Headphones,1,285000,0.05,270750.0,195000,75750.0,0,Delivered On-Time
NEX-104798,2025-07-30,Lagos,Surulere Hub,Corporate B2B,Home Appliances,Chest Freezer 200L,1,245000,0.29,174366.24,195000,-20633.76,0,Returned
NEX-104799,2025-05-22,Abuja,Wuse 2 Retail,In-Store Retail,Home Appliances,Double Door Refrigerator 320L,2,520000,0.0,1040000.0,820000,220000.0,0,Delivered On-Time
NEX-104800,2025-07-03,Abuja,Central Business District Store,Web Direct,Home Appliances,Digital Microwave Oven 25L,1,115000,0.0,115000.0,85000,30000.0,1,Returned
NEX-104801,2025-05-18,Lagos,Ikeja Mega-Store,Web Direct,Consumer Electronics,MacBook Pro 14 M3,1,1850000,0.05,1757500.0,1480000,277500.0,0,Delivered On-Time
NEX-104802,2025-05-13,Ibadan,Bodija Outlet,Web Direct,Consumer Electronics,Dell XPS 15 Laptop,1,1650000,0.0,1650000.0,1320000,330000.0,0,Delivered On-Time
NEX-104803,2025-07-30,Lagos,Victoria Island Flagship,In-Store Retail,Home Appliances,Double Door Refrigerator 320L,1,520000,0.38,324107.61,410000,-85892.39,0,Delayed Transit
NEX-104804,2025-06-18,Abuja,Maitama Galleria,In-Store Retail,Computing & Peripherals,1TB NVMe Portable SSD,3,95000,0.0,285000.0,204000,81000.0,0,Fulfilled In-Store
NEX-104805,2025-05-12,Kano,Nasarawa Road Branch,Web Direct,Consumer Electronics,iPhone 15 Pro Max 256GB,1,1450000,0.1,1305000.0,1150000,155000.0,0,Delayed Transit
NEX-104806,2025-07-01,Lagos,Surulere Hub,In-Store Retail,Home Appliances,Inverter Split AC 1.5HP (AC-902),2,385000,0.32,522258.66,620000,-97741.34,0,Delivered On-Time
NEX-104807,2025-07-14,Abuja,Maitama Galleria,In-Store Retail,Home Appliances,Digital Microwave Oven 25L,1,115000,0.05,109250.0,85000,24250.0,1,Returned
NEX-104808,2025-06-15,Lagos,Ikeja Mega-Store,Web Direct,Home Appliances,Inverter Split AC 1.5HP (AC-902),1,385000,0.0,385000.0,310000,75000.0,1,Returned
NEX-104809,2025-07-19,Lagos,Ikeja Mega-Store,Web Direct,Computing & Peripherals,1TB NVMe Portable SSD,2,95000,0.0,190000.0,136000,54000.0,0,Delivered On-Time
NEX-104810,2025-06-25,Kano,Bompai Trade Centre,Corporate B2B,Computing & Peripherals,1TB NVMe Portable SSD,2,95000,0.1,171000.0,136000,35000.0,0,Delivered On-Time
NEX-104811,2025-06-23,Lagos,Ikeja Mega-Store,In-Store Retail,Computing & Peripherals,Wireless Mechanical Keyboard,1,65000,0.1,58500.0,42000,16500.0,0,Returned
NEX-104812,2025-06-26,Lagos,Ikeja Mega-Store,Corporate B2B,Computing & Peripherals,27-inch 4K Gaming Monitor,2,310000,0.15,527000.0,470000,57000.0,0,Delivered On-Time
NEX-104813,2025-06-22,Abuja,Maitama Galleria,Web Direct,Consumer Electronics,iPhone 15 Pro Max 256GB,2,1450000,0.0,2900000.0,2300000,600000.0,0,Delivered On-Time
NEX-104814,2025-07-29,Lagos,Ikeja Mega-Store,Corporate B2B,Home Appliances,Digital Microwave Oven 25L,1,115000,0.28,82532.16,85000,-2467.84,0,Delayed Transit
NEX-104815,2025-05-06,Lagos,Surulere Hub,In-Store Retail,Consumer Electronics,Galaxy S24 Ultra 512GB,1,1250000,0.0,1250000.0,950000,300000.0,0,Delayed Transit
NEX-104816,2025-05-17,Kano,Bompai Trade Centre,In-Store Retail,Computing & Peripherals,Wireless Mechanical Keyboard,2,65000,0.0,130000.0,84000,46000.0,0,Fulfilled In-Store
NEX-104817,2025-05-08,Lagos,Surulere Hub,In-Store Retail,Home Appliances,Digital Microwave Oven 25L,2,115000,0.15,195500.0,170000,25500.0,0,Delivered On-Time
NEX-104818,2025-05-27,Port Harcourt,Trans-Amadi Commercial,Mobile App,Home Appliances,Double Door Refrigerator 320L,1,520000,0.05,494000.0,410000,84000.0,0,Delivered On-Time
NEX-104819,2025-07-16,Ibadan,Bodija Outlet,In-Store Retail,Consumer Electronics,iPhone 15 Pro Max 256GB,1,1450000,0.05,1377500.0,1150000,227500.0,0,Delayed Transit
NEX-104820,2025-05-27,Abuja,Central Business District Store,Corporate B2B,Consumer Electronics,Galaxy S24 Ultra 512GB,1,1250000,0.0,1250000.0,950000,300000.0,0,Delivered On-Time
NEX-104821,2025-05-31,Lagos,Ikeja Mega-Store,Corporate B2B,Home Appliances,Inverter Split AC 1.5HP (AC-902),1,385000,0.05,365750.0,310000,55750.0,0,Delivered On-Time
NEX-104822,2025-07-30,Abuja,Maitama Galleria,In-Store Retail,Home Appliances,Digital Microwave Oven 25L,1,115000,0.0,115000.0,85000,30000.0,0,Delivered On-Time
NEX-104823,2025-06-04,Kano,Nasarawa Road Branch,In-Store Retail,Computing & Peripherals,Ergonomic Office Chair Pro,2,185000,0.1,333000.0,260000,73000.0,0,Delayed Transit
NEX-104824,2025-06-25,Ibadan,Ring Road Complex,In-Store Retail,Consumer Electronics,Sony WH-1000XM5 Headphones,1,285000,0.15,242250.0,195000,47250.0,0,Delivered On-Time
NEX-104825,2025-06-13,Lagos,Ikeja Mega-Store,In-Store Retail,Home Appliances,Inverter Split AC 1.5HP (AC-902),2,385000,0.0,770000.0,620000,150000.0,0,Fulfilled In-Store
NEX-104826,2025-06-22,Lagos,Lekki Mall Outlet,Web Direct,Consumer Electronics,Dell XPS 15 Laptop,1,1650000,0.0,1650000.0,1320000,330000.0,0,Delivered On-Time
NEX-104827,2025-06-02,Kano,Nasarawa Road Branch,Corporate B2B,Computing & Peripherals,1TB NVMe Portable SSD,1,95000,0.0,95000.0,68000,27000.0,0,Delayed Transit
NEX-104828,2025-05-09,Abuja,Central Business District Store,In-Store Retail,Home Appliances,Chest Freezer 200L,1,245000,0.0,245000.0,195000,50000.0,0,Delivered On-Time
NEX-104829,2025-05-29,Port Harcourt,GRA Phase 2 Store,Web Direct,Home Appliances,Double Door Refrigerator 320L,1,520000,0.05,494000.0,410000,84000.0,1,Returned
NEX-104830,2025-05-08,Abuja,Maitama Galleria,In-Store Retail,Computing & Peripherals,Logitech MX Master 3S Mouse,1,75000,0.0,75000.0,52000,23000.0,0,Delivered On-Time
NEX-104831,2025-07-31,Lagos,Lekki Mall Outlet,In-Store Retail,Computing & Peripherals,27-inch 4K Gaming Monitor,1,310000,0.0,310000.0,235000,75000.0,0,Delayed Transit
NEX-104832,2025-07-08,Ibadan,Bodija Outlet,In-Store Retail,Consumer Electronics,MacBook Pro 14 M3,1,1850000,0.2,1480000.0,1480000,0.0,0,Delivered On-Time
NEX-104833,2025-05-21,Lagos,Surulere Hub,In-Store Retail,Computing & Peripherals,27-inch 4K Gaming Monitor,2,310000,0.15,527000.0,470000,57000.0,0,Delivered On-Time
NEX-104834,2025-06-18,Ibadan,Bodija Outlet,Corporate B2B,Computing & Peripherals,1TB NVMe Portable SSD,1,95000,0.05,90250.0,68000,22250.0,0,Delivered On-Time
NEX-104835,2025-06-17,Port Harcourt,Trans-Amadi Commercial,Web Direct,Computing & Peripherals,Wireless Mechanical Keyboard,1,65000,0.0,65000.0,42000,23000.0,0,Fulfilled In-Store
NEX-104836,2025-07-20,Abuja,Wuse 2 Retail,In-Store Retail,Home Appliances,Inverter Split AC 1.5HP (AC-902),1,385000,0.15,327250.0,310000,17250.0,0,Delivered On-Time
NEX-104837,2025-05-26,Port Harcourt,Trans-Amadi Commercial,Mobile App,Home Appliances,Chest Freezer 200L,2,245000,0.05,465500.0,390000,75500.0,0,Delivered On-Time
NEX-104838,2025-07-07,Lagos,Ikeja Mega-Store,In-Store Retail,Computing & Peripherals,Logitech MX Master 3S Mouse,2,75000,0.2,120000.0,104000,16000.0,0,Delivered On-Time
NEX-104839,2025-05-29,Kano,Bompai Trade Centre,Web Direct,Consumer Electronics,Galaxy S24 Ultra 512GB,1,1250000,0.05,1187500.0,950000,237500.0,0,Returned
NEX-104840,2025-07-19,Lagos,Lekki Mall Outlet,Web Direct,Computing & Peripherals,Logitech MX Master 3S Mouse,1,75000,0.15,63750.0,52000,11750.0,0,Delivered On-Time
NEX-104841,2025-07-30,Port Harcourt,GRA Phase 2 Store,Mobile App,Consumer Electronics,MacBook Pro 14 M3,2,1850000,0.0,3700000.0,2960000,740000.0,0,Delivered On-Time
NEX-104842,2025-07-22,Port Harcourt,Trans-Amadi Commercial,In-Store Retail,Consumer Electronics,Dell XPS 15 Laptop,1,1650000,0.1,1485000.0,1320000,165000.0,0,Delivered On-Time
NEX-104843,2025-07-23,Abuja,Wuse 2 Retail,In-Store Retail,Home Appliances,Inverter Split AC 1.5HP (AC-902),1,385000,0.15,327250.0,310000,17250.0,0,Fulfilled In-Store
NEX-104844,2025-05-06,Port Harcourt,Trans-Amadi Commercial,Corporate B2B,Consumer Electronics,Galaxy S24 Ultra 512GB,1,1250000,0.0,1250000.0,950000,300000.0,0,Delivered On-Time
NEX-104845,2025-05-01,Lagos,Lekki Mall Outlet,In-Store Retail,Computing & Peripherals,Ergonomic Office Chair Pro,1,185000,0.15,157250.0,130000,27250.0,0,Fulfilled In-Store
NEX-104846,2025-06-19,Port Harcourt,GRA Phase 2 Store,In-Store Retail,Home Appliances,Double Door Refrigerator 320L,1,520000,0.0,520000.0,410000,110000.0,0,Returned
NEX-104847,2025-06-30,Lagos,Lekki Mall Outlet,Corporate B2B,Consumer Electronics,Sony WH-1000XM5 Headphones,2,285000,0.0,570000.0,390000,180000.0,0,Delivered On-Time
NEX-104848,2025-05-09,Abuja,Wuse 2 Retail,Corporate B2B,Computing & Peripherals,Wireless Mechanical Keyboard,4,65000,0.0,260000.0,168000,92000.0,0,Delivered On-Time
NEX-104849,2025-06-13,Lagos,Victoria Island Flagship,Web Direct,Computing & Peripherals,Ergonomic Office Chair Pro,2,185000,0.05,351500.0,260000,91500.0,0,Delivered On-Time
NEX-104850,2025-06-03,Kano,Bompai Trade Centre,In-Store Retail,Home Appliances,Smart Inverter Washing Machine 8kg,2,345000,0.05,655500.0,540000,115500.0,0,Fulfilled In-Store
NEX-104851,2025-05-08,Lagos,Victoria Island Flagship,In-Store Retail,Computing & Peripherals,1TB NVMe Portable SSD,2,95000,0.15,161500.0,136000,25500.0,0,Fulfilled In-Store
NEX-104852,2025-07-23,Kano,Nasarawa Road Branch,In-Store Retail,Consumer Electronics,Dell XPS 15 Laptop,1,1650000,0.05,1567500.0,1320000,247500.0,0,Delivered On-Time
NEX-104853,2025-05-29,Lagos,Surulere Hub,Corporate B2B,Home Appliances,Smart Inverter Washing Machine 8kg,1,345000,0.0,345000.0,270000,75000.0,0,Fulfilled In-Store
NEX-104854,2025-05-17,Abuja,Central Business District Store,In-Store Retail,Home Appliances,Digital Microwave Oven 25L,4,115000,0.0,460000.0,340000,120000.0,0,Delayed Transit
NEX-104855,2025-07-01,Lagos,Victoria Island Flagship,In-Store Retail,Home Appliances,Smart Inverter Washing Machine 8kg,1,345000,0.31,239483.2,270000,-30516.8,0,Delivered On-Time
NEX-104856,2025-07-21,Ibadan,Ring Road Complex,Web Direct,Home Appliances,Chest Freezer 200L,1,245000,0.0,245000.0,195000,50000.0,0,Delayed Transit
NEX-104857,2025-05-22,Lagos,Ikeja Mega-Store,Corporate B2B,Home Appliances,Digital Microwave Oven 25L,1,115000,0.0,115000.0,85000,30000.0,0,Fulfilled In-Store
NEX-104858,2025-06-15,Abuja,Wuse 2 Retail,Web Direct,Computing & Peripherals,27-inch 4K Gaming Monitor,1,310000,0.05,294500.0,235000,59500.0,0,Delivered On-Time
NEX-104859,2025-07-28,Kano,Nasarawa Road Branch,Corporate B2B,Consumer Electronics,MacBook Pro 14 M3,2,1850000,0.05,3515000.0,2960000,555000.0,0,Delayed Transit
NEX-104860,2025-07-06,Abuja,Maitama Galleria,Corporate B2B,Computing & Peripherals,Wireless Mechanical Keyboard,1,65000,0.2,52000.0,42000,10000.0,0,Delivered On-Time
NEX-104861,2025-05-17,Port Harcourt,Trans-Amadi Commercial,Corporate B2B,Consumer Electronics,Dell XPS 15 Laptop,1,1650000,0.0,1650000.0,1320000,330000.0,0,Fulfilled In-Store
NEX-104862,2025-05-08,Lagos,Lekki Mall Outlet,Corporate B2B,Computing & Peripherals,27-inch 4K Gaming Monitor,1,310000,0.0,310000.0,235000,75000.0,0,Delayed Transit
NEX-104863,2025-07-20,Abuja,Wuse 2 Retail,Web Direct,Consumer Electronics,Dell XPS 15 Laptop,2,1650000,0.0,3300000.0,2640000,660000.0,0,Fulfilled In-Store
NEX-104864,2025-07-24,Lagos,Victoria Island Flagship,In-Store Retail,Home Appliances,Inverter Split AC 1.5HP (AC-902),1,385000,0.32,260050.91,310000,-49949.09,0,Delivered On-Time
NEX-104865,2025-07-08,Lagos,Surulere Hub,In-Store Retail,Home Appliances,Double Door Refrigerator 320L,1,520000,0.33,348983.0,410000,-61017.0,0,Delivered On-Time
NEX-104866,2025-05-11,Lagos,Surulere Hub,In-Store Retail,Home Appliances,Inverter Split AC 1.5HP (AC-902),1,385000,0.2,308000.0,310000,-2000.0,0,Delivered On-Time
NEX-104867,2025-05-16,Lagos,Surulere Hub,Corporate B2B,Computing & Peripherals,27-inch 4K Gaming Monitor,1,310000,0.0,310000.0,235000,75000.0,0,Delivered On-Time
NEX-104868,2025-07-09,Abuja,Wuse 2 Retail,Web Direct,Home Appliances,Digital Microwave Oven 25L,2,115000,0.0,230000.0,170000,60000.0,0,Delivered On-Time
NEX-104869,2025-05-18,Lagos,Surulere Hub,Web Direct,Computing & Peripherals,Wireless Mechanical Keyboard,1,65000,0.05,61750.0,42000,19750.0,0,Fulfilled In-Store
NEX-104870,2025-07-10,Lagos,Ikeja Mega-Store,Mobile App,Home Appliances,Inverter Split AC 1.5HP (AC-902),1,385000,0.32,260139.79,310000,-49860.21,0,Delivered On-Time
NEX-104871,2025-07-13,Lagos,Victoria Island Flagship,In-Store Retail,Computing & Peripherals,Ergonomic Office Chair Pro,1,185000,0.0,185000.0,130000,55000.0,0,Delivered On-Time
NEX-104872,2025-07-04,Lagos,Ikeja Mega-Store,Corporate B2B,Consumer Electronics,MacBook Pro 14 M3,2,1850000,0.0,3700000.0,2960000,740000.0,0,Delivered On-Time
NEX-104873,2025-06-04,Lagos,Lekki Mall Outlet,In-Store Retail,Consumer Electronics,Galaxy S24 Ultra 512GB,1,1250000,0.0,1250000.0,950000,300000.0,0,Fulfilled In-Store
NEX-104874,2025-05-09,Abuja,Wuse 2 Retail,In-Store Retail,Home Appliances,Inverter Split AC 1.5HP (AC-902),2,385000,0.2,616000.0,620000,-4000.0,0,Delivered On-Time
NEX-104875,2025-06-28,Abuja,Maitama Galleria,Mobile App,Computing & Peripherals,Wireless Mechanical Keyboard,2,65000,0.0,130000.0,84000,46000.0,0,Fulfilled In-Store
NEX-104876,2025-06-08,Lagos,Victoria Island Flagship,In-Store Retail,Home Appliances,Double Door Refrigerator 320L,1,520000,0.2,416000.0,410000,6000.0,0,Returned
NEX-104877,2025-06-01,Lagos,Victoria Island Flagship,Corporate B2B,Consumer Electronics,Galaxy S24 Ultra 512GB,1,1250000,0.0,1250000.0,950000,300000.0,0,Delivered On-Time
NEX-104878,2025-06-11,Port Harcourt,GRA Phase 2 Store,In-Store Retail,Computing & Peripherals,1TB NVMe Portable SSD,1,95000,0.05,90250.0,68000,22250.0,0,Delivered On-Time
NEX-104879,2025-05-06,Lagos,Surulere Hub,In-Store Retail,Home Appliances,Chest Freezer 200L,1,245000,0.0,245000.0,195000,50000.0,0,Delivered On-Time
NEX-104880,2025-05-09,Kano,Nasarawa Road Branch,In-Store Retail,Home Appliances,Digital Microwave Oven 25L,2,115000,0.15,195500.0,170000,25500.0,0,Fulfilled In-Store
NEX-104881,2025-07-18,Abuja,Wuse 2 Retail,Corporate B2B,Consumer Electronics,Sony WH-1000XM5 Headphones,1,285000,0.0,285000.0,195000,90000.0,0,Fulfilled In-Store
NEX-104882,2025-07-25,Lagos,Lekki Mall Outlet,Corporate B2B,Computing & Peripherals,27-inch 4K Gaming Monitor,1,310000,0.0,310000.0,235000,75000.0,0,Fulfilled In-Store
NEX-104883,2025-06-22,Kano,Nasarawa Road Branch,Web Direct,Computing & Peripherals,27-inch 4K Gaming Monitor,1,310000,0.1,279000.0,235000,44000.0,1,Returned
NEX-104884,2025-07-14,Lagos,Victoria Island Flagship,Corporate B2B,Consumer Electronics,Dell XPS 15 Laptop,2,1650000,0.0,3300000.0,2640000,660000.0,0,Delivered On-Time
NEX-104885,2025-07-20,Lagos,Surulere Hub,Web Direct,Home Appliances,Chest Freezer 200L,3,245000,0.29,524808.12,585000,-60191.88,0,Delivered On-Time
NEX-104886,2025-07-01,Lagos,Ikeja Mega-Store,In-Store Retail,Consumer Electronics,iPhone 15 Pro Max 256GB,1,1450000,0.1,1305000.0,1150000,155000.0,0,Delivered On-Time
NEX-104887,2025-07-16,Kano,Nasarawa Road Branch,In-Store Retail,Consumer Electronics,MacBook Pro 14 M3,1,1850000,0.15,1572500.0,1480000,92500.0,0,Delivered On-Time
NEX-104888,2025-06-25,Abuja,Central Business District Store,Web Direct,Home Appliances,Chest Freezer 200L,1,245000,0.0,245000.0,195000,50000.0,0,Returned
NEX-104889,2025-05-04,Lagos,Lekki Mall Outlet,Web Direct,Computing & Peripherals,Ergonomic Office Chair Pro,2,185000,0.05,351500.0,260000,91500.0,0,Delayed Transit
NEX-104890,2025-05-26,Lagos,Lekki Mall Outlet,In-Store Retail,Consumer Electronics,Sony WH-1000XM5 Headphones,1,285000,0.0,285000.0,195000,90000.0,0,Delivered On-Time
NEX-104891,2025-05-14,Lagos,Lekki Mall Outlet,In-Store Retail,Home Appliances,Chest Freezer 200L,1,245000,0.05,232750.0,195000,37750.0,0,Delivered On-Time
NEX-104892,2025-07-27,Abuja,Wuse 2 Retail,Mobile App,Computing & Peripherals,Logitech MX Master 3S Mouse,2,75000,0.2,120000.0,104000,16000.0,0,Delayed Transit
NEX-104893,2025-07-17,Kano,Nasarawa Road Branch,In-Store Retail,Consumer Electronics,Sony WH-1000XM5 Headphones,1,285000,0.0,285000.0,195000,90000.0,0,Delivered On-Time
NEX-104894,2025-06-17,Ibadan,Bodija Outlet,Web Direct,Consumer Electronics,Sony WH-1000XM5 Headphones,1,285000,0.05,270750.0,195000,75750.0,1,Returned
NEX-104895,2025-05-10,Lagos,Ikeja Mega-Store,In-Store Retail,Consumer Electronics,MacBook Pro 14 M3,3,1850000,0.1,4995000.0,4440000,555000.0,0,Delayed Transit
NEX-104896,2025-05-03,Abuja,Maitama Galleria,In-Store Retail,Home Appliances,Smart Inverter Washing Machine 8kg,1,345000,0.2,276000.0,270000,6000.0,0,Fulfilled In-Store
NEX-104897,2025-07-03,Lagos,Ikeja Mega-Store,In-Store Retail,Computing & Peripherals,Logitech MX Master 3S Mouse,1,75000,0.0,75000.0,52000,23000.0,0,Delivered On-Time
NEX-104898,2025-07-20,Ibadan,Ring Road Complex,In-Store Retail,Consumer Electronics,MacBook Pro 14 M3,4,1850000,0.1,6660000.0,5920000,740000.0,0,Delayed Transit
NEX-104899,2025-07-11,Abuja,Wuse 2 Retail,Web Direct,Computing & Peripherals,1TB NVMe Portable SSD,1,95000,0.1,85500.0,68000,17500.0,0,Delivered On-Time
NEX-104900,2025-06-03,Lagos,Lekki Mall Outlet,In-Store Retail,Consumer Electronics,Sony WH-1000XM5 Headphones,1,285000,0.0,285000.0,195000,90000.0,0,Delivered On-Time
NEX-104901,2025-06-12,Kano,Bompai Trade Centre,Corporate B2B,Computing & Peripherals,Ergonomic Office Chair Pro,1,185000,0.15,157250.0,130000,27250.0,0,Delivered On-Time
NEX-104902,2025-07-12,Lagos,Ikeja Mega-Store,In-Store Retail,Computing & Peripherals,1TB NVMe Portable SSD,1,95000,0.0,95000.0,68000,27000.0,0,Delivered On-Time
NEX-104903,2025-07-27,Lagos,Lekki Mall Outlet,In-Store Retail,Computing & Peripherals,Ergonomic Office Chair Pro,1,185000,0.15,157250.0,130000,27250.0,0,Fulfilled In-Store
NEX-104904,2025-05-06,Lagos,Victoria Island Flagship,Web Direct,Consumer Electronics,Dell XPS 15 Laptop,1,1650000,0.2,1320000.0,1320000,0.0,0,Delayed Transit
NEX-104905,2025-07-15,Ibadan,Bodija Outlet,Corporate B2B,Computing & Peripherals,Ergonomic Office Chair Pro,1,185000,0.1,166500.0,130000,36500.0,0,Fulfilled In-Store
NEX-104906,2025-07-09,Lagos,Surulere Hub,In-Store Retail,Home Appliances,Digital Microwave Oven 25L,1,115000,0.29,81850.7,85000,-3149.3,0,Returned
NEX-104907,2025-07-11,Lagos,Lekki Mall Outlet,Web Direct,Consumer Electronics,Galaxy S24 Ultra 512GB,1,1250000,0.05,1187500.0,950000,237500.0,0,Delivered On-Time
NEX-104908,2025-05-25,Lagos,Ikeja Mega-Store,Web Direct,Home Appliances,Inverter Split AC 1.5HP (AC-902),3,385000,0.0,1155000.0,930000,225000.0,1,Returned
NEX-104909,2025-05-13,Lagos,Surulere Hub,In-Store Retail,Consumer Electronics,Galaxy S24 Ultra 512GB,1,1250000,0.0,1250000.0,950000,300000.0,0,Delivered On-Time
NEX-104910,2025-07-24,Lagos,Victoria Island Flagship,Web Direct,Computing & Peripherals,Ergonomic Office Chair Pro,1,185000,0.0,185000.0,130000,55000.0,0,Delivered On-Time
NEX-104911,2025-07-26,Lagos,Lekki Mall Outlet,In-Store Retail,Consumer Electronics,Dell XPS 15 Laptop,1,1650000,0.0,1650000.0,1320000,330000.0,0,Delivered On-Time
NEX-104912,2025-06-04,Lagos,Victoria Island Flagship,Web Direct,Computing & Peripherals,1TB NVMe Portable SSD,1,95000,0.0,95000.0,68000,27000.0,0,Delivered On-Time
NEX-104913,2025-05-25,Abuja,Central Business District Store,In-Store Retail,Computing & Peripherals,Ergonomic Office Chair Pro,1,185000,0.1,166500.0,130000,36500.0,0,Delivered On-Time
NEX-104914,2025-06-09,Abuja,Central Business District Store,In-Store Retail,Computing & Peripherals,27-inch 4K Gaming Monitor,1,310000,0.1,279000.0,235000,44000.0,0,Delivered On-Time
NEX-104915,2025-07-26,Lagos,Ikeja Mega-Store,In-Store Retail,Home Appliances,Digital Microwave Oven 25L,5,115000,0.34,381594.3,425000,-43405.7,0,Fulfilled In-Store
NEX-104916,2025-07-21,Lagos,Ikeja Mega-Store,In-Store Retail,Computing & Peripherals,Wireless Mechanical Keyboard,1,65000,0.05,61750.0,42000,19750.0,0,Delivered On-Time
NEX-104917,2025-06-18,Lagos,Lekki Mall Outlet,Web Direct,Home Appliances,Digital Microwave Oven 25L,3,115000,0.0,345000.0,255000,90000.0,0,Delayed Transit
NEX-104918,2025-05-25,Lagos,Lekki Mall Outlet,In-Store Retail,Consumer Electronics,MacBook Pro 14 M3,1,1850000,0.15,1572500.0,1480000,92500.0,0,Delivered On-Time
NEX-104919,2025-07-02,Lagos,Ikeja Mega-Store,In-Store Retail,Consumer Electronics,Dell XPS 15 Laptop,1,1650000,0.15,1402500.0,1320000,82500.0,0,Delayed Transit
NEX-104920,2025-06-13,Port Harcourt,Trans-Amadi Commercial,In-Store Retail,Computing & Peripherals,Ergonomic Office Chair Pro,1,185000,0.05,175750.0,130000,45750.0,0,Delivered On-Time
NEX-104921,2025-05-20,Lagos,Surulere Hub,In-Store Retail,Consumer Electronics,Galaxy S24 Ultra 512GB,2,1250000,0.05,2375000.0,1900000,475000.0,0,Returned
NEX-104922,2025-05-16,Ibadan,Bodija Outlet,Web Direct,Home Appliances,Digital Microwave Oven 25L,3,115000,0.05,327750.0,255000,72750.0,0,Delayed Transit
NEX-104923,2025-05-11,Lagos,Lekki Mall Outlet,In-Store Retail,Home Appliances,Chest Freezer 200L,1,245000,0.2,196000.0,195000,1000.0,0,Delayed Transit
NEX-104924,2025-06-02,Lagos,Lekki Mall Outlet,In-Store Retail,Consumer Electronics,Sony WH-1000XM5 Headphones,1,285000,0.05,270750.0,195000,75750.0,0,Fulfilled In-Store
NEX-104925,2025-07-01,Kano,Nasarawa Road Branch,Web Direct,Consumer Electronics,iPhone 15 Pro Max 256GB,1,1450000,0.0,1450000.0,1150000,300000.0,0,Fulfilled In-Store
NEX-104926,2025-05-23,Lagos,Ikeja Mega-Store,Web Direct,Consumer Electronics,MacBook Pro 14 M3,1,1850000,0.0,1850000.0,1480000,370000.0,0,Delivered On-Time
NEX-104927,2025-05-15,Ibadan,Ring Road Complex,In-Store Retail,Home Appliances,Digital Microwave Oven 25L,1,115000,0.0,115000.0,85000,30000.0,0,Delivered On-Time
NEX-104928,2025-05-18,Lagos,Ikeja Mega-Store,In-Store Retail,Consumer Electronics,Galaxy S24 Ultra 512GB,1,1250000,0.0,1250000.0,950000,300000.0,0,Fulfilled In-Store
NEX-104929,2025-05-24,Lagos,Victoria Island Flagship,In-Store Retail,Home Appliances,Chest Freezer 200L,1,245000,0.05,232750.0,195000,37750.0,0,Delivered On-Time
NEX-104930,2025-07-24,Kano,Nasarawa Road Branch,Web Direct,Home Appliances,Digital Microwave Oven 25L,1,115000,0.05,109250.0,85000,24250.0,0,Delayed Transit
NEX-104931,2025-07-12,Abuja,Wuse 2 Retail,Mobile App,Home Appliances,Chest Freezer 200L,1,245000,0.2,196000.0,195000,1000.0,0,Delayed Transit
NEX-104932,2025-06-14,Lagos,Surulere Hub,Web Direct,Home Appliances,Inverter Split AC 1.5HP (AC-902),1,385000,0.0,385000.0,310000,75000.0,0,Delayed Transit
NEX-104933,2025-06-07,Abuja,Maitama Galleria,In-Store Retail,Computing & Peripherals,Logitech MX Master 3S Mouse,2,75000,0.0,150000.0,104000,46000.0,0,Delivered On-Time
NEX-104934,2025-05-06,Lagos,Ikeja Mega-Store,Web Direct,Home Appliances,Digital Microwave Oven 25L,1,115000,0.05,109250.0,85000,24250.0,0,Delayed Transit
NEX-104935,2025-05-17,Lagos,Ikeja Mega-Store,In-Store Retail,Home Appliances,Inverter Split AC 1.5HP (AC-902),2,385000,0.0,770000.0,620000,150000.0,0,Delivered On-Time
NEX-104936,2025-07-12,Port Harcourt,GRA Phase 2 Store,Web Direct,Consumer Electronics,iPhone 15 Pro Max 256GB,2,1450000,0.0,2900000.0,2300000,600000.0,0,Delivered On-Time
NEX-104937,2025-06-22,Kano,Nasarawa Road Branch,In-Store Retail,Home Appliances,Chest Freezer 200L,2,245000,0.05,465500.0,390000,75500.0,0,Fulfilled In-Store
NEX-104938,2025-06-22,Abuja,Central Business District Store,In-Store Retail,Consumer Electronics,Dell XPS 15 Laptop,5,1650000,0.1,7425000.0,6600000,825000.0,0,Fulfilled In-Store
NEX-104939,2025-05-15,Lagos,Surulere Hub,Web Direct,Home Appliances,Double Door Refrigerator 320L,1,520000,0.0,520000.0,410000,110000.0,0,Delivered On-Time
NEX-104940,2025-07-22,Lagos,Surulere Hub,In-Store Retail,Home Appliances,Smart Inverter Washing Machine 8kg,1,345000,0.32,234489.36,270000,-35510.64,0,Fulfilled In-Store
NEX-104941,2025-06-13,Port Harcourt,Trans-Amadi Commercial,Web Direct,Computing & Peripherals,1TB NVMe Portable SSD,2,95000,0.0,190000.0,136000,54000.0,0,Delivered On-Time
NEX-104942,2025-07-10,Abuja,Central Business District Store,Web Direct,Consumer Electronics,MacBook Pro 14 M3,1,1850000,0.05,1757500.0,1480000,277500.0,0,Fulfilled In-Store
NEX-104943,2025-07-03,Abuja,Wuse 2 Retail,In-Store Retail,Consumer Electronics,Galaxy S24 Ultra 512GB,1,1250000,0.05,1187500.0,950000,237500.0,0,Delivered On-Time
NEX-104944,2025-06-02,Lagos,Lekki Mall Outlet,Mobile App,Home Appliances,Chest Freezer 200L,2,245000,0.0,490000.0,390000,100000.0,0,Delivered On-Time
NEX-104945,2025-06-09,Abuja,Maitama Galleria,Corporate B2B,Computing & Peripherals,Logitech MX Master 3S Mouse,1,75000,0.05,71250.0,52000,19250.0,0,Delivered On-Time
NEX-104946,2025-05-22,Port Harcourt,Trans-Amadi Commercial,Web Direct,Home Appliances,Digital Microwave Oven 25L,1,115000,0.05,109250.0,85000,24250.0,0,Delivered On-Time
NEX-104947,2025-06-07,Lagos,Victoria Island Flagship,In-Store Retail,Consumer Electronics,iPhone 15 Pro Max 256GB,1,1450000,0.05,1377500.0,1150000,227500.0,0,Fulfilled In-Store
NEX-104948,2025-07-06,Lagos,Surulere Hub,In-Store Retail,Home Appliances,Inverter Split AC 1.5HP (AC-902),2,385000,0.36,493482.22,620000,-126517.78,0,Fulfilled In-Store
NEX-104949,2025-07-21,Lagos,Surulere Hub,Web Direct,Computing & Peripherals,27-inch 4K Gaming Monitor,2,310000,0.05,589000.0,470000,119000.0,0,Delivered On-Time
NEX-104950,2025-06-26,Abuja,Maitama Galleria,Web Direct,Home Appliances,Smart Inverter Washing Machine 8kg,4,345000,0.0,1380000.0,1080000,300000.0,1,Returned
NEX-104951,2025-05-14,Port Harcourt,Trans-Amadi Commercial,In-Store Retail,Home Appliances,Double Door Refrigerator 320L,4,520000,0.05,1976000.0,1640000,336000.0,0,Delivered On-Time
NEX-104952,2025-07-20,Abuja,Maitama Galleria,In-Store Retail,Consumer Electronics,MacBook Pro 14 M3,1,1850000,0.0,1850000.0,1480000,370000.0,0,Fulfilled In-Store
NEX-104953,2025-05-21,Lagos,Ikeja Mega-Store,In-Store Retail,Home Appliances,Chest Freezer 200L,1,245000,0.0,245000.0,195000,50000.0,0,Delivered On-Time
NEX-104954,2025-05-20,Port Harcourt,Trans-Amadi Commercial,In-Store Retail,Home Appliances,Double Door Refrigerator 320L,1,520000,0.0,520000.0,410000,110000.0,0,Delivered On-Time
NEX-104955,2025-05-07,Lagos,Ikeja Mega-Store,In-Store Retail,Computing & Peripherals,Logitech MX Master 3S Mouse,1,75000,0.0,75000.0,52000,23000.0,0,Delayed Transit
NEX-104956,2025-07-27,Lagos,Lekki Mall Outlet,Web Direct,Home Appliances,Inverter Split AC 1.5HP (AC-902),1,385000,0.33,259820.49,310000,-50179.51,0,Delivered On-Time
NEX-104957,2025-05-05,Lagos,Victoria Island Flagship,Mobile App,Consumer Electronics,Dell XPS 15 Laptop,1,1650000,0.1,1485000.0,1320000,165000.0,0,Delivered On-Time
NEX-104958,2025-05-23,Lagos,Ikeja Mega-Store,In-Store Retail,Home Appliances,Inverter Split AC 1.5HP (AC-902),1,385000,0.05,365750.0,310000,55750.0,0,Delivered On-Time
NEX-104959,2025-06-12,Kano,Bompai Trade Centre,In-Store Retail,Home Appliances,Double Door Refrigerator 320L,1,520000,0.0,520000.0,410000,110000.0,0,Delivered On-Time
NEX-104960,2025-05-04,Port Harcourt,GRA Phase 2 Store,In-Store Retail,Computing & Peripherals,Logitech MX Master 3S Mouse,1,75000,0.1,67500.0,52000,15500.0,0,Fulfilled In-Store
NEX-104961,2025-06-22,Lagos,Victoria Island Flagship,In-Store Retail,Home Appliances,Inverter Split AC 1.5HP (AC-902),1,385000,0.1,346500.0,310000,36500.0,0,Delayed Transit
NEX-104962,2025-06-30,Abuja,Central Business District Store,Corporate B2B,Home Appliances,Inverter Split AC 1.5HP (AC-902),1,385000,0.0,385000.0,310000,75000.0,0,Fulfilled In-Store
NEX-104963,2025-07-26,Port Harcourt,Trans-Amadi Commercial,Corporate B2B,Consumer Electronics,Galaxy S24 Ultra 512GB,1,1250000,0.0,1250000.0,950000,300000.0,0,Delivered On-Time
NEX-104964,2025-07-27,Lagos,Surulere Hub,In-Store Retail,Consumer Electronics,iPhone 15 Pro Max 256GB,1,1450000,0.0,1450000.0,1150000,300000.0,0,Delivered On-Time
NEX-104965,2025-06-12,Kano,Nasarawa Road Branch,Web Direct,Home Appliances,Smart Inverter Washing Machine 8kg,1,345000,0.1,310500.0,270000,40500.0,1,Returned
NEX-104966,2025-06-20,Ibadan,Bodija Outlet,Web Direct,Computing & Peripherals,Logitech MX Master 3S Mouse,4,75000,0.15,255000.0,208000,47000.0,0,Delivered On-Time
NEX-104967,2025-05-16,Lagos,Victoria Island Flagship,In-Store Retail,Home Appliances,Double Door Refrigerator 320L,1,520000,0.05,494000.0,410000,84000.0,0,Delivered On-Time
NEX-104968,2025-06-16,Kano,Nasarawa Road Branch,In-Store Retail,Home Appliances,Digital Microwave Oven 25L,1,115000,0.0,115000.0,85000,30000.0,0,Fulfilled In-Store
NEX-104969,2025-06-20,Abuja,Wuse 2 Retail,In-Store Retail,Home Appliances,Chest Freezer 200L,1,245000,0.0,245000.0,195000,50000.0,0,Delivered On-Time
NEX-104970,2025-05-15,Kano,Nasarawa Road Branch,In-Store Retail,Home Appliances,Smart Inverter Washing Machine 8kg,1,345000,0.0,345000.0,270000,75000.0,0,Delivered On-Time
NEX-104971,2025-07-24,Abuja,Maitama Galleria,In-Store Retail,Consumer Electronics,MacBook Pro 14 M3,1,1850000,0.0,1850000.0,1480000,370000.0,0,Fulfilled In-Store
NEX-104972,2025-05-05,Lagos,Surulere Hub,In-Store Retail,Consumer Electronics,Dell XPS 15 Laptop,2,1650000,0.05,3135000.0,2640000,495000.0,0,Returned
NEX-104973,2025-06-03,Lagos,Ikeja Mega-Store,Corporate B2B,Home Appliances,Double Door Refrigerator 320L,1,520000,0.15,442000.0,410000,32000.0,0,Delayed Transit
NEX-104974,2025-06-28,Kano,Nasarawa Road Branch,In-Store Retail,Consumer Electronics,MacBook Pro 14 M3,1,1850000,0.1,1665000.0,1480000,185000.0,0,Fulfilled In-Store
NEX-104975,2025-05-24,Ibadan,Bodija Outlet,In-Store Retail,Home Appliances,Smart Inverter Washing Machine 8kg,5,345000,0.1,1552500.0,1350000,202500.0,1,Returned
NEX-104976,2025-06-15,Kano,Nasarawa Road Branch,Web Direct,Consumer Electronics,Sony WH-1000XM5 Headphones,1,285000,0.0,285000.0,195000,90000.0,0,Fulfilled In-Store
NEX-104977,2025-07-26,Lagos,Ikeja Mega-Store,Corporate B2B,Consumer Electronics,Sony WH-1000XM5 Headphones,1,285000,0.0,285000.0,195000,90000.0,0,Delayed Transit
NEX-104978,2025-07-27,Abuja,Wuse 2 Retail,In-Store Retail,Computing & Peripherals,Ergonomic Office Chair Pro,3,185000,0.1,499500.0,390000,109500.0,0,Fulfilled In-Store
NEX-104979,2025-05-19,Kano,Nasarawa Road Branch,Web Direct,Consumer Electronics,Dell XPS 15 Laptop,1,1650000,0.1,1485000.0,1320000,165000.0,0,Fulfilled In-Store
NEX-104980,2025-05-12,Abuja,Maitama Galleria,Web Direct,Consumer Electronics,iPhone 15 Pro Max 256GB,1,1450000,0.15,1232500.0,1150000,82500.0,0,Fulfilled In-Store
NEX-104981,2025-07-06,Ibadan,Ring Road Complex,In-Store Retail,Consumer Electronics,Sony WH-1000XM5 Headphones,1,285000,0.0,285000.0,195000,90000.0,0,Delivered On-Time
NEX-104982,2025-07-05,Lagos,Victoria Island Flagship,In-Store Retail,Consumer Electronics,Sony WH-1000XM5 Headphones,2,285000,0.0,570000.0,390000,180000.0,0,Delivered On-Time
NEX-104983,2025-06-19,Lagos,Surulere Hub,In-Store Retail,Computing & Peripherals,27-inch 4K Gaming Monitor,1,310000,0.0,310000.0,235000,75000.0,0,Delivered On-Time
NEX-104984,2025-05-31,Lagos,Ikeja Mega-Store,In-Store Retail,Consumer Electronics,Sony WH-1000XM5 Headphones,5,285000,0.0,1425000.0,975000,450000.0,0,Delivered On-Time
NEX-104985,2025-05-03,Lagos,Ikeja Mega-Store,Web Direct,Computing & Peripherals,27-inch 4K Gaming Monitor,1,310000,0.0,310000.0,235000,75000.0,0,Delivered On-Time
NEX-104986,2025-07-27,Lagos,Surulere Hub,In-Store Retail,Consumer Electronics,Sony WH-1000XM5 Headphones,2,285000,0.0,570000.0,390000,180000.0,0,Delivered On-Time
NEX-104987,2025-06-22,Ibadan,Bodija Outlet,Corporate B2B,Home Appliances,Smart Inverter Washing Machine 8kg,1,345000,0.1,310500.0,270000,40500.0,0,Delivered On-Time
NEX-104988,2025-06-01,Port Harcourt,GRA Phase 2 Store,Mobile App,Computing & Peripherals,1TB NVMe Portable SSD,2,95000,0.05,180500.0,136000,44500.0,0,Delivered On-Time
NEX-104989,2025-07-26,Abuja,Wuse 2 Retail,In-Store Retail,Computing & Peripherals,Ergonomic Office Chair Pro,1,185000,0.0,185000.0,130000,55000.0,0,Delivered On-Time
NEX-104990,2025-05-10,Abuja,Central Business District Store,Web Direct,Computing & Peripherals,27-inch 4K Gaming Monitor,1,310000,0.05,294500.0,235000,59500.0,0,Delivered On-Time
NEX-104991,2025-05-27,Lagos,Victoria Island Flagship,In-Store Retail,Home Appliances,Smart Inverter Washing Machine 8kg,1,345000,0.0,345000.0,270000,75000.0,0,Delayed Transit
NEX-104992,2025-05-18,Lagos,Victoria Island Flagship,Corporate B2B,Computing & Peripherals,Logitech MX Master 3S Mouse,1,75000,0.15,63750.0,52000,11750.0,0,Delivered On-Time
NEX-104993,2025-06-14,Lagos,Lekki Mall Outlet,In-Store Retail,Consumer Electronics,Sony WH-1000XM5 Headphones,1,285000,0.05,270750.0,195000,75750.0,0,Delivered On-Time
NEX-104994,2025-06-26,Lagos,Ikeja Mega-Store,In-Store Retail,Computing & Peripherals,Logitech MX Master 3S Mouse,1,75000,0.1,67500.0,52000,15500.0,0,Delivered On-Time
NEX-104995,2025-05-01,Abuja,Central Business District Store,Corporate B2B,Home Appliances,Chest Freezer 200L,2,245000,0.15,416500.0,390000,26500.0,0,Delivered On-Time
NEX-104996,2025-06-24,Port Harcourt,GRA Phase 2 Store,Mobile App,Home Appliances,Digital Microwave Oven 25L,1,115000,0.0,115000.0,85000,30000.0,0,Delivered On-Time
NEX-104997,2025-06-09,Kano,Bompai Trade Centre,In-Store Retail,Computing & Peripherals,27-inch 4K Gaming Monitor,1,310000,0.0,310000.0,235000,75000.0,0,Delayed Transit
NEX-104998,2025-06-28,Lagos,Ikeja Mega-Store,Web Direct,Consumer Electronics,Dell XPS 15 Laptop,1,1650000,0.0,1650000.0,1320000,330000.0,0,Fulfilled In-Store
NEX-104999,2025-06-22,Ibadan,Bodija Outlet,Web Direct,Computing & Peripherals,1TB NVMe Portable SSD,1,95000,0.15,80750.0,68000,12750.0,0,Delivered On-Time
